"id","Age_1","Gender_1","High.School.Mark_1","MARS.S.Matrix_1","MARS.S.Matrix_2","MARS.S.Matrix_3","MARS.S.Matrix_4","MARS.S.Matrix_5","MARS.S.Matrix_6","MARS.S.Matrix_7","MARS.S.Matrix_8","MARS.S.Matrix_9","MARS.S.Matrix_10","MARS.S.Matrix_11","MARS.S.Matrix_12","MARS.S.Matrix_13","MARS.S.Matrix_14","MARS.S.Matrix_15","MARS.S.Matrix_16","MARS.S.Matrix_17","MARS.S.Matrix_18","MARS.S.Matrix_19","MARS.S.Matrix_20","MARS.S.Matrix_21","MARS.S.Matrix_22","MARS.S.Matrix_23","MARS.S.Matrix_24","MARS.S.Matrix_25","MARS.S.Matrix_26","MARS.S.Matrix_27","MARS.S.Matrix_28","MARS.S.Matrix_29","MARS.S.Matrix_30","MARS.S.Matrix_31","AMS.Matrix_1","AMS.Matrix_2","AMS.Matrix_3","AMS.Matrix_4","AMS.Matrix_5","AMS.Matrix_6","AMS.Matrix_7","AMS.Matrix_8","AMS.Matrix_9","AMS.Matrix_10","AMS.Matrix_11","AMS.Matrix_12","AMS.Matrix_13","AMS.Matrix_14","AMS.Matrix_15","AMS.Matrix_16","AMS.Matrix_17","AMS.Matrix_18","AMS.Matrix_19","AMS.Matrix_20","AMS.Matrix_21","AMS.Matrix_22","AMS.Matrix_23","AMS.Matrix_24","AMS.Matrix_25","AMS.Matrix_26","AMS.Matrix_27","AMS.Matrix_28","TAI.Matrix_1","TAI.Matrix_2","TAI.Matrix_3","TAI.Matrix_4","TAI.Matrix_5","TAI.Matrix_6","TAI.Matrix_7","TAI.Matrix_8","TAI.Matrix_9","TAI.Matrix_10","TAI.Matrix_11","TAI.Matrix_12","TAI.Matrix_13","TAI.Matrix_14","TAI.Matrix_15","TAI.Matrix_16","TAI.Matrix_17","TAI.Matrix_18","TAI.Matrix_19","TAI.Matrix_20","TAI.Matrix_21","BAI.Matrix_1","BAI.Matrix_2","BAI.Matrix_3","BAI.Matrix_4","BAI.Matrix_5","BAI.Matrix_6","BAI.Matrix_7","BAI.Matrix_8","BAI.Matrix_9","BAI.Matrix_10","BAI.Matrix_11","BAI.Matrix_12","BAI.Matrix_13","BAI.Matrix_14","BAI.Matrix_15","BAI.Matrix_16","BAI.Matrix_17","BAI.Matrix_18","BAI.Matrix_19","BAI.Matrix_20","BAI.Matrix_21","PSWQ.Matrix_1","PSWQ.Matrix_2","PSWQ.Matrix_3","PSWQ.Matrix_4","PSWQ.Matrix_5","PSWQ.Matrix_6","PSWQ.Matrix_7","PSWQ.Matrix_8","PSWQ.Matrix_9","PSWQ.Matrix_10","PSWQ.Matrix_11","PSWQ.Matrix_12","PSWQ.Matrix_13","PSWQ.Matrix_14","PSWQ.Matrix_15","PSWQ.Matrix_16","PSWQ.Matrix_17","MEQ.Teacher.Block.Q1","MEQ.Teacher.Block.Q2","MEQ.Teacher.Block.Q3","MEQ.Teacher.Block.Q4","MEQ.Teacher.Block.Q5","MEQ.Teacher.Block.Q6","MEQ.Teacher.Block.Q7","MEQ.Teacher.Block.Q8","MEQ.Teacher.Block.Q9","MEQ.Teacher.Block.Q10","MEQ.Teacher.Block.Q11","MEQ.Teacher.Block.Q12","MEQ.Teacher.Block.Q13","MEQ.Teacher.Block.Q14","MEQ.Teacher.Block.Q15","MEQ.Teacher.Block.Q16","MEQ.Teacher.Block.Q17","MEQ.Teacher.Block.Q18","MEQ.Teacher.Block.Q19","MEQ.Teacher.Block.Q20","MEQ.Teacher.Block.Q21","MEQ.Teacher.Block.Q22","MEQ.Teacher.Block.Q23","MEQ.Teacher.Block.Q24","MEQ.Teacher.Block.Q25","MEQ.Teacher.Block.Q26","MEQ.Parent.Block.Q1","MEQ.Parent.Block.Q2","MEQ.Parent.Block.Q3","MEQ.Parent.Block.Q4","MEQ.Parent.Block.Q5","MEQ.Parent.Block.Q6","MEQ.Parent.Block.Q7","MEQ.Parent.Block.Q8","MEQ.Parent.Block.Q9","MEQ.Parent.Block.Q10","MEQ.Parent.Block.Q11","MEQ.Parent.Block.Q12","MEQ.Peer.Block.Q1","MEQ.Peer.Block.Q2","MEQ.Peer.Block.Q3","MEQ.Peer.Block.Q4","MEQ.Peer.Block.Q5","MEQ.Peer.Block.Q6","MEQ.Peer.Block.Q7","MEQ.Peer.Block.Q8","MEQ.Peer.Block.Q9","Participation.vs.Obs","Participation"
"6212","22","female","85","Much","Much","Much","Very much","Very much","A fair amount","Much","A little","Much","Much","A little","Much","A fair amount","Much","Very much","Much","Not at all","Not at all","Not at all","Not at all","Not at all","A little","A little","A fair amount","Much","A fair amount","Not at all","Much","Not at all","Much","Not at all","6","6","7 - Corresponds exactly","1 - Does not correspond at all","1 - Does not correspond at all","2","5 - Corresponds a lot","5 - Corresponds a lot","2","7 - Corresponds exactly","2","2","2","3 - Corresponds a little","4 - Corresponds moderately","4 - Corresponds moderately","6","1 - Does not correspond at all","1 - Does not correspond at all","3 - Corresponds a little","3 - Corresponds a little","4 - Corresponds moderately","2","3 - Corresponds a little","1 - Does not correspond at all","1 - Does not correspond at all","1 - Does not correspond at all","3 - Corresponds a little","Almost Never","Often","Often","Sometimes","Sometimes","Almost Never","Sometimes","Almost Never","Almost Always","Often","Often","Often","Sometimes","Sometimes","Almost Never","Almost Always","Almost Always","Often","Sometimes","Sometimes","Sometimes","Not at all","Not at all","Not at all","Severely - it bothered me a lot","Severely - it bothered me a lot","Moderately - it wasn't pleasant at times","Moderately - it wasn't pleasant at times","Moderately - it wasn't pleasant at times","Mildly - but it didn't bother me much","Moderately - it wasn't pleasant at times","Not at all","Not at all","Not at all","Mildly - but it didn't bother me much","Not at all","Moderately - it wasn't pleasant at times","Moderately - it wasn't pleasant at times","Not at all","Mildly - but it didn't bother me much","Not at all","Not at all","1 - Not at all typical of me","4","1 - Not at all typical of me","4","5 - Very typical of me","4","4","2","4","1 - Not at all typical of me","1 - Not at all typical of me","5 - Very typical of me","5 - Very typical of me","4","4","4","5 - Very typical of me","Agree","Strongly Agree","Neither Agree nor Disagree","Agree","Disagree","Disagree","Agree","Agree","Agree","Agree","Disagree","Neither Agree nor Disagree","Agree","Disagree","Neither Agree nor Disagree","Disagree","Disagree","Agree","Agree","Agree","Neither Agree nor Disagree","Agree","Disagree","Agree","Agree","Neither Agree nor Disagree","Neither Agree nor Disagree","Agree","Agree","Agree","Disagree","Agree","Neither Agree nor Disagree","Agree","Strongly Agree","Strongly Agree","Agree","Disagree","Agree","Neither Agree nor Disagree","Disagree","Agree","Agree","Agree","Agree","Agree","Agree","Research Participation: I consent to provide data from my research experience to researchers for analysis","Participation"
"14104","19","female","92","Very much","A fair amount","Very much","Much","Very much","A fair amount","A little","A little","Very much","A fair amount","A little","A fair amount","A little","A fair amount","Much","Very much","Not at all","Much","Not at all","Not at all","Not at all","Much","A little","A little","Not at all","Not at all","Not at all","Not at all","Not at all","Not at all","Not at all","7 - Corresponds exactly","7 - Corresponds exactly","7 - Corresponds exactly","4 - Corresponds moderately","1 - Does not correspond at all","7 - Corresponds exactly","7 - Corresponds exactly","7 - Corresponds exactly","6","7 - Corresponds exactly","2","1 - Does not correspond at all","7 - Corresponds exactly","7 - Corresponds exactly","7 - Corresponds exactly","7 - Corresponds exactly","7 - Corresponds exactly","2","1 - Does not correspond at all","7 - Corresponds exactly","7 - Corresponds exactly","7 - Corresponds exactly","7 - Corresponds exactly","7 - Corresponds exactly","2","1 - Does not correspond at all","7 - Corresponds exactly","7 - Corresponds exactly","Sometimes","Sometimes","Almost Always","Almost Always","Almost Always","Often","Often","Almost Never","Often","Almost Always","Almost Always","Often","Almost Always","Almost Always","Sometimes","Almost Always","Almost Always","Often","Sometimes","Almost Always","Often","Mildly - but it didn't bother me much","Severely - it bothered me a lot","Not at all","Severely - it bothered me a lot","Severely - it bothered me a lot","Severely - it bothered me a lot","Severely - it bothered me a lot","Moderately - it wasn't pleasant at times","Severely - it bothered me a lot","Severely - it bothered me a lot","Not at all","Moderately - it wasn't pleasant at times","Moderately - it wasn't pleasant at times","Not at all","Severely - it bothered me a lot","Not at all","Mildly - but it didn't bother me much","Not at all","Moderately - it wasn't pleasant at times","Severely - it bothered me a lot","Severely - it bothered me a lot","1 - Not at all typical of me","5 - Very typical of me","2","4","5 - Very typical of me","5 - Very typical of me","5 - Very typical of me","2","4","1 - Not at all typical of me","2","5 - Very typical of me","5 - Very typical of me","5 - Very typical of me","3","5 - Very typical of me","4","Agree","Disagree","Strongly Agree","Do Not Recall","Agree","Do Not Recall","Strongly Agree","Do Not Recall","Disagree","Neither Agree nor Disagree","Disagree","Agree","Disagree","Strongly Disagree","Do Not Recall","Strongly Disagree","Agree","Disagree","Do Not Recall","Strongly Disagree","Agree","Strongly Agree","Strongly Agree","Do Not Recall","Do Not Recall","Strongly Disagree","Disagree","Strongly Disagree","Agree","Agree","Strongly Agree","Agree","Strongly Agree","Strongly Agree","Agree","Do Not Recall","Strongly Disagree","Strongly Disagree","Do Not Recall","Agree","Strongly Agree","Strongly Agree","Neither Agree nor Disagree","Do Not Recall","Strongly Disagree","Agree","Strongly Agree","Research Participation: I consent to provide data from my research experience to researchers for analysis","Participation"
"11522","34","Male","85","A little","Much","Much","A fair amount","A little","A little","A little","A little","A fair amount","A little","A little","A little","Not at all","Not at all","Much","A little","Not at all","Not at all","Not at all","Not at all","Not at all","Not at all","A little","A little","A little","Not at all","Not at all","A little","Not at all","Not at all","Not at all","4 - Corresponds moderately","6","7 - Corresponds exactly","3 - Corresponds a little","1 - Does not correspond at all","5 - Corresponds a lot","6","6","6","7 - Corresponds exactly","2","1 - Does not correspond at all","4 - Corresponds moderately","3 - Corresponds a little","4 - Corresponds moderately","5 - Corresponds a lot","5 - Corresponds a lot","2","1 - Does not correspond at all","5 - Corresponds a lot","4 - Corresponds moderately","4 - Corresponds moderately","6","6","2","1 - Does not correspond at all","5 - Corresponds a lot","5 - Corresponds a lot","Often","Sometimes","Almost Never","Sometimes","Almost Never","Almost Never","Almost Never","Almost Never","Sometimes","Often","Sometimes","Often","Almost Never","Almost Never","Almost Never","Almost Never","Sometimes","Almost Never","Almost Never","Almost Never","Almost Never","Not at all","Not at all","Not at all","Mildly - but it didn't bother me much","Not at all","Not at all","Not at all","Not at all","Not at all","Mildly - but it didn't bother me much","Not at all","Not at all","Not at all","Not at all","Not at all","Not at all","Not at all","Not at all","Not at all","Not at all","Not at all","1 - Not at all typical of me","2","2","2","2","2","2","3","3","1 - Not at all typical of me","2","5 - Very typical of me","2","3","1 - Not at all typical of me","1 - Not at all typical of me","4","Strongly Agree","Agree","Neither Agree nor Disagree","Strongly Agree","Agree","Disagree","Neither Agree nor Disagree","Agree","Strongly Agree","Strongly Agree","Agree","Strongly Disagree","Disagree","Strongly Disagree","Agree","Disagree","Strongly Disagree","Agree","Agree","Agree","Agree","Neither Agree nor Disagree","Neither Agree nor Disagree","Disagree","Neither Agree nor Disagree","Strongly Disagree","Disagree","Agree","Agree","Agree","Disagree","Agree","Disagree","Neither Agree nor Disagree","Agree","Agree","Agree","Strongly Disagree","Neither Agree nor Disagree","Neither Agree nor Disagree","Strongly Agree","Agree","Neither Agree nor Disagree","Strongly Agree","Disagree","Agree","Disagree","Research Participation: I consent to provide data from my research experience to researchers for analysis","Participation"
"15663","20","Female","95","A little","Not at all","A little","A fair amount","Very much","Not at all","Very much","Not at all","A little","A little","A fair amount","A little","Not at all","A fair amount","A little","Not at all","Not at all","Not at all","Not at all","Not at all","Not at all","A fair amount","A fair amount","Much","Not at all","Not at all","Not at all","Very much","Not at all","A little","Not at all","7 - Corresponds exactly","6","7 - Corresponds exactly","3 - Corresponds a little","1 - Does not correspond at all","5 - Corresponds a lot","7 - Corresponds exactly","7 - Corresponds exactly","5 - Corresponds a lot","7 - Corresponds exactly","2","1 - Does not correspond at all","6","7 - Corresponds exactly","7 - Corresponds exactly","5 - Corresponds a lot","6","2","1 - Does not correspond at all","6","7 - Corresponds exactly","7 - Corresponds exactly","6","7 - Corresponds exactly","3 - Corresponds a little","1 - Does not correspond at all","5 - Corresponds a lot","7 - Corresponds exactly","Sometimes","Often","Sometimes","Almost Never","Almost Never","Almost Never","Sometimes","Almost Never","Often","Almost Always","Almost Always","Sometimes","Sometimes","Often","Almost Never","Sometimes","Sometimes","Sometimes","Sometimes","Often","Almost Never","Not at all","Not at all","Mildly - but it didn't bother me much","Moderately - it wasn't pleasant at times","Mildly - but it didn't bother me much","Mildly - but it didn't bother me much","Moderately - it wasn't pleasant at times","Not at all","Mildly - but it didn't bother me much","Moderately - it wasn't pleasant at times","Not at all","Mildly - but it didn't bother me much","Mildly - but it didn't bother me much","Not at all","Not at all","Not at all","Mildly - but it didn't bother me much","Moderately - it wasn't pleasant at times","Moderately - it wasn't pleasant at times","Severely - it bothered me a lot","Not at all","1 - Not at all typical of me","4","1 - Not at all typical of me","5 - Very typical of me","5 - Very typical of me","4","2","3","5 - Very typical of me","1 - Not at all typical of me","3","5 - Very typical of me","4","4","4","3","4","Strongly Agree","Strongly Agree","Disagree","Strongly Agree","Strongly Agree","Strongly Disagree","Agree","Agree","Strongly Agree","Strongly Agree","Strongly Agree","Neither Agree nor Disagree","Strongly Disagree","Agree","Agree","Do Not Recall","Do Not Recall","Agree","Agree","Agree","Agree","Strongly Agree","Strongly Agree","Strongly Agree","Strongly Agree","Strongly Disagree","Strongly Agree","Strongly Agree","Strongly Agree","Strongly Agree","Disagree","Agree","Neither Agree nor Disagree","Neither Agree nor Disagree","Strongly Agree","Strongly Agree","Neither Agree nor Disagree","Strongly Disagree","Neither Agree nor Disagree","Neither Agree nor Disagree","Strongly Disagree","Strongly Agree","Agree","Do Not Recall","Agree","Do Not Recall","Neither Agree nor Disagree","Research Participation: I consent to provide data from my research experience to researchers for analysis","Participation"
"17371","23","Female","90","Much","A fair amount","Much","A fair amount","Much","A little","A fair amount","A fair amount","A little","A fair amount","A little","Much","A little","Much","A fair amount","A fair amount","Not at all","Not at all","Not at all","Not at all","Not at all","Not at all","Not at all","Not at all","Not at all","Not at all","Not at all","Not at all","Not at all","Not at all","Not at all","5 - Corresponds a lot","5 - Corresponds a lot","7 - Corresponds exactly","1 - Does not correspond at all","1 - Does not correspond at all","4 - Corresponds moderately","7 - Corresponds exactly","7 - Corresponds exactly","5 - Corresponds a lot","6","3 - Corresponds a little","1 - Does not correspond at all","6","6","5 - Corresponds a lot","6","6","2","1 - Does not correspond at all","6","6","7 - Corresponds exactly","7 - Corresponds exactly","7 - Corresponds exactly","3 - Corresponds a little","1 - Does not correspond at all","6","6","Sometimes","Sometimes","Sometimes","Sometimes","Almost Never","Almost Never","Often","Almost Never","Sometimes","Often","Sometimes","Sometimes","Almost Always","Almost Never","Almost Never","Often","Almost Always","Almost Never","Almost Never","Almost Never","Almost Never","Mildly - but it didn't bother me much","Moderately - it wasn't pleasant at times","Mildly - but it didn't bother me much","Severely - it bothered me a lot","Severely - it bothered me a lot","Mildly - but it didn't bother me much","Severely - it bothered me a lot","Not at all","Not at all","Severely - it bothered me a lot","Not at all","Mildly - but it didn't bother me much","Mildly - but it didn't bother me much","Not at all","Mildly - but it didn't bother me much","Mildly - but it didn't bother me much","Mildly - but it didn't bother me much","Mildly - but it didn't bother me much","Moderately - it wasn't pleasant at times","Not at all","Not at all","1 - Not at all typical of me","5 - Very typical of me","1 - Not at all typical of me","5 - Very typical of me","5 - Very typical of me","5 - Very typical of me","4","2","5 - Very typical of me","1 - Not at all typical of me","2","5 - Very typical of me","4","5 - Very typical of me","3","4","4","Strongly Agree","Strongly Agree","Agree","Strongly Agree","Neither Agree nor Disagree","Strongly Disagree","Agree","Strongly Agree","Strongly Agree","Strongly Agree","Disagree","Neither Agree nor Disagree","Disagree","Disagree","Strongly Agree","Agree","Neither Agree nor Disagree","Neither Agree nor Disagree","Strongly Agree","Agree","Strongly Agree","Strongly Agree","Agree","Agree","Neither Agree nor Disagree","Strongly Disagree","Strongly Agree","Strongly Agree","Strongly Agree","Strongly Agree","Disagree","Agree","Strongly Disagree","Neither Agree nor Disagree","Agree","Strongly Agree","Agree","Strongly Disagree","Strongly Disagree","Strongly Disagree","Strongly Agree","Neither Agree nor Disagree","Neither Agree nor Disagree","Agree","Disagree","Do Not Recall","Do Not Recall","Research Participation: I consent to provide data from my research experience to researchers for analysis","Participation"
"14306","19","Male","Low 90s","A fair amount","A fair amount","A fair amount","Much","Very much","Very much","Very much","Much","Much","A fair amount","Much","A fair amount","Much","A fair amount","A fair amount","A little","Not at all","Not at all","Not at all","A fair amount","Not at all","Not at all","Not at all","","A little","Not at all","Not at all","A little","Not at all","Not at all","Not at all","7 - Corresponds exactly","5 - Corresponds a lot","3 - Corresponds a little","3 - Corresponds a little","2","5 - Corresponds a lot","5 - Corresponds a lot","5 - Corresponds a lot","4 - Corresponds moderately","5 - Corresponds a lot","5 - Corresponds a lot","7 - Corresponds exactly","6","5 - Corresponds a lot","3 - Corresponds a little","5 - Corresponds a lot","5 - Corresponds a lot","6","1 - Does not correspond at all","3 - Corresponds a little","5 - Corresponds a lot","7 - Corresponds exactly","6","6","4 - Corresponds moderately","1 - Does not correspond at all","5 - Corresponds a lot","5 - Corresponds a lot","Often","Sometimes","Sometimes","Sometimes","Almost Always","Often","Often","Almost Never","Almost Never","Often","Often","Sometimes","Almost Always","Almost Never","Almost Never","Sometimes","Often","Often","Almost Never","Sometimes","Almost Always","Moderately - it wasn't pleasant at times","Moderately - it wasn't pleasant at times","Not at all","Moderately - it wasn't pleasant at times","Severely - it bothered me a lot","Not at all","Mildly - but it didn't bother me much","Mildly - but it didn't bother me much","Severely - it bothered me a lot","Severely - it bothered me a lot","Mildly - but it didn't bother me much","Not at all","Not at all","Moderately - it wasn't pleasant at times","Not at all","Severely - it bothered me a lot","Severely - it bothered me a lot","Not at all","Not at all","Mildly - but it didn't bother me much","Mildly - but it didn't bother me much","1 - Not at all typical of me","5 - Very typical of me","1 - Not at all typical of me","3","5 - Very typical of me","3","5 - Very typical of me","3","4","1 - Not at all typical of me","3","5 - Very typical of me","5 - Very typical of me","5 - Very typical of me","4","5 - Very typical of me","5 - Very typical of me","Strongly Agree","Strongly Agree","Disagree","Strongly Agree","Strongly Agree","Disagree","Agree","Strongly Agree","Strongly Agree","Strongly Agree","Strongly Agree","Strongly Disagree","Disagree","Agree","Strongly Agree","Strongly Disagree","Strongly Disagree","Strongly Agree","Strongly Agree","Strongly Agree","Strongly Agree","Strongly Agree","Strongly Agree","Strongly Agree","Strongly Agree","Strongly Disagree","Strongly Disagree","Agree","Strongly Agree","Strongly Agree","Agree","Agree","Disagree","Strongly Disagree","Strongly Agree","Agree","Agree","Strongly Disagree","Strongly Agree","Strongly Agree","Strongly Agree","Strongly Agree","Strongly Agree","Agree","Agree","Disagree","Strongly Agree","Research Participation: I consent to provide data from my research experience to researchers for analysis","Participation"
"17372","18","male","83","Very much","Very much","Very much","Very much","Very much","Very much","Very much","Very much","Much","Much","Much","A little","Much","A fair amount","A little","Much","Not at all","Not at all","Much","","A fair amount","A little","A fair amount","A little","A fair amount","A little","A fair amount","A little","A fair amount","A fair amount","Much","6","5 - Corresponds a lot","6","4 - Corresponds moderately","5 - Corresponds a lot","4 - Corresponds moderately","3 - Corresponds a little","5 - Corresponds a lot","3 - Corresponds a little","4 - Corresponds moderately","3 - Corresponds a little","3 - Corresponds a little","4 - Corresponds moderately","3 - Corresponds a little","4 - Corresponds moderately","7 - Corresponds exactly","7 - Corresponds exactly","6","4 - Corresponds moderately","7 - Corresponds exactly","5 - Corresponds a lot","3 - Corresponds a little","5 - Corresponds a lot","6","6","3 - Corresponds a little","6","4 - Corresponds moderately","Almost Never","Sometimes","Often","Sometimes","Almost Never","Almost Never","Sometimes","Almost Never","Sometimes","Often","Sometimes","Often","Sometimes","Sometimes","Sometimes","Often","Often","Sometimes","Sometimes","Sometimes","Sometimes","Severely - it bothered me a lot","Moderately - it wasn't pleasant at times","Moderately - it wasn't pleasant at times","Severely - it bothered me a lot","Mildly - but it didn't bother me much","Moderately - it wasn't pleasant at times","Severely - it bothered me a lot","Mildly - but it didn't bother me much","Mildly - but it didn't bother me much","Not at all","Moderately - it wasn't pleasant at times","Not at all","Mildly - but it didn't bother me much","Moderately - it wasn't pleasant at times","Severely - it bothered me a lot","Moderately - it wasn't pleasant at times","Mildly - but it didn't bother me much","Moderately - it wasn't pleasant at times","Mildly - but it didn't bother me much","Mildly - but it didn't bother me much","Moderately - it wasn't pleasant at times","5 - Very typical of me","4","3","4","4","3","3","3","4","4","3","3","4","3","3","2","2","Agree","Strongly Agree","Strongly Agree","Neither Agree nor Disagree","Agree","Disagree","Disagree","Agree","Strongly Agree","Neither Agree nor Disagree","Agree","Strongly Agree","Agree","Neither Agree nor Disagree","Strongly Agree","Disagree","Neither Agree nor Disagree","Agree","Strongly Agree","Disagree","Agree","Disagree","Agree","Disagree","Agree","Do Not Recall","Strongly Agree","Strongly Agree","Agree","Strongly Agree","Strongly Agree","Agree","Strongly Agree","Disagree","Strongly Agree","Strongly Agree","Strongly Agree","Agree","Strongly Disagree","Disagree","Strongly Agree","Agree","Strongly Disagree","Strongly Agree","Disagree","Agree","Disagree","Research Participation: I consent to provide data from my research experience to researchers for analysis","Participation"
"15602","22","female","75","Much","Much","Much","A fair amount","Much","A fair amount","Very much","Very much","Very much","A fair amount","Very much","Much","Much","Much","Much","Much","Much","A little","Very much","A fair amount","Much","Much","A fair amount","A fair amount","A little","A fair amount","A little","","A fair amount","A fair amount","Not at all","7 - Corresponds exactly","5 - Corresponds a lot","7 - Corresponds exactly","4 - Corresponds moderately","1 - Does not correspond at all","5 - Corresponds a lot","5 - Corresponds a lot","7 - Corresponds exactly","4 - Corresponds moderately","7 - Corresponds exactly","2","1 - Does not correspond at all","7 - Corresponds exactly","7 - Corresponds exactly","7 - Corresponds exactly","5 - Corresponds a lot","","3 - Corresponds a little","1 - Does not correspond at all","5 - Corresponds a lot","5 - Corresponds a lot","7 - Corresponds exactly","4 - Corresponds moderately","5 - Corresponds a lot","4 - Corresponds moderately","1 - Does not correspond at all","5 - Corresponds a lot","7 - Corresponds exactly","Sometimes","Sometimes","Sometimes","Almost Never","Sometimes","Almost Never","Sometimes","Almost Never","Sometimes","Sometimes","Sometimes","Almost Never","Often","Sometimes","Almost Never","Often","Often","Almost Never","Sometimes","Almost Never","Almost Never","Not at all","Mildly - but it didn't bother me much","Mildly - but it didn't bother me much","Moderately - it wasn't pleasant at times","Mildly - but it didn't bother me much","Not at all","Moderately - it wasn't pleasant at times","Mildly - but it didn't bother me much","Mildly - but it didn't bother me much","Moderately - it wasn't pleasant at times","Not at all","Moderately - it wasn't pleasant at times","Moderately - it wasn't pleasant at times","Not at all","Not at all","Not at all","Mildly - but it didn't bother me much","Moderately - it wasn't pleasant at times","Not at all","Moderately - it wasn't pleasant at times","Moderately - it wasn't pleasant at times","2","4","2","3","4","4","3","2","4","1 - Not at all typical of me","1 - Not at all typical of me","5 - Very typical of me","2","2","3","4","3","Disagree","Disagree","Disagree","Disagree","Disagree","Neither Agree nor Disagree","Neither Agree nor Disagree","Neither Agree nor Disagree","Strongly Disagree","Neither Agree nor Disagree","Disagree","Strongly Agree","Strongly Agree","Neither Agree nor Disagree","Neither Agree nor Disagree","Neither Agree nor Disagree","Neither Agree nor Disagree","Disagree","Neither Agree nor Disagree","Disagree","Disagree","Neither Agree nor Disagree","Neither Agree nor Disagree","Neither Agree nor Disagree","Neither Agree nor Disagree","Neither Agree nor Disagree","Agree","Neither Agree nor Disagree","Agree","Strongly Agree","Neither Agree nor Disagree","Agree","Neither Agree nor Disagree","Agree","Agree","Neither Agree nor Disagree","Agree","Agree","Neither Agree nor Disagree","Disagree","Disagree","Strongly Agree","Agree","Neither Agree nor Disagree","Agree","Agree","Neither Agree nor Disagree","Research Participation: I consent to provide data from my research experience to researchers for analysis","Participation"
"15646","18","Male ","82","Much","A fair amount","Very much","Very much","Very much","Very much","Very much","Much","Very much","Very much","Very much","Very much","Much","Much","Much","Not at all","Not at all","Not at all","A little","Very much","Not at all","Not at all","A fair amount","Not at all","Very much","A fair amount","A fair amount","Very much","Very much","Very much","Not at all","4 - Corresponds moderately","7 - Corresponds exactly","7 - Corresponds exactly","6","1 - Does not correspond at all","5 - Corresponds a lot","7 - Corresponds exactly","7 - Corresponds exactly","7 - Corresponds exactly","7 - Corresponds exactly","1 - Does not correspond at all","1 - Does not correspond at all","5 - Corresponds a lot","7 - Corresponds exactly","7 - Corresponds exactly","7 - Corresponds exactly","7 - Corresponds exactly","2","1 - Does not correspond at all","7 - Corresponds exactly","7 - Corresponds exactly","7 - Corresponds exactly","7 - Corresponds exactly","7 - Corresponds exactly","7 - Corresponds exactly","1 - Does not correspond at all","7 - Corresponds exactly","7 - Corresponds exactly","Almost Never","Almost Always","Often","Almost Always","Almost Always","Sometimes","Almost Always","Almost Never","Almost Always","Almost Always","Almost Always","Almost Always","Almost Always","Almost Always","Almost Always","Almost Always","Almost Always","Almost Always","Almost Always","Often","Often","Mildly - but it didn't bother me much","Moderately - it wasn't pleasant at times","Not at all","Moderately - it wasn't pleasant at times","Severely - it bothered me a lot","Mildly - but it didn't bother me much","Mildly - but it didn't bother me much","Not at all","Severely - it bothered me a lot","Severely - it bothered me a lot","Not at all","Moderately - it wasn't pleasant at times","Moderately - it wasn't pleasant at times","Severely - it bothered me a lot","Severely - it bothered me a lot","Not at all","Not at all","Not at all","Not at all","Moderately - it wasn't pleasant at times","Not at all","1 - Not at all typical of me","5 - Very typical of me","1 - Not at all typical of me","4","5 - Very typical of me","5 - Very typical of me","5 - Very typical of me","1 - Not at all typical of me","5 - Very typical of me","1 - Not at all typical of me","2","5 - Very typical of me","5 - Very typical of me","5 - Very typical of me","5 - Very typical of me","5 - Very typical of me","5 - Very typical of me","Agree","Strongly Agree","Neither Agree nor Disagree","Strongly Agree","Agree","Strongly Disagree","Neither Agree nor Disagree","Strongly Agree","Strongly Agree","Strongly Agree","Strongly Disagree","Agree","Strongly Disagree","Disagree","Agree","Do Not Recall","Disagree","Agree","Strongly Agree","Strongly Agree","Agree","Disagree","Strongly Agree","Disagree","Strongly Agree","Strongly Disagree","Strongly Agree","Strongly Disagree","Strongly Disagree","Agree","Neither Agree nor Disagree","Agree","Neither Agree nor Disagree","Disagree","Strongly Agree","Neither Agree nor Disagree","Neither Agree nor Disagree","Agree","Agree","Strongly Disagree","Strongly Disagree","Strongly Agree","Agree","Strongly Agree","Strongly Agree","Neither Agree nor Disagree","Strongly Agree","Research Participation: I consent to provide data from my research experience to researchers for analysis","Participation"
"12504","21","Female","90","Very much","Very much","A fair amount","Much","Much","A fair amount","Much","Very much","Very much","A fair amount","Very much","Very much","A fair amount","Very much","A fair amount","Very much","Not at all","Not at all","Not at all","Not at all","A little","Very much","A little","A little","Not at all","A little","Not at all","A fair amount","A little","A fair amount","Not at all","7 - Corresponds exactly","4 - Corresponds moderately","5 - Corresponds a lot","1 - Does not correspond at all","2","2","3 - Corresponds a little","7 - Corresponds exactly","1 - Does not correspond at all","5 - Corresponds a lot","3 - Corresponds a little","1 - Does not correspond at all","2","1 - Does not correspond at all","6","2","7 - Corresponds exactly","1 - Does not correspond at all","1 - Does not correspond at all","2","4 - Corresponds moderately","6","2","1 - Does not correspond at all","1 - Does not correspond at all","3 - Corresponds a little","2","3 - Corresponds a little","Sometimes","Sometimes","Almost Never","Sometimes","Almost Never","Sometimes","Almost Never","Almost Never","Almost Never","Often","Often","Sometimes","Almost Never","Almost Never","Sometimes","Almost Never","Sometimes","Almost Never","Almost Never","Almost Never","Sometimes","Not at all","Not at all","Not at all","Moderately - it wasn't pleasant at times","Not at all","Not at all","Moderately - it wasn't pleasant at times","Not at all","Not at all","Mildly - but it didn't bother me much","Not at all","Not at all","Not at all","Not at all","Not at all","Not at all","Not at all","Not at all","Not at all","Mildly - but it didn't bother me much","Not at all","1 - Not at all typical of me","4","1 - Not at all typical of me","4","4","4","4","2","5 - Very typical of me","1 - Not at all typical of me","1 - Not at all typical of me","5 - Very typical of me","4","4","3","2","3","Strongly Agree","Strongly Agree","Strongly Agree","Strongly Agree","Neither Agree nor Disagree","Disagree","Disagree","Agree","Strongly Agree","Strongly Agree","Neither Agree nor Disagree","Strongly Agree","Disagree","Disagree","Neither Agree nor Disagree","Strongly Disagree","Neither Agree nor Disagree","Agree","Agree","Agree","Neither Agree nor Disagree","Agree","Agree","Neither Agree nor Disagree","Agree","Neither Agree nor Disagree","Disagree","Disagree","Strongly Agree","Strongly Agree","Neither Agree nor Disagree","Agree","Agree","Disagree","Agree","Strongly Agree","Neither Agree nor Disagree","Disagree","Disagree","Disagree","Disagree","Disagree","Disagree","Strongly Agree","Disagree","Strongly Agree","Agree","Research Participation: I consent to provide data from my research experience to researchers for analysis","Participation"
"17374","29","Male","60","A fair amount","A fair amount","Much","Much","Very much","A fair amount","A fair amount","Much","A fair amount","Much","A fair amount","A fair amount","A fair amount","Much","A fair amount","A fair amount","A little","A little","A fair amount","Much","A fair amount","Much","A fair amount","A fair amount","A fair amount","A fair amount","Not at all","A fair amount","A little","A little","Not at all","4 - Corresponds moderately","3 - Corresponds a little","4 - Corresponds moderately","4 - Corresponds moderately","3 - Corresponds a little","3 - Corresponds a little","4 - Corresponds moderately","3 - Corresponds a little","4 - Corresponds moderately","4 - Corresponds moderately","5 - Corresponds a lot","3 - Corresponds a little","5 - Corresponds a lot","4 - Corresponds moderately","3 - Corresponds a little","4 - Corresponds moderately","3 - Corresponds a little","5 - Corresponds a lot","2","3 - Corresponds a little","4 - Corresponds moderately","3 - Corresponds a little","4 - Corresponds moderately","5 - Corresponds a lot","4 - Corresponds moderately","2","3 - Corresponds a little","4 - Corresponds moderately","Sometimes","Sometimes","Often","Sometimes","Often","Sometimes","Often","Almost Never","Sometimes","Sometimes","Often","Often","Sometimes","Often","Sometimes","Sometimes","Often","Often","Sometimes","Often","Often","Mildly - but it didn't bother me much","Mildly - but it didn't bother me much","Mildly - but it didn't bother me much","Moderately - it wasn't pleasant at times","Mildly - but it didn't bother me much","Mildly - but it didn't bother me much","Mildly - but it didn't bother me much","Moderately - it wasn't pleasant at times","Mildly - but it didn't bother me much","Moderately - it wasn't pleasant at times","Mildly - but it didn't bother me much","Mildly - but it didn't bother me much","Mildly - but it didn't bother me much","Moderately - it wasn't pleasant at times","Mildly - but it didn't bother me much","Mildly - but it didn't bother me much","Mildly - but it didn't bother me much","Severely - it bothered me a lot","Mildly - but it didn't bother me much","Mildly - but it didn't bother me much","Mildly - but it didn't bother me much","4","3","2","2","3","4","3","2","2","1 - Not at all typical of me","3","5 - Very typical of me","3","3","3","2","4","Neither Agree nor Disagree","Agree","Neither Agree nor Disagree","Disagree","Disagree","Agree","Disagree","Neither Agree nor Disagree","Disagree","Neither Agree nor Disagree","Neither Agree nor Disagree","Agree","Neither Agree nor Disagree","Disagree","Neither Agree nor Disagree","Neither Agree nor Disagree","Agree","Disagree","Neither Agree nor Disagree","Neither Agree nor Disagree","Neither Agree nor Disagree","Neither Agree nor Disagree","Agree","Neither Agree nor Disagree","Neither Agree nor Disagree","Agree","Neither Agree nor Disagree","Agree","Agree","Neither Agree nor Disagree","Disagree","Agree","Neither Agree nor Disagree","Neither Agree nor Disagree","Neither Agree nor Disagree","Neither Agree nor Disagree","Agree","Neither Agree nor Disagree","Disagree","Neither Agree nor Disagree","Disagree","Neither Agree nor Disagree","Agree","Neither Agree nor Disagree","Agree","Neither Agree nor Disagree","Agree","Research Participation: I consent to provide data from my research experience to researchers for analysis","Participation"
"15643","18","Male","87.79","Very much","A fair amount","Very much","Much","A fair amount","Not at all","Not at all","Very much","Very much","Much","Much","Much","A little","Very much","Much","A fair amount","Not at all","Not at all","Not at all","A little","Not at all","Much","Much","A little","Much","A fair amount","Not at all","Very much","A little","A little","Not at all","4 - Corresponds moderately","3 - Corresponds a little","1 - Does not correspond at all","1 - Does not correspond at all","6","2","1 - Does not correspond at all","4 - Corresponds moderately","5 - Corresponds a lot","7 - Corresponds exactly","1 - Does not correspond at all","6","2","4 - Corresponds moderately","4 - Corresponds moderately","6","1 - Does not correspond at all","4 - Corresponds moderately","5 - Corresponds a lot","4 - Corresponds moderately","5 - Corresponds a lot","6","6","2","6","5 - Corresponds a lot","2","7 - Corresponds exactly","Sometimes","Sometimes","Often","Sometimes","Almost Never","Sometimes","Almost Always","Almost Never","Almost Always","Almost Always","Almost Always","Often","Almost Always","Almost Never","Almost Never","Often","Almost Always","Almost Always","Often","Sometimes","Sometimes","Not at all","Not at all","Not at all","Severely - it bothered me a lot","Moderately - it wasn't pleasant at times","Not at all","Not at all","Not at all","Not at all","Severely - it bothered me a lot","Mildly - but it didn't bother me much","Not at all","Severely - it bothered me a lot","Not at all","Not at all","Not at all","Not at all","Not at all","Not at all","Not at all","Mildly - but it didn't bother me much","4","2","1 - Not at all typical of me","3","4","4","5 - Very typical of me","2","5 - Very typical of me","1 - Not at all typical of me","5 - Very typical of me","5 - Very typical of me","3","4","2","3","5 - Very typical of me","Agree","Strongly Agree","Agree","Neither Agree nor Disagree","Strongly Agree","Disagree","Neither Agree nor Disagree","Agree","Agree","Strongly Agree","Agree","Disagree","Agree","Strongly Agree","Strongly Agree","Agree","Disagree","Neither Agree nor Disagree","Agree","Neither Agree nor Disagree","Strongly Agree","Agree","Neither Agree nor Disagree","Agree","Strongly Agree","Strongly Disagree","Agree","Do Not Recall","Agree","Agree","Do Not Recall","Agree","Neither Agree nor Disagree","Strongly Agree","Agree","Strongly Agree","Disagree","Disagree","Do Not Recall","Strongly Agree","Strongly Agree","Strongly Agree","Agree","Neither Agree nor Disagree","Agree","Neither Agree nor Disagree","Do Not Recall","Research Participation: I consent to provide data from my research experience to researchers for analysis","Participation"
"17375","19","female","80","A little","A little","A fair amount","Very much","Very much","A little","Very much","Not at all","A little","Not at all","A little","A fair amount","Not at all","Not at all","A little","Not at all","A fair amount","Not at all","A fair amount","A fair amount","Not at all","Much","Much","A little","Not at all","A fair amount","Not at all","Very much","A little","Very much","Not at all","7 - Corresponds exactly","4 - Corresponds moderately","7 - Corresponds exactly","5 - Corresponds a lot","1 - Does not correspond at all","3 - Corresponds a little","7 - Corresponds exactly","7 - Corresponds exactly","4 - Corresponds moderately","6","3 - Corresponds a little","1 - Does not correspond at all","4 - Corresponds moderately","4 - Corresponds moderately","5 - Corresponds a lot","4 - Corresponds moderately","4 - Corresponds moderately","3 - Corresponds a little","1 - Does not correspond at all","4 - Corresponds moderately","6","6","4 - Corresponds moderately","5 - Corresponds a lot","3 - Corresponds a little","1 - Does not correspond at all","6","6","Almost Never","Almost Always","Sometimes","Almost Always","Almost Always","Sometimes","Almost Always","Often","Almost Always","Almost Always","Almost Always","Almost Always","Almost Always","Almost Always","Almost Always","Almost Always","Almost Always","Almost Always","Almost Always","Almost Always","Almost Always","Mildly - but it didn't bother me much","Moderately - it wasn't pleasant at times","Mildly - but it didn't bother me much","Moderately - it wasn't pleasant at times","Severely - it bothered me a lot","Severely - it bothered me a lot","Mildly - but it didn't bother me much","Moderately - it wasn't pleasant at times","Severely - it bothered me a lot","Mildly - but it didn't bother me much","Not at all","Severely - it bothered me a lot","Severely - it bothered me a lot","Mildly - but it didn't bother me much","Mildly - but it didn't bother me much","Moderately - it wasn't pleasant at times","Mildly - but it didn't bother me much","Severely - it bothered me a lot","Moderately - it wasn't pleasant at times","Not at all","Not at all","1 - Not at all typical of me","5 - Very typical of me","1 - Not at all typical of me","3","3","2","1 - Not at all typical of me","1 - Not at all typical of me","1 - Not at all typical of me","3","5 - Very typical of me","1 - Not at all typical of me","3","2","3","5 - Very typical of me","5 - Very typical of me","Strongly Agree","Strongly Agree","Neither Agree nor Disagree","Strongly Agree","Disagree","Disagree","Disagree","Agree","Agree","Strongly Agree","Strongly Agree","Neither Agree nor Disagree","Disagree","Disagree","Neither Agree nor Disagree","Disagree","Disagree","Agree","Agree","Disagree","Agree","Agree","Agree","Agree","Agree","Disagree","Strongly Agree","Agree","Strongly Agree","Strongly Agree","Disagree","Agree","Agree","Disagree","Strongly Agree","Strongly Agree","Strongly Disagree","Strongly Disagree","Neither Agree nor Disagree","Disagree","Agree","Strongly Agree","Disagree","Disagree","Disagree","Disagree","Strongly Agree","Research Participation: I consent to provide data from my research experience to researchers for analysis","Participation"
"14420","24","F","50","Very much","Very much","Very much","Very much","Very much","Very much","Very much","Very much","Very much","Very much","Very much","Very much","Very much","Very much","Very much","Very much","Very much","Very much","","Very much","Very much","Very much","Very much","Very much","Very much","Very much","","Very much","Very much","Very much","Not at all","7 - Corresponds exactly","7 - Corresponds exactly","7 - Corresponds exactly","7 - Corresponds exactly","1 - Does not correspond at all","7 - Corresponds exactly","7 - Corresponds exactly","7 - Corresponds exactly","7 - Corresponds exactly","7 - Corresponds exactly","7 - Corresponds exactly","1 - Does not correspond at all","7 - Corresponds exactly","7 - Corresponds exactly","7 - Corresponds exactly","7 - Corresponds exactly","7 - Corresponds exactly","7 - Corresponds exactly","1 - Does not correspond at all","7 - Corresponds exactly","7 - Corresponds exactly","7 - Corresponds exactly","7 - Corresponds exactly","7 - Corresponds exactly","7 - Corresponds exactly","1 - Does not correspond at all","7 - Corresponds exactly","7 - Corresponds exactly","Often","Sometimes","Sometimes","Sometimes","Sometimes","Sometimes","Sometimes","Sometimes","Sometimes","Sometimes","Sometimes","Sometimes","Sometimes","Sometimes","Sometimes","Sometimes","Sometimes","Sometimes","Sometimes","Sometimes","Sometimes","Mildly - but it didn't bother me much","Severely - it bothered me a lot","Severely - it bothered me a lot","Severely - it bothered me a lot","Severely - it bothered me a lot","Severely - it bothered me a lot","Severely - it bothered me a lot","Severely - it bothered me a lot","Severely - it bothered me a lot","Severely - it bothered me a lot","Mildly - but it didn't bother me much","Mildly - but it didn't bother me much","Severely - it bothered me a lot","Severely - it bothered me a lot","Severely - it bothered me a lot","Moderately - it wasn't pleasant at times","Moderately - it wasn't pleasant at times","Severely - it bothered me a lot","Severely - it bothered me a lot","Severely - it bothered me a lot","Severely - it bothered me a lot","5 - Very typical of me","2","3","2","3","3","2","3","2","3","3","5 - Very typical of me","3","2","2","2","2","Disagree","Disagree","Disagree","Strongly Disagree","Disagree","Strongly Agree","Disagree","Disagree","Disagree","Disagree","Disagree","Agree","Agree","Neither Agree nor Disagree","Disagree","Strongly Agree","Strongly Agree","Strongly Agree","Strongly Agree","Disagree","Neither Agree nor Disagree","Disagree","Disagree","Disagree","Disagree","Strongly Agree","Agree","Neither Agree nor Disagree","Strongly Agree","Strongly Agree","Disagree","Agree","Neither Agree nor Disagree","Neither Agree nor Disagree","Strongly Agree","Strongly Agree","Neither Agree nor Disagree","Agree","Disagree","Disagree","Disagree","Disagree","Disagree","Disagree","Disagree","Disagree","Neither Agree nor Disagree","Research Participation: I consent to provide data from my research experience to researchers for analysis","Participation"
"13348","21","Female","95","A fair amount","A fair amount","Much","Much","Much","Much","Much","A fair amount","Much","Much","A fair amount","A fair amount","A fair amount","A fair amount","A fair amount","Not at all","Not at all","Not at all","Not at all","Not at all","Not at all","A fair amount","A little","A little","A little","A little","Not at all","Not at all","Not at all","Not at all","Not at all","5 - Corresponds a lot","6","7 - Corresponds exactly","3 - Corresponds a little","1 - Does not correspond at all","5 - Corresponds a lot","6","7 - Corresponds exactly","7 - Corresponds exactly","7 - Corresponds exactly","7 - Corresponds exactly","1 - Does not correspond at all","5 - Corresponds a lot","4 - Corresponds moderately","4 - Corresponds moderately","6","7 - Corresponds exactly","3 - Corresponds a little","1 - Does not correspond at all","7 - Corresponds exactly","7 - Corresponds exactly","7 - Corresponds exactly","7 - Corresponds exactly","5 - Corresponds a lot","7 - Corresponds exactly","1 - Does not correspond at all","7 - Corresponds exactly","7 - Corresponds exactly","Sometimes","Often","Sometimes","Almost Never","Almost Never","Sometimes","Sometimes","Almost Never","Sometimes","Sometimes","Sometimes","Sometimes","Sometimes","Sometimes","Sometimes","Sometimes","Sometimes","Almost Never","Sometimes","Sometimes","Often","Mildly - but it didn't bother me much","Moderately - it wasn't pleasant at times","Not at all","Severely - it bothered me a lot","Moderately - it wasn't pleasant at times","Not at all","Not at all","Not at all","Mildly - but it didn't bother me much","Mildly - but it didn't bother me much","Not at all","Not at all","Not at all","Mildly - but it didn't bother me much","Not at all","Not at all","Moderately - it wasn't pleasant at times","Not at all","","Not at all","Moderately - it wasn't pleasant at times","2","4","1 - Not at all typical of me","3","4","5 - Very typical of me","5 - Very typical of me","2","5 - Very typical of me","1 - Not at all typical of me","2","5 - Very typical of me","4","4","4","4","4","Strongly Agree","Strongly Agree","Strongly Disagree","Strongly Agree","Strongly Agree","Disagree","Strongly Agree","Strongly Agree","Strongly Agree","Strongly Agree","Strongly Agree","Disagree","Disagree","Disagree","Agree","Disagree","Disagree","Agree","Agree","Agree","Agree","Agree","Agree","Agree","Agree","Strongly Disagree","Strongly Agree","Strongly Agree","Strongly Agree","Strongly Agree","Disagree","Agree","Disagree","Agree","Strongly Agree","Strongly Agree","Strongly Agree","Strongly Disagree","Agree","Agree","Strongly Agree","Agree","Agree","Neither Agree nor Disagree","Neither Agree nor Disagree","Neither Agree nor Disagree","Agree","Research Participation: I consent to provide data from my research experience to researchers for analysis","Participation"
"10665","22","F","90","Very much","Much","A fair amount","A fair amount","Very much","A little","Very much","Very much","Very much","A fair amount","Very much","Much","A little","A fair amount","A fair amount","A fair amount","Not at all","Not at all","Not at all","Not at all","Not at all","Not at all","Not at all","Not at all","Not at all","Not at all","Not at all","Not at all","Not at all","Not at all","Not at all","7 - Corresponds exactly","7 - Corresponds exactly","7 - Corresponds exactly","4 - Corresponds moderately","1 - Does not correspond at all","5 - Corresponds a lot","7 - Corresponds exactly","7 - Corresponds exactly","6","7 - Corresponds exactly","3 - Corresponds a little","1 - Does not correspond at all","5 - Corresponds a lot","7 - Corresponds exactly","7 - Corresponds exactly","7 - Corresponds exactly","6","3 - Corresponds a little","1 - Does not correspond at all","6","6","7 - Corresponds exactly","7 - Corresponds exactly","7 - Corresponds exactly","5 - Corresponds a lot","1 - Does not correspond at all","5 - Corresponds a lot","6","Often","Almost Never","Almost Always","Sometimes","Almost Never","Often","Often","Almost Never","Sometimes","Often","Often","Sometimes","Often","Almost Never","Sometimes","Sometimes","Sometimes","Sometimes","Almost Never","Almost Never","Sometimes","Not at all","Mildly - but it didn't bother me much","Mildly - but it didn't bother me much","Severely - it bothered me a lot","Severely - it bothered me a lot","Mildly - but it didn't bother me much","Moderately - it wasn't pleasant at times","Mildly - but it didn't bother me much","Moderately - it wasn't pleasant at times","Severely - it bothered me a lot","Mildly - but it didn't bother me much","Mildly - but it didn't bother me much","Mildly - but it didn't bother me much","Not at all","Not at all","Not at all","Moderately - it wasn't pleasant at times","Moderately - it wasn't pleasant at times","Not at all","Not at all","Not at all","2","3","1 - Not at all typical of me","4","4","4","4","3","4","1 - Not at all typical of me","2","5 - Very typical of me","5 - Very typical of me","4","1 - Not at all typical of me","3","4","Strongly Agree","Neither Agree nor Disagree","Disagree","Strongly Agree","Agree","Disagree","Strongly Agree","Strongly Agree","Strongly Agree","Strongly Agree","Strongly Agree","Neither Agree nor Disagree","Disagree","Agree","Agree","Strongly Agree","Disagree","Neither Agree nor Disagree","Agree","Agree","Neither Agree nor Disagree","Strongly Agree","Strongly Agree","Disagree","Strongly Agree","Strongly Disagree","Strongly Agree","Strongly Agree","Strongly Agree","Strongly Agree","Disagree","Agree","Neither Agree nor Disagree","Disagree","Agree","Strongly Agree","Agree","Strongly Disagree","Strongly Disagree","Strongly Disagree","Strongly Agree","Disagree","Strongly Disagree","Strongly Agree","Disagree","Strongly Agree","Strongly Agree","Research Participation: I consent to provide data from my research experience to researchers for analysis","Participation"
"11615","21","Female","95","A fair amount","A little","A fair amount","A fair amount","A fair amount","A little","A fair amount","A fair amount","Much","A little","Much","A fair amount","A little","A fair amount","A little","A little","Not at all","Not at all","Not at all","A little","A little","Not at all","A little","A little","A fair amount","A little","Not at all","A little","A little","A little","Not at all","7 - Corresponds exactly","7 - Corresponds exactly","7 - Corresponds exactly","4 - Corresponds moderately","2","7 - Corresponds exactly","7 - Corresponds exactly","7 - Corresponds exactly","6","7 - Corresponds exactly","4 - Corresponds moderately","1 - Does not correspond at all","7 - Corresponds exactly","7 - Corresponds exactly","7 - Corresponds exactly","7 - Corresponds exactly","7 - Corresponds exactly","4 - Corresponds moderately","1 - Does not correspond at all","7 - Corresponds exactly","7 - Corresponds exactly","7 - Corresponds exactly","7 - Corresponds exactly","7 - Corresponds exactly","4 - Corresponds moderately","1 - Does not correspond at all","7 - Corresponds exactly","7 - Corresponds exactly","Often","Sometimes","Sometimes","Sometimes","Sometimes","Almost Never","Sometimes","Almost Never","Sometimes","Often","Sometimes","Sometimes","Sometimes","Almost Never","Almost Never","Sometimes","Sometimes","Sometimes","Almost Never","Almost Never","Almost Never","Not at all","Mildly - but it didn't bother me much","Not at all","Moderately - it wasn't pleasant at times","Moderately - it wasn't pleasant at times","Not at all","Mildly - but it didn't bother me much","Not at all","Not at all","Moderately - it wasn't pleasant at times","Not at all","Not at all","Not at all","Not at all","Not at all","Not at all","Not at all","Not at all","Not at all","Mildly - but it didn't bother me much","Not at all","2","4","2","3","3","3","3","2","3","1 - Not at all typical of me","3","5 - Very typical of me","3","3","2","2","3","Strongly Agree","Strongly Agree","Neither Agree nor Disagree","Strongly Agree","Strongly Agree","Disagree","Strongly Agree","Strongly Agree","Strongly Agree","Strongly Agree","Strongly Agree","Agree","Disagree","Strongly Agree","Strongly Agree","Disagree","Disagree","Strongly Agree","Strongly Agree","Strongly Agree","Strongly Agree","Strongly Agree","Strongly Agree","Strongly Agree","Strongly Agree","Disagree","Strongly Agree","Strongly Agree","Strongly Agree","Strongly Agree","Disagree","Agree","Disagree","Agree","Strongly Agree","Strongly Agree","Strongly Agree","Disagree","Neither Agree nor Disagree","Neither Agree nor Disagree","Agree","Neither Agree nor Disagree","Neither Agree nor Disagree","Agree","Agree","Agree","Agree","Research Participation: I consent to provide data from my research experience to researchers for analysis","Participation"
"16453","18","Female","97","A little","Not at all","A little","A little","A little","Not at all","A little","A little","A fair amount","A fair amount","A little","A little","Not at all","A little","Not at all","Not at all","Not at all","Not at all","Not at all","Not at all","Not at all","Not at all","A little","A little","A little","A little","Not at all","Not at all","Not at all","Not at all","Not at all","3 - Corresponds a little","4 - Corresponds moderately","7 - Corresponds exactly","1 - Does not correspond at all","1 - Does not correspond at all","2","3 - Corresponds a little","7 - Corresponds exactly","3 - Corresponds a little","7 - Corresponds exactly","1 - Does not correspond at all","1 - Does not correspond at all","5 - Corresponds a lot","6","6","3 - Corresponds a little","6","1 - Does not correspond at all","1 - Does not correspond at all","2","5 - Corresponds a lot","7 - Corresponds exactly","5 - Corresponds a lot","7 - Corresponds exactly","4 - Corresponds moderately","1 - Does not correspond at all","4 - Corresponds moderately","4 - Corresponds moderately","Often","Almost Never","Sometimes","Almost Never","Almost Never","Almost Never","Sometimes","Almost Never","Almost Never","Sometimes","Almost Never","Almost Never","Almost Never","Almost Never","Almost Never","Almost Never","Sometimes","Sometimes","Almost Never","Often","Almost Never","Not at all","Moderately - it wasn't pleasant at times","Not at all","Mildly - but it didn't bother me much","Mildly - but it didn't bother me much","Not at all","Not at all","Not at all","Not at all","Moderately - it wasn't pleasant at times","Not at all","Mildly - but it didn't bother me much","Mildly - but it didn't bother me much","Not at all","Not at all","Not at all","Not at all","Not at all","Not at all","Not at all","Mildly - but it didn't bother me much","1 - Not at all typical of me","2","1 - Not at all typical of me","4","3","3","3","2","4","1 - Not at all typical of me","3","5 - Very typical of me","4","3","2","2","2","Agree","Strongly Agree","Disagree","Strongly Agree","Agree","Disagree","Agree","Agree","Strongly Agree","Strongly Agree","Agree","Strongly Disagree","Strongly Disagree","Strongly Disagree","Agree","Strongly Disagree","Strongly Disagree","Agree","Agree","Agree","Strongly Agree","Neither Agree nor Disagree","Agree","Disagree","Strongly Agree","Strongly Disagree","Agree","Strongly Disagree","Strongly Agree","Strongly Agree","Strongly Disagree","Agree","Strongly Disagree","Strongly Agree","Strongly Agree","Strongly Agree","Strongly Agree","Strongly Disagree","Disagree","Disagree","Strongly Agree","Strongly Agree","Disagree","Agree","Strongly Disagree","Strongly Agree","Agree","Research Participation: I consent to provide data from my research experience to researchers for analysis","Participation"
"8508","21","female","92","A little","A little","A little","A little","A little","Not at all","A little","A fair amount","Very much","A little","A fair amount","A fair amount","A little","Much","","Not at all","Not at all","Not at all","Not at all","Not at all","Not at all","A fair amount","A little","A little","Much","A little","Not at all","A little","Not at all","Not at all","Not at all","6","4 - Corresponds moderately","7 - Corresponds exactly","1 - Does not correspond at all","1 - Does not correspond at all","2","6","6","4 - Corresponds moderately","7 - Corresponds exactly","6","1 - Does not correspond at all","","5 - Corresponds a lot","6","5 - Corresponds a lot","7 - Corresponds exactly","5 - Corresponds a lot","1 - Does not correspond at all","4 - Corresponds moderately","4 - Corresponds moderately","6","5 - Corresponds a lot","7 - Corresponds exactly","3 - Corresponds a little","1 - Does not correspond at all","4 - Corresponds moderately","5 - Corresponds a lot","Often","Almost Never","Almost Never","Almost Never","Almost Never","Almost Never","Almost Never","Almost Never","Sometimes","Almost Never","Almost Never","Almost Never","Almost Never","Almost Never","Almost Never","Almost Never","Almost Never","Sometimes","Almost Never","Almost Never","Almost Never","Not at all","Mildly - but it didn't bother me much","Not at all","Moderately - it wasn't pleasant at times","Moderately - it wasn't pleasant at times","Not at all","Mildly - but it didn't bother me much","Not at all","Mildly - but it didn't bother me much","Mildly - but it didn't bother me much","Not at all","Mildly - but it didn't bother me much","Not at all","Not at all","Not at all","Not at all","Not at all","Not at all","Not at all","Mildly - but it didn't bother me much","Not at all","4","2","3","2","2","4","2","4","1 - Not at all typical of me","2","3","5 - Very typical of me","1 - Not at all typical of me","4","2","2","3","Strongly Agree","Strongly Agree","Disagree","Agree","Strongly Agree","Strongly Disagree","Strongly Agree","Strongly Agree","Strongly Agree","Strongly Agree","Agree","Disagree","Disagree","Agree","Strongly Agree","Agree","Strongly Disagree","Agree","Strongly Agree","Strongly Agree","Strongly Agree","Neither Agree nor Disagree","Strongly Agree","Strongly Agree","Strongly Agree","Disagree","Strongly Agree","Agree","Agree","Agree","Disagree","Agree","Neither Agree nor Disagree","Strongly Agree","Strongly Agree","Neither Agree nor Disagree","Strongly Agree","Neither Agree nor Disagree","Disagree","Agree","Do Not Recall","Agree","Agree","Agree","Agree","Agree","Do Not Recall","Research Participation: I consent to provide data from my research experience to researchers for analysis","Participation"
"17214","18","female","98","Much","A fair amount","Very much","Very much","Very much","Very much","A fair amount","A little","Very much","Much","A little","Much","A fair amount","Much","Much","A little","Not at all","Not at all","Not at all","Not at all","Not at all","A little","Not at all","Not at all","Not at all","Not at all","Not at all","Not at all","Not at all","Not at all","Not at all","5 - Corresponds a lot","5 - Corresponds a lot","5 - Corresponds a lot","3 - Corresponds a little","3 - Corresponds a little","4 - Corresponds moderately","4 - Corresponds moderately","5 - Corresponds a lot","5 - Corresponds a lot","5 - Corresponds a lot","1 - Does not correspond at all","3 - Corresponds a little","4 - Corresponds moderately","5 - Corresponds a lot","5 - Corresponds a lot","5 - Corresponds a lot","5 - Corresponds a lot","4 - Corresponds moderately","1 - Does not correspond at all","5 - Corresponds a lot","5 - Corresponds a lot","5 - Corresponds a lot","5 - Corresponds a lot","4 - Corresponds moderately","3 - Corresponds a little","1 - Does not correspond at all","4 - Corresponds moderately","5 - Corresponds a lot","Sometimes","Often","Often","Often","Often","Sometimes","Almost Always","Almost Never","Sometimes","Almost Always","Almost Always","Almost Always","Almost Always","Often","Almost Always","Almost Always","Almost Always","Almost Always","Often","Almost Always","Often","Not at all","Moderately - it wasn't pleasant at times","Mildly - but it didn't bother me much","Severely - it bothered me a lot","Severely - it bothered me a lot","Moderately - it wasn't pleasant at times","Moderately - it wasn't pleasant at times","Moderately - it wasn't pleasant at times","Moderately - it wasn't pleasant at times","Severely - it bothered me a lot","Moderately - it wasn't pleasant at times","Mildly - but it didn't bother me much","Mildly - but it didn't bother me much","Moderately - it wasn't pleasant at times","Not at all","Mildly - but it didn't bother me much","Moderately - it wasn't pleasant at times","Moderately - it wasn't pleasant at times","Moderately - it wasn't pleasant at times","Moderately - it wasn't pleasant at times","Moderately - it wasn't pleasant at times","1 - Not at all typical of me","4","1 - Not at all typical of me","5 - Very typical of me","5 - Very typical of me","5 - Very typical of me","5 - Very typical of me","2","5 - Very typical of me","1 - Not at all typical of me","2","5 - Very typical of me","4","4","3","4","3","Agree","Strongly Agree","Neither Agree nor Disagree","Agree","Agree","Disagree","Agree","Agree","Agree","Agree","Strongly Agree","Neither Agree nor Disagree","Disagree","Disagree","Agree","Disagree","Disagree","Agree","Strongly Agree","Agree","Strongly Agree","Strongly Agree","Agree","Neither Agree nor Disagree","Agree","Strongly Disagree","Neither Agree nor Disagree","Neither Agree nor Disagree","Agree","Strongly Agree","Disagree","Agree","Agree","Neither Agree nor Disagree","Strongly Agree","Agree","Disagree","Disagree","Disagree","Neither Agree nor Disagree","Strongly Agree","Agree","Neither Agree nor Disagree","Strongly Agree","Disagree","Agree","Agree","Research Participation: I consent to provide data from my research experience to researchers for analysis","Participation"
"17381","39","Female","70","Much","Much","Much","A fair amount","A fair amount","A little","Much","Very much","Very much","A fair amount","Much","Much","A fair amount","Much","Much","A little","Not at all","Not at all","Not at all","Not at all","Not at all","A little","A little","A little","A little","A little","Not at all","A little","Not at all","Not at all","Not at all","4 - Corresponds moderately","3 - Corresponds a little","6","1 - Does not correspond at all","1 - Does not correspond at all","3 - Corresponds a little","1 - Does not correspond at all","6","1 - Does not correspond at all","7 - Corresponds exactly","1 - Does not correspond at all","1 - Does not correspond at all","4 - Corresponds moderately","3 - Corresponds a little","4 - Corresponds moderately","4 - Corresponds moderately","7 - Corresponds exactly","1 - Does not correspond at all","1 - Does not correspond at all","1 - Does not correspond at all","1 - Does not correspond at all","4 - Corresponds moderately","3 - Corresponds a little","4 - Corresponds moderately","1 - Does not correspond at all","1 - Does not correspond at all","1 - Does not correspond at all","4 - Corresponds moderately","Sometimes","Almost Never","Almost Never","Sometimes","Almost Never","Sometimes","Almost Never","Almost Never","Sometimes","Almost Never","Often","Sometimes","Sometimes","Almost Never","Almost Never","Sometimes","Sometimes","Almost Never","Almost Never","Almost Never","Almost Never","Mildly - but it didn't bother me much","Not at all","Not at all","Mildly - but it didn't bother me much","Mildly - but it didn't bother me much","Not at all","Not at all","Mildly - but it didn't bother me much","Not at all","Mildly - but it didn't bother me much","Not at all","Not at all","Not at all","Not at all","Not at all","Not at all","Mildly - but it didn't bother me much","Mildly - but it didn't bother me much","Mildly - but it didn't bother me much","Mildly - but it didn't bother me much","Not at all","1 - Not at all typical of me","1 - Not at all typical of me","2","3","2","3","2","2","4","1 - Not at all typical of me","1 - Not at all typical of me","5 - Very typical of me","3","3","1 - Not at all typical of me","2","4","Agree","Do Not Recall","Neither Agree nor Disagree","Agree","Agree","Disagree","Do Not Recall","Agree","Agree","Agree","Do Not Recall","Agree","Disagree","Disagree","Neither Agree nor Disagree","Strongly Agree","Neither Agree nor Disagree","Agree","Agree","Agree","Strongly Agree","Do Not Recall","Do Not Recall","Disagree","Neither Agree nor Disagree","Disagree","Neither Agree nor Disagree","Disagree","Strongly Agree","Strongly Agree","Disagree","Agree","Disagree","Neither Agree nor Disagree","Neither Agree nor Disagree","Strongly Agree","Agree","Strongly Disagree","Disagree","Neither Agree nor Disagree","Do Not Recall","Agree","Do Not Recall","Agree","Do Not Recall","Do Not Recall","Do Not Recall","Research Participation: I consent to provide data from my research experience to researchers for analysis","Participation"
"15496","34","female","85","Very much","Very much","Very much","Very much","Very much","A little","A little","Very much","Very much","Much","Very much","Very much","A little","Much","A little","A fair amount","A fair amount","Not at all","A fair amount","Very much","Much","Very much","Much","Much","Much","Much","Not at all","Much","A fair amount","Much","Not at all","1 - Does not correspond at all","4 - Corresponds moderately","5 - Corresponds a lot","1 - Does not correspond at all","1 - Does not correspond at all","3 - Corresponds a little","6","7 - Corresponds exactly","6","7 - Corresponds exactly","2","1 - Does not correspond at all","7 - Corresponds exactly","4 - Corresponds moderately","1 - Does not correspond at all","6","6","1 - Does not correspond at all","1 - Does not correspond at all","6","6","7 - Corresponds exactly","7 - Corresponds exactly","6","1 - Does not correspond at all","1 - Does not correspond at all","6","7 - Corresponds exactly","Almost Never","Almost Always","Sometimes","Sometimes","Sometimes","Almost Never","Sometimes","Almost Never","Sometimes","Sometimes","Almost Never","Sometimes","Almost Always","Sometimes","Sometimes","Sometimes","Sometimes","Often","Sometimes","Sometimes","Sometimes","Mildly - but it didn't bother me much","Moderately - it wasn't pleasant at times","Mildly - but it didn't bother me much","Severely - it bothered me a lot","Severely - it bothered me a lot","Moderately - it wasn't pleasant at times","Moderately - it wasn't pleasant at times","Not at all","Not at all","Mildly - but it didn't bother me much","Not at all","Mildly - but it didn't bother me much","Mildly - but it didn't bother me much","Not at all","Mildly - but it didn't bother me much","Not at all","Not at all","Severely - it bothered me a lot","Not at all","Not at all","Moderately - it wasn't pleasant at times","1 - Not at all typical of me","5 - Very typical of me","1 - Not at all typical of me","4","4","4","4","1 - Not at all typical of me","3","1 - Not at all typical of me","1 - Not at all typical of me","5 - Very typical of me","4","4","4","4","4","Neither Agree nor Disagree","Disagree","Disagree","Disagree","Strongly Disagree","Agree","Disagree","Disagree","Strongly Disagree","Disagree","Disagree","Strongly Agree","Strongly Agree","Strongly Disagree","Disagree","Strongly Agree","Neither Agree nor Disagree","Disagree","Disagree","Disagree","Agree","Disagree","Disagree","Strongly Disagree","Agree","Agree","Strongly Agree","Agree","Strongly Agree","Strongly Agree","Disagree","Agree","Disagree","Strongly Agree","Strongly Agree","Strongly Agree","Strongly Agree","Agree","Strongly Disagree","Neither Agree nor Disagree","Disagree","Neither Agree nor Disagree","Neither Agree nor Disagree","Agree","Disagree","Neither Agree nor Disagree","Agree","Research Participation: I consent to provide data from my research experience to researchers for analysis","Participation"
"17325","19","Female","83","Very much","Much","Very much","Very much","Very much","A little","Much","A fair amount","A fair amount","A little","A fair amount","A little","A little","A fair amount","A little","Much","A little","A little","A fair amount","A fair amount","A little","A fair amount","A little","A fair amount","A fair amount","A little","Not at all","A fair amount","A little","A little","Not at all","5 - Corresponds a lot","5 - Corresponds a lot","5 - Corresponds a lot","3 - Corresponds a little","1 - Does not correspond at all","3 - Corresponds a little","2","4 - Corresponds moderately","4 - Corresponds moderately","4 - Corresponds moderately","2","1 - Does not correspond at all","5 - Corresponds a lot","4 - Corresponds moderately","5 - Corresponds a lot","6","4 - Corresponds moderately","2","1 - Does not correspond at all","4 - Corresponds moderately","5 - Corresponds a lot","6","5 - Corresponds a lot","5 - Corresponds a lot","4 - Corresponds moderately","1 - Does not correspond at all","4 - Corresponds moderately","3 - Corresponds a little","Almost Never","Almost Always","Often","Often","Sometimes","Sometimes","Often","Almost Never","Sometimes","Almost Always","Almost Always","Often","Almost Always","Almost Always","Almost Always","Almost Always","Almost Always","Often","Almost Always","Often","Almost Always","Not at all","Moderately - it wasn't pleasant at times","Not at all","Mildly - but it didn't bother me much","Not at all","Mildly - but it didn't bother me much","Not at all","Not at all","Not at all","Mildly - but it didn't bother me much","Not at all","Not at all","Not at all","Not at all","Not at all","Not at all","Not at all","Not at all","Not at all","Severely - it bothered me a lot","Not at all","1 - Not at all typical of me","3","1 - Not at all typical of me","2","5 - Very typical of me","4","3","2","3","1 - Not at all typical of me","2","5 - Very typical of me","3","3","2","2","5 - Very typical of me","Agree","Neither Agree nor Disagree","Agree","Agree","Neither Agree nor Disagree","Disagree","Disagree","Agree","Agree","Agree","Neither Agree nor Disagree","Neither Agree nor Disagree","Disagree","Neither Agree nor Disagree","Neither Agree nor Disagree","Disagree","Neither Agree nor Disagree","Neither Agree nor Disagree","Neither Agree nor Disagree","Agree","Agree","Agree","Neither Agree nor Disagree","Agree","Neither Agree nor Disagree","Neither Agree nor Disagree","Neither Agree nor Disagree","Agree","Agree","Agree","Disagree","Agree","Neither Agree nor Disagree","Agree","Strongly Agree","Agree","Agree","Neither Agree nor Disagree","Neither Agree nor Disagree","Neither Agree nor Disagree","Disagree","Agree","Neither Agree nor Disagree","Neither Agree nor Disagree","Agree","Agree","Agree","Research Participation: I consent to provide data from my research experience to researchers for analysis","Participation"
"17387","20","male","90","Much","A little","A fair amount","Much","Very much","A little","A little","A fair amount","Much","A little","A little","A little","Not at all","A little","A little","A little","Not at all","Not at all","Not at all","Not at all","Not at all","Not at all","Not at all","Not at all","Not at all","Not at all","Not at all","A little","Not at all","A little","Not at all","3 - Corresponds a little","3 - Corresponds a little","6","1 - Does not correspond at all","1 - Does not correspond at all","4 - Corresponds moderately","3 - Corresponds a little","5 - Corresponds a lot","4 - Corresponds moderately","5 - Corresponds a lot","1 - Does not correspond at all","1 - Does not correspond at all","1 - Does not correspond at all","3 - Corresponds a little","4 - Corresponds moderately","4 - Corresponds moderately","5 - Corresponds a lot","2","1 - Does not correspond at all","3 - Corresponds a little","2","5 - Corresponds a lot","5 - Corresponds a lot","4 - Corresponds moderately","3 - Corresponds a little","2","2","4 - Corresponds moderately","Almost Never","Sometimes","Sometimes","Sometimes","Often","Almost Never","Almost Never","Almost Never","Sometimes","Often","Sometimes","Sometimes","Often","Almost Never","Almost Never","Often","Almost Always","Often","Almost Never","Almost Never","Sometimes","Not at all","Mildly - but it didn't bother me much","Not at all","Mildly - but it didn't bother me much","Moderately - it wasn't pleasant at times","Not at all","Moderately - it wasn't pleasant at times","Not at all","Mildly - but it didn't bother me much","Moderately - it wasn't pleasant at times","Not at all","Not at all","Mildly - but it didn't bother me much","Mildly - but it didn't bother me much","Not at all","Not at all","Mildly - but it didn't bother me much","Not at all","Not at all","Moderately - it wasn't pleasant at times","Moderately - it wasn't pleasant at times","4","1 - Not at all typical of me","2","2","2","3","2","2","3","2","3","5 - Very typical of me","3","3","3","2","2","Disagree","Agree","Strongly Agree","Disagree","Neither Agree nor Disagree","Strongly Disagree","Strongly Agree","Agree","Strongly Agree","Neither Agree nor Disagree","Disagree","Neither Agree nor Disagree","Agree","Strongly Disagree","Neither Agree nor Disagree","Agree","Agree","Strongly Agree","Agree","Strongly Disagree","Neither Agree nor Disagree","Agree","Disagree","Agree","Disagree","Strongly Disagree","Agree","Strongly Agree","Agree","Strongly Agree","Strongly Disagree","Agree","Disagree","Agree","Agree","Strongly Agree","Strongly Agree","Neither Agree nor Disagree","Strongly Disagree","Neither Agree nor Disagree","Strongly Disagree","Strongly Agree","Disagree","Strongly Agree","Agree","Strongly Agree","Agree","Research Participation: I consent to provide data from my research experience to researchers for analysis","Participation"
"11450","20","Female","97","A little","Not at all","A little","A little","A little","A little","A little","A little","A little","A little","A little","A little","Not at all","A little","Not at all","Not at all","Not at all","Not at all","Not at all","Not at all","Not at all","Not at all","Not at all","Not at all","Not at all","Not at all","Not at all","Not at all","Not at all","Not at all","Not at all","5 - Corresponds a lot","2","7 - Corresponds exactly","2","1 - Does not correspond at all","1 - Does not correspond at all","2","4 - Corresponds moderately","2","5 - Corresponds a lot","1 - Does not correspond at all","1 - Does not correspond at all","3 - Corresponds a little","2","4 - Corresponds moderately","4 - Corresponds moderately","5 - Corresponds a lot","1 - Does not correspond at all","1 - Does not correspond at all","2","2","5 - Corresponds a lot","3 - Corresponds a little","4 - Corresponds moderately","1 - Does not correspond at all","1 - Does not correspond at all","1 - Does not correspond at all","2","Sometimes","Almost Never","Almost Never","Almost Never","Almost Never","Almost Never","Almost Never","Almost Never","Almost Never","","Sometimes","Almost Never","Almost Never","Almost Never","Almost Never","Almost Never","Sometimes","Almost Never","Almost Never","Almost Never","Almost Never","Not at all","Not at all","Not at all","Not at all","Not at all","Not at all","Not at all","Not at all","Not at all","Not at all","Not at all","Not at all","Not at all","Not at all","Not at all","Not at all","Not at all","Not at all","Not at all","Not at all","Not at all","2","2","3","1 - Not at all typical of me","1 - Not at all typical of me","2","1 - Not at all typical of me","4","2","2","4","5 - Very typical of me","2","2","1 - Not at all typical of me","1 - Not at all typical of me","2","Agree","Neither Agree nor Disagree","Neither Agree nor Disagree","Agree","Disagree","Disagree","Disagree","Agree","Agree","Agree","Agree","Disagree","Strongly Disagree","Disagree","Neither Agree nor Disagree","Strongly Disagree","Disagree","Agree","Agree","Agree","Strongly Agree","Agree","Agree","Disagree","Agree","Strongly Disagree","Disagree","Strongly Disagree","Neither Agree nor Disagree","Agree","Agree","Agree","Neither Agree nor Disagree","Strongly Disagree","Agree","Neither Agree nor Disagree","Disagree","Strongly Disagree","Neither Agree nor Disagree","Neither Agree nor Disagree","Agree","Agree","Neither Agree nor Disagree","Neither Agree nor Disagree","Neither Agree nor Disagree","Neither Agree nor Disagree","Neither Agree nor Disagree","Research Participation: I consent to provide data from my research experience to researchers for analysis","Participation"
"15743","19","Female","90","Very much","Very much","Very much","Very much","Very much","Very much","Much","Much","A fair amount","A fair amount","A little","A fair amount","A little","A little","A fair amount","A fair amount","A fair amount","A little","A little","Much","A little","A little","A fair amount","A fair amount","A little","A little","A little","A fair amount","A little","A little","Not at all","3 - Corresponds a little","5 - Corresponds a lot","5 - Corresponds a lot","5 - Corresponds a lot","3 - Corresponds a little","5 - Corresponds a lot","5 - Corresponds a lot","3 - Corresponds a little","3 - Corresponds a little","6","2","3 - Corresponds a little","6","4 - Corresponds moderately","3 - Corresponds a little","6","5 - Corresponds a lot","2","2","5 - Corresponds a lot","5 - Corresponds a lot","4 - Corresponds moderately","5 - Corresponds a lot","2","2","1 - Does not correspond at all","4 - Corresponds moderately","5 - Corresponds a lot","Sometimes","Often","Sometimes","Almost Never","Almost Never","Almost Never","Sometimes","Almost Never","Almost Always","Often","Sometimes","Often","Often","Often","Sometimes","Often","Often","Often","Often","Almost Never","Almost Never","Mildly - but it didn't bother me much","Moderately - it wasn't pleasant at times","Mildly - but it didn't bother me much","Severely - it bothered me a lot","Moderately - it wasn't pleasant at times","Not at all","Mildly - but it didn't bother me much","Not at all","Not at all","Moderately - it wasn't pleasant at times","Not at all","Mildly - but it didn't bother me much","Not at all","Not at all","Not at all","Not at all","Mildly - but it didn't bother me much","Mildly - but it didn't bother me much","Not at all","Moderately - it wasn't pleasant at times","Moderately - it wasn't pleasant at times","2","4","3","3","5 - Very typical of me","4","4","2","2","1 - Not at all typical of me","2","5 - Very typical of me","3","4","4","4","4","Strongly Agree","Strongly Agree","Disagree","Agree","Agree","Disagree","Agree","Agree","Agree","Agree","Agree","Disagree","Disagree","Agree","Agree","Disagree","Disagree","Agree","Agree","Agree","Agree","Agree","Agree","Neither Agree nor Disagree","Agree","Disagree","Agree","Neither Agree nor Disagree","Agree","Agree","Neither Agree nor Disagree","Agree","Disagree","Strongly Agree","Strongly Agree","Strongly Agree","Agree","Strongly Disagree","Disagree","Disagree","Agree","Disagree","Neither Agree nor Disagree","Agree","Disagree","Strongly Agree","Agree","Research Participation: I consent to provide data from my research experience to researchers for analysis","Participation"
"17296","26","Female","60","Very much","Very much","Very much","Very much","Very much","Very much","Very much","Very much","Very much","Very much","Very much","Very much","Very much","Very much","Very much","Very much","Not at all","Not at all","Not at all","Very much","A little","Very much","A little","Very much","A fair amount","Very much","A little","A little","A little","A little","Not at all","7 - Corresponds exactly","7 - Corresponds exactly","4 - Corresponds moderately","5 - Corresponds a lot","3 - Corresponds a little","4 - Corresponds moderately","6","7 - Corresponds exactly","6","7 - Corresponds exactly","6","3 - Corresponds a little","3 - Corresponds a little","5 - Corresponds a lot","7 - Corresponds exactly","7 - Corresponds exactly","5 - Corresponds a lot","5 - Corresponds a lot","2","3 - Corresponds a little","5 - Corresponds a lot","7 - Corresponds exactly","6","7 - Corresponds exactly","4 - Corresponds moderately","2","5 - Corresponds a lot","6","Sometimes","Often","Almost Always","Often","Almost Always","Sometimes","Often","Almost Never","Often","Almost Always","Often","Often","Almost Always","Sometimes","Almost Always","Often","Often","Almost Always","Often","Sometimes","Often","Mildly - but it didn't bother me much","Severely - it bothered me a lot","Not at all","Severely - it bothered me a lot","Severely - it bothered me a lot","Not at all","Severely - it bothered me a lot","Severely - it bothered me a lot","Severely - it bothered me a lot","Severely - it bothered me a lot","Not at all","Severely - it bothered me a lot","Severely - it bothered me a lot","Severely - it bothered me a lot","Mildly - but it didn't bother me much","Severely - it bothered me a lot","Severely - it bothered me a lot","Severely - it bothered me a lot","Mildly - but it didn't bother me much","Severely - it bothered me a lot","Severely - it bothered me a lot","1 - Not at all typical of me","5 - Very typical of me","1 - Not at all typical of me","5 - Very typical of me","5 - Very typical of me","5 - Very typical of me","5 - Very typical of me","4","5 - Very typical of me","1 - Not at all typical of me","3","5 - Very typical of me","4","5 - Very typical of me","4","5 - Very typical of me","5 - Very typical of me","Disagree","Disagree","Strongly Agree","Neither Agree nor Disagree","Strongly Disagree","Do Not Recall","Strongly Disagree","Disagree","Strongly Disagree","Disagree","Neither Agree nor Disagree","Strongly Agree","Strongly Agree","Strongly Disagree","Strongly Disagree","Agree","Do Not Recall","Disagree","Agree","Disagree","Agree","Disagree","Disagree","Strongly Disagree","Disagree","Neither Agree nor Disagree","Strongly Disagree","Strongly Disagree","Strongly Disagree","Strongly Disagree","Agree","Agree","Agree","Strongly Disagree","Disagree","Disagree","Strongly Disagree","Agree","Strongly Disagree","Strongly Disagree","Strongly Disagree","Strongly Agree","Strongly Disagree","Strongly Agree","Strongly Disagree","Strongly Agree","Neither Agree nor Disagree","Research Participation: I consent to provide data from my research experience to researchers for analysis","Participation"
"15000","20","Female","99.8","Very much","Much","Very much","Very much","Very much","A fair amount","Very much","A little","Very much","A fair amount","Much","Much","A little","A fair amount","A fair amount","A little","A little","Not at all","Not at all","A little","Not at all","A fair amount","A little","A fair amount","A little","Not at all","Not at all","Not at all","Not at all","Not at all","Not at all","4 - Corresponds moderately","6","7 - Corresponds exactly","7 - Corresponds exactly","1 - Does not correspond at all","4 - Corresponds moderately","5 - Corresponds a lot","5 - Corresponds a lot","6","7 - Corresponds exactly","7 - Corresponds exactly","2","5 - Corresponds a lot","5 - Corresponds a lot","5 - Corresponds a lot","5 - Corresponds a lot","4 - Corresponds moderately","3 - Corresponds a little","1 - Does not correspond at all","5 - Corresponds a lot","5 - Corresponds a lot","2","7 - Corresponds exactly","7 - Corresponds exactly","7 - Corresponds exactly","2","7 - Corresponds exactly","7 - Corresponds exactly","Almost Never","Sometimes","Almost Always","Almost Always","Often","Sometimes","Often","Almost Never","Almost Always","Almost Always","Almost Always","Almost Always","Almost Always","Sometimes","Almost Always","Almost Always","Almost Always","Almost Always","Almost Always","Almost Always","Almost Always","Mildly - but it didn't bother me much","Moderately - it wasn't pleasant at times","Not at all","Moderately - it wasn't pleasant at times","Moderately - it wasn't pleasant at times","Mildly - but it didn't bother me much","Not at all","Not at all","Mildly - but it didn't bother me much","Moderately - it wasn't pleasant at times","Mildly - but it didn't bother me much","Moderately - it wasn't pleasant at times","Not at all","Moderately - it wasn't pleasant at times","Not at all","Mildly - but it didn't bother me much","Moderately - it wasn't pleasant at times","Not at all","Not at all","Not at all","Severely - it bothered me a lot","1 - Not at all typical of me","5 - Very typical of me","1 - Not at all typical of me","5 - Very typical of me","5 - Very typical of me","5 - Very typical of me","5 - Very typical of me","1 - Not at all typical of me","4","1 - Not at all typical of me","1 - Not at all typical of me","5 - Very typical of me","2","5 - Very typical of me","4","4","3","Strongly Agree","Strongly Agree","Disagree","Strongly Agree","Strongly Agree","Disagree","Neither Agree nor Disagree","Strongly Agree","Strongly Agree","Strongly Agree","Strongly Agree","Strongly Disagree","Strongly Disagree","Strongly Disagree","Strongly Agree","Strongly Disagree","Strongly Disagree","Strongly Agree","Strongly Agree","Strongly Agree","Strongly Agree","Agree","Strongly Agree","Agree","Strongly Agree","Strongly Disagree","Disagree","Strongly Disagree","Agree","Agree","Agree","Agree","Agree","Disagree","Strongly Agree","Strongly Agree","Agree","Strongly Disagree","Disagree","Neither Agree nor Disagree","Strongly Agree","Strongly Agree","Neither Agree nor Disagree","Agree","Disagree","Agree","Strongly Agree","Research Participation: I consent to provide data from my research experience to researchers for analysis","Participation"
"15883","18","Female","98","A little","Not at all","A little","A little","A little","Not at all","Not at all","A little","A little","Not at all","Not at all","A little","Not at all","A little","Not at all","Not at all","Not at all","Not at all","Not at all","Not at all","Not at all","A little","Not at all","A little","A little","Not at all","Not at all","Not at all","Not at all","Not at all","Not at all","5 - Corresponds a lot","4 - Corresponds moderately","7 - Corresponds exactly","1 - Does not correspond at all","1 - Does not correspond at all","5 - Corresponds a lot","5 - Corresponds a lot","7 - Corresponds exactly","4 - Corresponds moderately","7 - Corresponds exactly","1 - Does not correspond at all","1 - Does not correspond at all","3 - Corresponds a little","5 - Corresponds a lot","6","4 - Corresponds moderately","5 - Corresponds a lot","1 - Does not correspond at all","1 - Does not correspond at all","3 - Corresponds a little","5 - Corresponds a lot","6","3 - Corresponds a little","5 - Corresponds a lot","2","1 - Does not correspond at all","4 - Corresponds moderately","5 - Corresponds a lot","Almost Always","Almost Never","Almost Never","Almost Never","Almost Never","Almost Never","Almost Never","Almost Never","Sometimes","Almost Always","Almost Never","Sometimes","Often","Sometimes","Almost Never","Sometimes","Sometimes","Often","Almost Never","Often","Almost Never","Not at all","Mildly - but it didn't bother me much","Not at all","Severely - it bothered me a lot","Not at all","Not at all","Not at all","Not at all","Mildly - but it didn't bother me much","Moderately - it wasn't pleasant at times","Not at all","Not at all","Not at all","Not at all","Not at all","Not at all","Mildly - but it didn't bother me much","Not at all","Not at all","Not at all","Not at all","2","3","3","4","5 - Very typical of me","4","2","1 - Not at all typical of me","5 - Very typical of me","1 - Not at all typical of me","1 - Not at all typical of me","5 - Very typical of me","3","3","3","","4","Strongly Agree","Do Not Recall","Agree","Strongly Agree","Agree","Strongly Disagree","Agree","Strongly Agree","Strongly Agree","Strongly Agree","Strongly Agree","Disagree","Strongly Disagree","Neither Agree nor Disagree","Agree","Strongly Disagree","Disagree","Strongly Agree","Strongly Agree","Strongly Agree","Strongly Agree","Strongly Agree","Strongly Agree","Agree","Strongly Agree","Strongly Disagree","Neither Agree nor Disagree","Strongly Disagree","Strongly Agree","Agree","Strongly Agree","Agree","Agree","Strongly Disagree","Strongly Agree","Agree","Disagree","Strongly Disagree","Agree","Neither Agree nor Disagree","Strongly Agree","Agree","Disagree","Strongly Agree","Strongly Disagree","Strongly Agree","Disagree","Research Participation: I consent to provide data from my research experience to researchers for analysis","Participation"
"17384","30","Male","~ 80%","Much","A little","Much","Very much","Very much","A fair amount","A fair amount","A fair amount","Much","A fair amount","Much","A fair amount","A little","A fair amount","A fair amount","Much","A little","Not at all","A little","A little","A little","Not at all","A little","A fair amount","Not at all","Not at all","A little","A little","Not at all","Not at all","Not at all","5 - Corresponds a lot","7 - Corresponds exactly","6","5 - Corresponds a lot","2","4 - Corresponds moderately","3 - Corresponds a little","5 - Corresponds a lot","6","5 - Corresponds a lot","7 - Corresponds exactly","2","5 - Corresponds a lot","4 - Corresponds moderately","4 - Corresponds moderately","7 - Corresponds exactly","5 - Corresponds a lot","7 - Corresponds exactly","1 - Does not correspond at all","4 - Corresponds moderately","3 - Corresponds a little","4 - Corresponds moderately","7 - Corresponds exactly","4 - Corresponds moderately","6","1 - Does not correspond at all","4 - Corresponds moderately","3 - Corresponds a little","Almost Never","Sometimes","Sometimes","Almost Never","Almost Never","Almost Never","Sometimes","Almost Never","Often","Sometimes","Sometimes","Often","Sometimes","Sometimes","Almost Never","Sometimes","Sometimes","Sometimes","Sometimes","Often","Sometimes","Mildly - but it didn't bother me much","Not at all","Mildly - but it didn't bother me much","Moderately - it wasn't pleasant at times","Mildly - but it didn't bother me much","Mildly - but it didn't bother me much","Not at all","Not at all","Mildly - but it didn't bother me much","Mildly - but it didn't bother me much","Mildly - but it didn't bother me much","Mildly - but it didn't bother me much","Mildly - but it didn't bother me much","Moderately - it wasn't pleasant at times","Mildly - but it didn't bother me much","Not at all","Not at all","Mildly - but it didn't bother me much","Mildly - but it didn't bother me much","Not at all","Not at all","2","3","2","4","4","3","3","2","3","2","3","5 - Very typical of me","3","4","3","3","3","Strongly Agree","Agree","Agree","Agree","Neither Agree nor Disagree","Disagree","Neither Agree nor Disagree","Agree","Disagree","Agree","Agree","Agree","Agree","Agree","Neither Agree nor Disagree","Neither Agree nor Disagree","Neither Agree nor Disagree","Agree","Agree","Agree","Strongly Agree","Neither Agree nor Disagree","Disagree","Agree","Agree","Disagree","Disagree","Strongly Disagree","Agree","Neither Agree nor Disagree","Agree","Agree","Strongly Agree","Strongly Disagree","Neither Agree nor Disagree","Neither Agree nor Disagree","Strongly Disagree","Neither Agree nor Disagree","Disagree","Disagree","Agree","Strongly Agree","Neither Agree nor Disagree","Neither Agree nor Disagree","Agree","Agree","Agree","Research Participation: I consent to provide data from my research experience to researchers for analysis","Participation"
"15793","20","Male","94","Much","A little","A fair amount","Much","Much","Very much","Much","A little","Much","A little","A fair amount","Much","A little","Very much","A little","A little","Not at all","Not at all","Not at all","Not at all","Not at all","Much","A fair amount","A fair amount","A little","A little","Not at all","A little","Not at all","Not at all","Not at all","4 - Corresponds moderately","5 - Corresponds a lot","7 - Corresponds exactly","3 - Corresponds a little","3 - Corresponds a little","4 - Corresponds moderately","3 - Corresponds a little","5 - Corresponds a lot","1 - Does not correspond at all","7 - Corresponds exactly","1 - Does not correspond at all","1 - Does not correspond at all","3 - Corresponds a little","1 - Does not correspond at all","4 - Corresponds moderately","5 - Corresponds a lot","7 - Corresponds exactly","1 - Does not correspond at all","1 - Does not correspond at all","4 - Corresponds moderately","3 - Corresponds a little","4 - Corresponds moderately","7 - Corresponds exactly","5 - Corresponds a lot","3 - Corresponds a little","1 - Does not correspond at all","5 - Corresponds a lot","5 - Corresponds a lot","Almost Never","Often","Sometimes","Almost Never","Sometimes","Almost Never","Sometimes","Almost Never","Almost Never","Often","Almost Always","Often","Almost Always","Often","Almost Never","Sometimes","Almost Always","Sometimes","Almost Never","Often","Almost Never","Not at all","Not at all","Not at all","Moderately - it wasn't pleasant at times","Mildly - but it didn't bother me much","Not at all","Moderately - it wasn't pleasant at times","Mildly - but it didn't bother me much","Mildly - but it didn't bother me much","Moderately - it wasn't pleasant at times","Not at all","Not at all","Not at all","Mildly - but it didn't bother me much","Not at all","Not at all","Not at all","Mildly - but it didn't bother me much","Not at all","Moderately - it wasn't pleasant at times","Moderately - it wasn't pleasant at times","1 - Not at all typical of me","2","1 - Not at all typical of me","2","5 - Very typical of me","3","4","2","4","1 - Not at all typical of me","3","5 - Very typical of me","4","4","3","2","4","Strongly Agree","Strongly Agree","Do Not Recall","Strongly Agree","Agree","Disagree","Agree","Agree","Strongly Agree","Strongly Agree","Strongly Agree","Neither Agree nor Disagree","Disagree","Disagree","Strongly Agree","Disagree","Disagree","Agree","Strongly Agree","Agree","Agree","Strongly Agree","Agree","Neither Agree nor Disagree","Strongly Agree","Disagree","Agree","Neither Agree nor Disagree","Strongly Agree","Strongly Agree","Neither Agree nor Disagree","Agree","Disagree","Disagree","Strongly Agree","Strongly Agree","Agree","Disagree","Disagree","Neither Agree nor Disagree","Strongly Agree","Agree","Neither Agree nor Disagree","Strongly Agree","Disagree","Agree","Agree","Research Participation: I consent to provide data from my research experience to researchers for analysis","Participation"
"15617","21","female","85","Very much","Much","Very much","Very much","Very much","Much","Very much","Very much","Very much","Very much","Very much","Very much","Very much","Very much","Very much","A fair amount","Much","A fair amount","Much","Much","Much","Much","Much","Much","Much","Much","A fair amount","Much","A fair amount","Much","Not at all","7 - Corresponds exactly","7 - Corresponds exactly","7 - Corresponds exactly","4 - Corresponds moderately","1 - Does not correspond at all","7 - Corresponds exactly","7 - Corresponds exactly","7 - Corresponds exactly","7 - Corresponds exactly","7 - Corresponds exactly","7 - Corresponds exactly","1 - Does not correspond at all","7 - Corresponds exactly","7 - Corresponds exactly","7 - Corresponds exactly","7 - Corresponds exactly","7 - Corresponds exactly","7 - Corresponds exactly","1 - Does not correspond at all","7 - Corresponds exactly","7 - Corresponds exactly","7 - Corresponds exactly","7 - Corresponds exactly","7 - Corresponds exactly","7 - Corresponds exactly","1 - Does not correspond at all","7 - Corresponds exactly","7 - Corresponds exactly","Almost Never","Almost Always","Sometimes","Sometimes","Sometimes","Sometimes","Sometimes","Almost Never","Often","Often","Often","Sometimes","Sometimes","Sometimes","Sometimes","Sometimes","Sometimes","Almost Never","Sometimes","Sometimes","Almost Never","Mildly - but it didn't bother me much","Moderately - it wasn't pleasant at times","Mildly - but it didn't bother me much","Moderately - it wasn't pleasant at times","Moderately - it wasn't pleasant at times","Moderately - it wasn't pleasant at times","Moderately - it wasn't pleasant at times","Moderately - it wasn't pleasant at times","Moderately - it wasn't pleasant at times","Moderately - it wasn't pleasant at times","Mildly - but it didn't bother me much","Moderately - it wasn't pleasant at times","Moderately - it wasn't pleasant at times","Moderately - it wasn't pleasant at times","Moderately - it wasn't pleasant at times","Moderately - it wasn't pleasant at times","Moderately - it wasn't pleasant at times","Moderately - it wasn't pleasant at times","Moderately - it wasn't pleasant at times","Moderately - it wasn't pleasant at times","Moderately - it wasn't pleasant at times","1 - Not at all typical of me","5 - Very typical of me","1 - Not at all typical of me","5 - Very typical of me","5 - Very typical of me","5 - Very typical of me","5 - Very typical of me","5 - Very typical of me","5 - Very typical of me","1 - Not at all typical of me","1 - Not at all typical of me","5 - Very typical of me","5 - Very typical of me","5 - Very typical of me","5 - Very typical of me","5 - Very typical of me","5 - Very typical of me","Agree","Neither Agree nor Disagree","Agree","Agree","Agree","Disagree","Agree","Agree","Agree","Agree","Neither Agree nor Disagree","Agree","Disagree","Agree","Neither Agree nor Disagree","Neither Agree nor Disagree","Disagree","Agree","Agree","Agree","Agree","Agree","Agree","Agree","Agree","Disagree","Agree","Neither Agree nor Disagree","Agree","Agree","Disagree","Agree","Disagree","Neither Agree nor Disagree","Agree","Agree","Disagree","Disagree","Agree","Agree","Agree","Agree","Agree","Agree","Agree","Agree","Agree","Research Participation: I consent to provide data from my research experience to researchers for analysis","Participation"
"17395","19","Female","98","A fair amount","A fair amount","Much","Very much","Very much","Very much","Much","A fair amount","A fair amount","Much","A fair amount","A fair amount","A fair amount","A fair amount","A fair amount","Not at all","Not at all","Not at all","Not at all","Not at all","Not at all","A little","Not at all","A little","A little","A little","A little","A little","A little","A little","Not at all","7 - Corresponds exactly","5 - Corresponds a lot","7 - Corresponds exactly","4 - Corresponds moderately","1 - Does not correspond at all","5 - Corresponds a lot","7 - Corresponds exactly","7 - Corresponds exactly","5 - Corresponds a lot","7 - Corresponds exactly","5 - Corresponds a lot","1 - Does not correspond at all","7 - Corresponds exactly","5 - Corresponds a lot","7 - Corresponds exactly","7 - Corresponds exactly","7 - Corresponds exactly","5 - Corresponds a lot","1 - Does not correspond at all","6","7 - Corresponds exactly","7 - Corresponds exactly","7 - Corresponds exactly","7 - Corresponds exactly","6","1 - Does not correspond at all","7 - Corresponds exactly","7 - Corresponds exactly","Sometimes","Sometimes","Sometimes","Sometimes","Almost Never","Sometimes","Sometimes","Almost Never","Sometimes","Often","Often","Sometimes","Often","Sometimes","Almost Never","Sometimes","Sometimes","Almost Never","Often","Sometimes","Sometimes","Not at all","Moderately - it wasn't pleasant at times","Not at all","Moderately - it wasn't pleasant at times","Moderately - it wasn't pleasant at times","Mildly - but it didn't bother me much","Moderately - it wasn't pleasant at times","Not at all","Not at all","Moderately - it wasn't pleasant at times","Not at all","Mildly - but it didn't bother me much","Not at all","Mildly - but it didn't bother me much","Not at all","Not at all","Not at all","Mildly - but it didn't bother me much","Mildly - but it didn't bother me much","Mildly - but it didn't bother me much","Mildly - but it didn't bother me much","1 - Not at all typical of me","3","2","3","4","4","3","2","4","2","3","5 - Very typical of me","3","3","3","2","4","Strongly Agree","Agree","Disagree","Agree","Agree","Disagree","Agree","Agree","Agree","Agree","Agree","Disagree","Disagree","Neither Agree nor Disagree","Strongly Agree","Disagree","Disagree","Agree","Strongly Agree","Agree","Strongly Agree","Strongly Agree","Strongly Agree","Strongly Agree","Strongly Agree","Strongly Disagree","Strongly Agree","Strongly Agree","Agree","Strongly Agree","Neither Agree nor Disagree","Agree","Neither Agree nor Disagree","Disagree","Strongly Agree","Agree","Agree","Strongly Disagree","Neither Agree nor Disagree","Neither Agree nor Disagree","Strongly Agree","Neither Agree nor Disagree","Disagree","Agree","Strongly Disagree","Strongly Agree","Agree","Research Participation: I consent to provide data from my research experience to researchers for analysis","Participation"
"17348","19","Female","95","A little","A little","A little","A fair amount","Much","Very much","Very much","Not at all","Much","A little","A little","A little","Not at all","Very much","A little","Much","Not at all","Not at all","Not at all","A little","Not at all","A fair amount","A little","A fair amount","Not at all","A little","Much","Not at all","Not at all","Not at all","Not at all","5 - Corresponds a lot","7 - Corresponds exactly","7 - Corresponds exactly","4 - Corresponds moderately","1 - Does not correspond at all","6","7 - Corresponds exactly","7 - Corresponds exactly","7 - Corresponds exactly","7 - Corresponds exactly","4 - Corresponds moderately","1 - Does not correspond at all","7 - Corresponds exactly","7 - Corresponds exactly","6","7 - Corresponds exactly","7 - Corresponds exactly","2","1 - Does not correspond at all","7 - Corresponds exactly","4 - Corresponds moderately","6","7 - Corresponds exactly","7 - Corresponds exactly","7 - Corresponds exactly","1 - Does not correspond at all","7 - Corresponds exactly","7 - Corresponds exactly","Almost Always","Sometimes","Almost Never","Almost Never","Almost Never","Almost Never","Sometimes","Almost Never","Often","Sometimes","Almost Always","Sometimes","Sometimes","Almost Never","Almost Never","Almost Never","Sometimes","Sometimes","Sometimes","Almost Always","Sometimes","Not at all","Mildly - but it didn't bother me much","Mildly - but it didn't bother me much","Mildly - but it didn't bother me much","Moderately - it wasn't pleasant at times","Not at all","Mildly - but it didn't bother me much","Mildly - but it didn't bother me much","Mildly - but it didn't bother me much","Mildly - but it didn't bother me much","Not at all","Not at all","Not at all","Not at all","Not at all","Not at all","Mildly - but it didn't bother me much","Not at all","Not at all","Moderately - it wasn't pleasant at times","Not at all","2","4","1 - Not at all typical of me","2","4","2","4","1 - Not at all typical of me","5 - Very typical of me","1 - Not at all typical of me","3","5 - Very typical of me","2","4","5 - Very typical of me","3","4","Agree","Agree","Strongly Agree","Strongly Agree","Neither Agree nor Disagree","Disagree","Disagree","Agree","Strongly Agree","Agree","Strongly Agree","Disagree","Neither Agree nor Disagree","Disagree","Strongly Agree","Disagree","Strongly Disagree","Agree","Agree","Neither Agree nor Disagree","Strongly Agree","Strongly Agree","Agree","Agree","Strongly Agree","Strongly Disagree","Agree","Disagree","Strongly Agree","Strongly Agree","Agree","Agree","Agree","Disagree","Strongly Agree","Strongly Agree","Neither Agree nor Disagree","Strongly Disagree","Disagree","Strongly Agree","Strongly Agree","Agree","Neither Agree nor Disagree","Strongly Agree","Disagree","Agree","Agree","Research Participation: I consent to provide data from my research experience to researchers for analysis","Participation"
"15627","21","Female","85","A little","A little","A little","A little","A little","Not at all","Not at all","Not at all","A little","Not at all","Not at all","Not at all","Not at all","Not at all","Not at all","Not at all","Not at all","Not at all","Not at all","Not at all","Not at all","Not at all","A little","Not at all","A little","Not at all","Not at all","Not at all","Not at all","Not at all","Not at all","2","5 - Corresponds a lot","7 - Corresponds exactly","4 - Corresponds moderately","1 - Does not correspond at all","5 - Corresponds a lot","1 - Does not correspond at all","5 - Corresponds a lot","5 - Corresponds a lot","3 - Corresponds a little","5 - Corresponds a lot","1 - Does not correspond at all","5 - Corresponds a lot","1 - Does not correspond at all","3 - Corresponds a little","6","5 - Corresponds a lot","5 - Corresponds a lot","1 - Does not correspond at all","5 - Corresponds a lot","1 - Does not correspond at all","2","5 - Corresponds a lot","5 - Corresponds a lot","4 - Corresponds moderately","1 - Does not correspond at all","5 - Corresponds a lot","1 - Does not correspond at all","Almost Always","Almost Never","Almost Never","Almost Never","Almost Never","Almost Never","Almost Never","Almost Never","Almost Never","Almost Never","Almost Never","Almost Never","Almost Never","Almost Never","Almost Never","Almost Never","Almost Never","Almost Never","Sometimes","Almost Never","Almost Never","Not at all","Not at all","Not at all","Not at all","Not at all","Not at all","Mildly - but it didn't bother me much","Not at all","Not at all","Not at all","Not at all","Not at all","Not at all","Not at all","Not at all","Not at all","Not at all","Not at all","Not at all","Not at all","Mildly - but it didn't bother me much","1 - Not at all typical of me","1 - Not at all typical of me","4","2","1 - Not at all typical of me","1 - Not at all typical of me","1 - Not at all typical of me","1 - Not at all typical of me","1 - Not at all typical of me","4","5 - Very typical of me","5 - Very typical of me","1 - Not at all typical of me","1 - Not at all typical of me","1 - Not at all typical of me","1 - Not at all typical of me","2","Agree","Agree","Neither Agree nor Disagree","Strongly Agree","Disagree","Disagree","Disagree","Agree","Strongly Agree","Strongly Agree","Strongly Agree","Disagree","Agree","Strongly Disagree","Agree","Disagree","Disagree","Agree","Agree","Agree","Agree","Agree","Agree","Disagree","Neither Agree nor Disagree","Strongly Disagree","Agree","Strongly Agree","Agree","Agree","Disagree","Agree","Disagree","Disagree","Strongly Agree","Agree","Disagree","Strongly Disagree","Strongly Agree","Strongly Agree","Strongly Agree","Strongly Agree","Strongly Agree","Agree","Agree","Agree","Strongly Agree","Research Participation: I consent to provide data from my research experience to researchers for analysis","Participation"
"17388","18","Female","96","Very much","A little","A fair amount","Much","Very much","A little","A fair amount","Much","Very much","A fair amount","","A fair amount","A little","Very much","A little","A little","Not at all","Not at all","Not at all","A little","Not at all","A little","A little","A fair amount","A fair amount","A little","Not at all","A fair amount","Not at all","A little","Not at all","5 - Corresponds a lot","4 - Corresponds moderately","7 - Corresponds exactly","2","2","4 - Corresponds moderately","6","6","4 - Corresponds moderately","6","1 - Does not correspond at all","1 - Does not correspond at all","6","5 - Corresponds a lot","6","5 - Corresponds a lot","5 - Corresponds a lot","1 - Does not correspond at all","1 - Does not correspond at all","4 - Corresponds moderately","6","5 - Corresponds a lot","5 - Corresponds a lot","5 - Corresponds a lot","2","1 - Does not correspond at all","4 - Corresponds moderately","7 - Corresponds exactly","Almost Never","Almost Always","Sometimes","Sometimes","Sometimes","Sometimes","Sometimes","Almost Never","Almost Always","Almost Always","Often","Often","Often","Often","Sometimes","Often","Almost Always","Sometimes","Often","Often","Often","Not at all","Mildly - but it didn't bother me much","Not at all","Mildly - but it didn't bother me much","Moderately - it wasn't pleasant at times","Mildly - but it didn't bother me much","Mildly - but it didn't bother me much","Not at all","Not at all","Moderately - it wasn't pleasant at times","Not at all","Not at all","Not at all","Not at all","Mildly - but it didn't bother me much","Not at all","Mildly - but it didn't bother me much","Not at all","Mildly - but it didn't bother me much","Not at all","Not at all","2","4","2","4","5 - Very typical of me","4","4","3","2","1 - Not at all typical of me","2","5 - Very typical of me","4","4","5 - Very typical of me","3","3","Agree","Agree","Agree","Strongly Agree","Strongly Agree","Disagree","Agree","Strongly Agree","Agree","Strongly Agree","Strongly Agree","Disagree","Disagree","Neither Agree nor Disagree","Agree","Disagree","Disagree","Agree","Strongly Agree","Agree","Agree","Agree","Strongly Agree","Strongly Agree","Strongly Agree","Strongly Disagree","Agree","Agree","Strongly Agree","Strongly Agree","Disagree","Agree","Neither Agree nor Disagree","Neither Agree nor Disagree","Strongly Agree","Strongly Agree","Agree","Strongly Disagree","Agree","Agree","Strongly Agree","Strongly Agree","Agree","Neither Agree nor Disagree","Neither Agree nor Disagree","Neither Agree nor Disagree","Agree","Research Participation: I consent to provide data from my research experience to researchers for analysis","Participation"
"15634","19","female","96","Very much","A fair amount","Much","Very much","Very much","Very much","Very much","Very much","Very much","A fair amount","Very much","Much","A little","Very much","Much","Very much","A little","Not at all","A fair amount","A fair amount","A little","Much","Not at all","Much","A fair amount","A little","Not at all","A little","Not at all","A little","Not at all","5 - Corresponds a lot","6","5 - Corresponds a lot","4 - Corresponds moderately","2","5 - Corresponds a lot","7 - Corresponds exactly","6","5 - Corresponds a lot","6","4 - Corresponds moderately","1 - Does not correspond at all","6","7 - Corresponds exactly","7 - Corresponds exactly","6","6","3 - Corresponds a little","1 - Does not correspond at all","5 - Corresponds a lot","7 - Corresponds exactly","6","6","5 - Corresponds a lot","4 - Corresponds moderately","1 - Does not correspond at all","6","7 - Corresponds exactly","Often","Sometimes","Often","Sometimes","Almost Never","Almost Never","Sometimes","Almost Never","Often","Almost Always","Almost Always","Often","Almost Always","Often","Sometimes","Often","Almost Always","Often","Almost Always","Almost Always","Sometimes","Moderately - it wasn't pleasant at times","Severely - it bothered me a lot","Mildly - but it didn't bother me much","Moderately - it wasn't pleasant at times","Severely - it bothered me a lot","Not at all","Severely - it bothered me a lot","Not at all","Moderately - it wasn't pleasant at times","Severely - it bothered me a lot","Mildly - but it didn't bother me much","Mildly - but it didn't bother me much","Moderately - it wasn't pleasant at times","Severely - it bothered me a lot","Moderately - it wasn't pleasant at times","Moderately - it wasn't pleasant at times","Severely - it bothered me a lot","Moderately - it wasn't pleasant at times","Mildly - but it didn't bother me much","Severely - it bothered me a lot","Moderately - it wasn't pleasant at times","1 - Not at all typical of me","5 - Very typical of me","1 - Not at all typical of me","5 - Very typical of me","5 - Very typical of me","5 - Very typical of me","5 - Very typical of me","2","5 - Very typical of me","1 - Not at all typical of me","1 - Not at all typical of me","5 - Very typical of me","5 - Very typical of me","5 - Very typical of me","5 - Very typical of me","5 - Very typical of me","5 - Very typical of me","Strongly Agree","Strongly Agree","Neither Agree nor Disagree","Strongly Agree","Agree","Disagree","Disagree","Strongly Agree","Strongly Agree","Strongly Agree","Strongly Agree","Agree","Disagree","Disagree","Agree","Neither Agree nor Disagree","Disagree","Agree","Strongly Agree","Agree","Strongly Agree","Strongly Agree","Agree","Strongly Agree","Strongly Agree","Strongly Disagree","Strongly Agree","Agree","Strongly Agree","Strongly Agree","Strongly Disagree","Agree","Disagree","Strongly Agree","Strongly Agree","Strongly Agree","Agree","Strongly Disagree","Disagree","Disagree","Strongly Agree","Agree","Agree","Agree","Neither Agree nor Disagree","Strongly Agree","Strongly Agree","Research Participation: I consent to provide data from my research experience to researchers for analysis","Participation"
"14286","19","female","85","Much","A fair amount","A fair amount","Much","Much","Very much","Very much","A fair amount","A fair amount","A fair amount","Very much","Very much","A fair amount","A fair amount","A fair amount","Not at all","Not at all","Not at all","Not at all","A little","Not at all","Not at all","Not at all","A little","A little","A little","Not at all","A little","Not at all","Not at all","Not at all","5 - Corresponds a lot","5 - Corresponds a lot","5 - Corresponds a lot","1 - Does not correspond at all","2","5 - Corresponds a lot","5 - Corresponds a lot","5 - Corresponds a lot","5 - Corresponds a lot","5 - Corresponds a lot","1 - Does not correspond at all","1 - Does not correspond at all","5 - Corresponds a lot","5 - Corresponds a lot","5 - Corresponds a lot","5 - Corresponds a lot","2","1 - Does not correspond at all","1 - Does not correspond at all","5 - Corresponds a lot","5 - Corresponds a lot","5 - Corresponds a lot","5 - Corresponds a lot","5 - Corresponds a lot","5 - Corresponds a lot","1 - Does not correspond at all","5 - Corresponds a lot","5 - Corresponds a lot","Sometimes","Sometimes","Sometimes","Almost Never","Sometimes","Almost Never","Almost Never","Almost Never","Almost Never","Almost Always","Almost Always","Often","Almost Always","Almost Always","Almost Never","Almost Never","Sometimes","Almost Never","Almost Never","Almost Always","Almost Always","Not at all","Mildly - but it didn't bother me much","Not at all","Severely - it bothered me a lot","Moderately - it wasn't pleasant at times","Not at all","Moderately - it wasn't pleasant at times","Mildly - but it didn't bother me much","Not at all","Moderately - it wasn't pleasant at times","Not at all","Not at all","Not at all","Severely - it bothered me a lot","Not at all","Not at all","Not at all","Mildly - but it didn't bother me much","Not at all","Not at all","Not at all","1 - Not at all typical of me","5 - Very typical of me","1 - Not at all typical of me","4","5 - Very typical of me","4","5 - Very typical of me","1 - Not at all typical of me","4","1 - Not at all typical of me","1 - Not at all typical of me","5 - Very typical of me","5 - Very typical of me","5 - Very typical of me","5 - Very typical of me","5 - Very typical of me","5 - Very typical of me","Neither Agree nor Disagree","Disagree","Agree","Agree","Neither Agree nor Disagree","Disagree","Disagree","Do Not Recall","Neither Agree nor Disagree","Do Not Recall","Neither Agree nor Disagree","Agree","Disagree","Disagree","Agree","Neither Agree nor Disagree","Disagree","Neither Agree nor Disagree","Neither Agree nor Disagree","Disagree","Agree","Agree","Neither Agree nor Disagree","Agree","Agree","Strongly Disagree","Neither Agree nor Disagree","Disagree","Neither Agree nor Disagree","Agree","Agree","Agree","Neither Agree nor Disagree","Disagree","Neither Agree nor Disagree","Agree","Disagree","Strongly Disagree","Strongly Disagree","Strongly Disagree","Agree","Agree","Neither Agree nor Disagree","Agree","Disagree","Neither Agree nor Disagree","Neither Agree nor Disagree","Research Participation: I consent to provide data from my research experience to researchers for analysis","Participation"
"14299","25","female","90","A little","A little","A little","A little","A little","A fair amount","A fair amount","Not at all","Not at all","Not at all","Not at all","Not at all","Not at all","Not at all","Not at all","Not at all","Not at all","Not at all","Not at all","Not at all","Not at all","Not at all","Not at all","Not at all","Not at all","Not at all","Not at all","Not at all","Not at all","Not at all","Not at all","5 - Corresponds a lot","5 - Corresponds a lot","5 - Corresponds a lot","3 - Corresponds a little","3 - Corresponds a little","4 - Corresponds moderately","4 - Corresponds moderately","6","3 - Corresponds a little","6","3 - Corresponds a little","1 - Does not correspond at all","3 - Corresponds a little","1 - Does not correspond at all","1 - Does not correspond at all","2","2","2","1 - Does not correspond at all","1 - Does not correspond at all","1 - Does not correspond at all","5 - Corresponds a lot","3 - Corresponds a little","5 - Corresponds a lot","1 - Does not correspond at all","1 - Does not correspond at all","1 - Does not correspond at all","1 - Does not correspond at all","Often","Sometimes","Sometimes","Almost Never","Almost Never","Almost Never","Sometimes","Almost Never","Sometimes","Sometimes","Sometimes","Almost Never","Sometimes","Almost Never","Almost Never","Almost Never","Almost Never","Almost Never","Sometimes","Sometimes","Almost Never","Mildly - but it didn't bother me much","Mildly - but it didn't bother me much","Mildly - but it didn't bother me much","Mildly - but it didn't bother me much","Moderately - it wasn't pleasant at times","Mildly - but it didn't bother me much","Moderately - it wasn't pleasant at times","Mildly - but it didn't bother me much","Mildly - but it didn't bother me much","Moderately - it wasn't pleasant at times","Moderately - it wasn't pleasant at times","Mildly - but it didn't bother me much","Mildly - but it didn't bother me much","Mildly - but it didn't bother me much","Mildly - but it didn't bother me much","Moderately - it wasn't pleasant at times","Moderately - it wasn't pleasant at times","Not at all","Mildly - but it didn't bother me much","Mildly - but it didn't bother me much","Moderately - it wasn't pleasant at times","1 - Not at all typical of me","4","2","4","4","4","4","2","4","1 - Not at all typical of me","2","5 - Very typical of me","5 - Very typical of me","5 - Very typical of me","3","3","4","Agree","Agree","Disagree","Agree","Agree","Disagree","Disagree","Agree","Agree","Agree","Neither Agree nor Disagree","Disagree","Neither Agree nor Disagree","Strongly Disagree","Agree","Neither Agree nor Disagree","Disagree","Agree","Agree","Agree","Agree","Agree","Agree","Disagree","Agree","Strongly Disagree","Agree","Disagree","Agree","Agree","Disagree","Agree","Disagree","Strongly Disagree","Agree","Agree","Strongly Disagree","Strongly Disagree","Disagree","Disagree","Strongly Agree","Agree","Neither Agree nor Disagree","Agree","Disagree","Agree","Neither Agree nor Disagree","Research Participation: I consent to provide data from my research experience to researchers for analysis","Participation"
"15573","20","Male","89","A fair amount","Much","A fair amount","Much","Very much","A little","Much","A little","A little","Much","Not at all","Not at all","A fair amount","Very much","A little","Not at all","Not at all","Not at all","Not at all","Very much","Not at all","Much","A fair amount","Very much","Not at all","Much","Not at all","Not at all","Not at all","Not at all","Not at all","3 - Corresponds a little","5 - Corresponds a lot","7 - Corresponds exactly","5 - Corresponds a lot","1 - Does not correspond at all","4 - Corresponds moderately","6","3 - Corresponds a little","6","7 - Corresponds exactly","5 - Corresponds a lot","1 - Does not correspond at all","4 - Corresponds moderately","5 - Corresponds a lot","6","7 - Corresponds exactly","2","6","1 - Does not correspond at all","5 - Corresponds a lot","6","2","7 - Corresponds exactly","1 - Does not correspond at all","4 - Corresponds moderately","1 - Does not correspond at all","6","6","Sometimes","Sometimes","Almost Never","Sometimes","Often","Sometimes","Sometimes","Almost Never","Often","Sometimes","Almost Always","Sometimes","Sometimes","Sometimes","Sometimes","Sometimes","Almost Always","Often","Almost Never","Almost Never","Often","Not at all","Not at all","Mildly - but it didn't bother me much","Moderately - it wasn't pleasant at times","Mildly - but it didn't bother me much","Not at all","Not at all","Mildly - but it didn't bother me much","Not at all","Mildly - but it didn't bother me much","Not at all","Moderately - it wasn't pleasant at times","Moderately - it wasn't pleasant at times","Not at all","Mildly - but it didn't bother me much","Not at all","Mildly - but it didn't bother me much","Mildly - but it didn't bother me much","Not at all","Mildly - but it didn't bother me much","Not at all","1 - Not at all typical of me","4","1 - Not at all typical of me","3","2","4","2","3","4","1 - Not at all typical of me","3","5 - Very typical of me","5 - Very typical of me","5 - Very typical of me","2","2","2","Strongly Disagree","Agree","Neither Agree nor Disagree","Agree","Strongly Agree","Disagree","Agree","Agree","Disagree","Disagree","Disagree","Disagree","Agree","Agree","Strongly Disagree","Agree","Disagree","Neither Agree nor Disagree","Disagree","Neither Agree nor Disagree","Agree","Strongly Disagree","Agree","Agree","Agree","Disagree","Agree","Strongly Agree","Strongly Agree","Strongly Agree","Strongly Disagree","Agree","Disagree","Disagree","Neither Agree nor Disagree","Strongly Agree","Disagree","Strongly Disagree","Agree","Agree","Strongly Agree","Disagree","Agree","Strongly Agree","Disagree","Strongly Agree","Agree","Research Participation: I consent to provide data from my research experience to researchers for analysis","Participation"
"12845","19","Female","91","A fair amount","A fair amount","A fair amount","A fair amount","A fair amount","A little","Much","Much","Very much","Much","Very much","A fair amount","Much","Much","Much","Not at all","Not at all","Not at all","Not at all","Not at all","Not at all","Very much","Much","Much","Not at all","A little","Not at all","Not at all","Not at all","Not at all","Not at all","7 - Corresponds exactly","4 - Corresponds moderately","7 - Corresponds exactly","2","1 - Does not correspond at all","3 - Corresponds a little","4 - Corresponds moderately","6","2","7 - Corresponds exactly","1 - Does not correspond at all","1 - Does not correspond at all","4 - Corresponds moderately","4 - Corresponds moderately","7 - Corresponds exactly","3 - Corresponds a little","5 - Corresponds a lot","1 - Does not correspond at all","1 - Does not correspond at all","1 - Does not correspond at all","5 - Corresponds a lot","7 - Corresponds exactly","3 - Corresponds a little","5 - Corresponds a lot","1 - Does not correspond at all","2","1 - Does not correspond at all","5 - Corresponds a lot","Often","Almost Never","Almost Never","Sometimes","Sometimes","Almost Never","Sometimes","Almost Never","Sometimes","Almost Never","Sometimes","Almost Never","Almost Never","Almost Never","Almost Never","Almost Never","Sometimes","Often","Almost Never","Sometimes","Sometimes","Not at all","Not at all","Mildly - but it didn't bother me much","Severely - it bothered me a lot","Moderately - it wasn't pleasant at times","Not at all","Moderately - it wasn't pleasant at times","Not at all","Not at all","Not at all","Not at all","Not at all","Not at all","Not at all","Not at all","Not at all","Not at all","Not at all","Not at all","Not at all","Not at all","2","3","1 - Not at all typical of me","4","4","5 - Very typical of me","3","2","2","1 - Not at all typical of me","3","5 - Very typical of me","2","3","4","3","2","Strongly Agree","Strongly Agree","Do Not Recall","Strongly Agree","Strongly Agree","Strongly Disagree","Agree","Strongly Agree","Strongly Agree","Strongly Agree","Strongly Agree","Disagree","Strongly Disagree","Disagree","Agree","Strongly Disagree","Strongly Disagree","Strongly Agree","Strongly Agree","Strongly Agree","Agree","Strongly Agree","Strongly Agree","Strongly Agree","Strongly Agree","Strongly Disagree","Disagree","Strongly Disagree","Neither Agree nor Disagree","Agree","Strongly Agree","Agree","Do Not Recall","Disagree","Neither Agree nor Disagree","Neither Agree nor Disagree","Disagree","Disagree","Disagree","Disagree","Disagree","Disagree","Strongly Disagree","Agree","Disagree","Neither Agree nor Disagree","Strongly Agree","Research Participation: I consent to provide data from my research experience to researchers for analysis","Participation"
"15530","22","Female","90","Very much","Very much","Very much","Very much","Very much","A fair amount","Much","Very much","A little","A fair amount","A fair amount","Very much","A fair amount","Much","A fair amount","Not at all","Not at all","Not at all","A little","A little","Not at all","Much","A little","A fair amount","Much","Much","Not at all","A fair amount","Not at all","A little","Not at all","6","7 - Corresponds exactly","7 - Corresponds exactly","4 - Corresponds moderately","1 - Does not correspond at all","5 - Corresponds a lot","6","7 - Corresponds exactly","5 - Corresponds a lot","7 - Corresponds exactly","3 - Corresponds a little","1 - Does not correspond at all","6","7 - Corresponds exactly","","7 - Corresponds exactly","7 - Corresponds exactly","3 - Corresponds a little","1 - Does not correspond at all","6","7 - Corresponds exactly","","7 - Corresponds exactly","7 - Corresponds exactly","2","1 - Does not correspond at all","7 - Corresponds exactly","7 - Corresponds exactly","Sometimes","Often","Often","Almost Never","Sometimes","Almost Never","Often","Almost Never","Often","Almost Always","Almost Always","Often","Sometimes","Sometimes","Sometimes","Sometimes","Often","Often","Sometimes","Sometimes","Almost Never","Not at all","Not at all","Mildly - but it didn't bother me much","Moderately - it wasn't pleasant at times","Moderately - it wasn't pleasant at times","Not at all","Not at all","Mildly - but it didn't bother me much","Mildly - but it didn't bother me much","Severely - it bothered me a lot","Not at all","Mildly - but it didn't bother me much","Mildly - but it didn't bother me much","Severely - it bothered me a lot","","","","","","","","1 - Not at all typical of me","3","2","4","4","4","5 - Very typical of me","2","3","1 - Not at all typical of me","3","5 - Very typical of me","4","4","3","3","4","Strongly Agree","Strongly Agree","Disagree","Strongly Agree","Strongly Agree","Strongly Disagree","Strongly Agree","Strongly Agree","Strongly Agree","Strongly Agree","Strongly Agree","Disagree","Strongly Disagree","Strongly Agree","Strongly Agree","Strongly Disagree","Disagree","Strongly Agree","Strongly Agree","Strongly Agree","Strongly Agree","Strongly Agree","Strongly Agree","Agree","Strongly Agree","Strongly Disagree","Agree","Neither Agree nor Disagree","Strongly Agree","Strongly Agree","Disagree","Agree","Disagree","Agree","Strongly Agree","Strongly Agree","Agree","Strongly Disagree","Agree","Neither Agree nor Disagree","Strongly Agree","Strongly Agree","Neither Agree nor Disagree","Agree","Agree","Agree","Neither Agree nor Disagree","Research Participation: I consent to provide data from my research experience to researchers for analysis","Participation"
"10670","21","female","70","Very much","Very much","Very much","Very much","Very much","Much","Much","Very much","Very much","Much","Very much","Much","Much","Very much","Much","Very much","A fair amount","A little","A fair amount","A fair amount","Much","Very much","Much","Very much","A fair amount","Much","Not at all","Much","A fair amount","Much","Not at all","7 - Corresponds exactly","5 - Corresponds a lot","7 - Corresponds exactly","1 - Does not correspond at all","1 - Does not correspond at all","6","5 - Corresponds a lot","7 - Corresponds exactly","5 - Corresponds a lot","7 - Corresponds exactly","3 - Corresponds a little","1 - Does not correspond at all","6","7 - Corresponds exactly","7 - Corresponds exactly","6","6","3 - Corresponds a little","1 - Does not correspond at all","7 - Corresponds exactly","7 - Corresponds exactly","7 - Corresponds exactly","5 - Corresponds a lot","3 - Corresponds a little","3 - Corresponds a little","1 - Does not correspond at all","7 - Corresponds exactly","7 - Corresponds exactly","Almost Never","Almost Always","Often","Often","Sometimes","Often","Often","Almost Never","Almost Always","Almost Always","Almost Always","Almost Always","Almost Always","Sometimes","Often","Almost Always","Almost Always","Almost Always","Often","Almost Always","Often","Not at all","Mildly - but it didn't bother me much","Not at all","Moderately - it wasn't pleasant at times","Moderately - it wasn't pleasant at times","Not at all","Not at all","Not at all","Mildly - but it didn't bother me much","Moderately - it wasn't pleasant at times","Not at all","Not at all","Not at all","Mildly - but it didn't bother me much","Not at all","Not at all","Mildly - but it didn't bother me much","Mildly - but it didn't bother me much","Not at all","Not at all","Not at all","1 - Not at all typical of me","","3","5 - Very typical of me","5 - Very typical of me","5 - Very typical of me","5 - Very typical of me","2","5 - Very typical of me","1 - Not at all typical of me","1 - Not at all typical of me","5 - Very typical of me","4","5 - Very typical of me","4","4","5 - Very typical of me","Do Not Recall","Agree","Strongly Agree","Strongly Agree","Do Not Recall","Strongly Disagree","Do Not Recall","Neither Agree nor Disagree","Neither Agree nor Disagree","Neither Agree nor Disagree","Agree","Disagree","Strongly Disagree","Disagree","Strongly Disagree","Strongly Disagree","Strongly Disagree","Strongly Agree","Strongly Agree","Agree","Strongly Agree","Neither Agree nor Disagree","Neither Agree nor Disagree","Agree","Do Not Recall","Disagree","Neither Agree nor Disagree","Strongly Disagree","Strongly Disagree","Strongly Agree","Neither Agree nor Disagree","Agree","Disagree","Neither Agree nor Disagree","Agree","Strongly Agree","Agree","Strongly Disagree","Neither Agree nor Disagree","Neither Agree nor Disagree","Neither Agree nor Disagree","Strongly Agree","Neither Agree nor Disagree","Agree","Disagree","Neither Agree nor Disagree","Neither Agree nor Disagree","Research Participation: I consent to provide data from my research experience to researchers for analysis","Participation"
"15800","22","female","90","Very much","Very much","Very much","Very much","Very much","Very much","Very much","Very much","Very much","","Very much","Very much","Very much","Very much","Very much","Very much","Very much","Very much","Much","Much","Very much","Much","Much","Very much","Much","Very much","Very much","Very much","Much","Very much","","7 - Corresponds exactly","5 - Corresponds a lot","7 - Corresponds exactly","7 - Corresponds exactly","3 - Corresponds a little","6","7 - Corresponds exactly","7 - Corresponds exactly","5 - Corresponds a lot","7 - Corresponds exactly","3 - Corresponds a little","2","5 - Corresponds a lot","6","7 - Corresponds exactly","6","6","4 - Corresponds moderately","1 - Does not correspond at all","7 - Corresponds exactly","7 - Corresponds exactly","7 - Corresponds exactly","7 - Corresponds exactly","7 - Corresponds exactly","6","3 - Corresponds a little","5 - Corresponds a lot","6","Almost Never","Almost Always","Almost Always","Almost Always","Almost Always","Almost Always","Often","Sometimes","Sometimes","Sometimes","Sometimes","Sometimes","Sometimes","Sometimes","Sometimes","Sometimes","Often","Sometimes","Sometimes","Almost Never","Often","Moderately - it wasn't pleasant at times","Severely - it bothered me a lot","Severely - it bothered me a lot","Severely - it bothered me a lot","Severely - it bothered me a lot","Severely - it bothered me a lot","Severely - it bothered me a lot","Severely - it bothered me a lot","Severely - it bothered me a lot","Severely - it bothered me a lot","Moderately - it wasn't pleasant at times","Severely - it bothered me a lot","Severely - it bothered me a lot","Severely - it bothered me a lot","Severely - it bothered me a lot","Moderately - it wasn't pleasant at times","Severely - it bothered me a lot","Moderately - it wasn't pleasant at times","Severely - it bothered me a lot","Severely - it bothered me a lot","Severely - it bothered me a lot","1 - Not at all typical of me","5 - Very typical of me","1 - Not at all typical of me","5 - Very typical of me","3","5 - Very typical of me","4","1 - Not at all typical of me","4","1 - Not at all typical of me","3","3","4","3","3","3","3","Agree","Strongly Agree","Agree","Agree","Agree","Disagree","Agree","Agree","Agree","Agree","Agree","Agree","Neither Agree nor Disagree","Neither Agree nor Disagree","Neither Agree nor Disagree","Neither Agree nor Disagree","Neither Agree nor Disagree","Neither Agree nor Disagree","Agree","Agree","Agree","Agree","Agree","Agree","Agree","Strongly Disagree","Strongly Agree","Strongly Agree","Strongly Agree","Strongly Agree","Disagree","Agree","Neither Agree nor Disagree","Agree","Agree","Agree","Agree","Disagree","Neither Agree nor Disagree","Neither Agree nor Disagree","Agree","Neither Agree nor Disagree","Neither Agree nor Disagree","Agree","Agree","Agree","Neither Agree nor Disagree","Research Participation: I consent to provide data from my research experience to researchers for analysis","Participation"
"10733","21","Female","90","A fair amount","A little","A little","A fair amount","A fair amount","A little","A little","A little","Very much","Not at all","A little","A little","Not at all","A fair amount","Not at all","A little","Not at all","Not at all","Not at all","A little","A little","A little","A fair amount","A fair amount","A little","Not at all","Not at all","Not at all","Not at all","Not at all","Not at all","5 - Corresponds a lot","3 - Corresponds a little","7 - Corresponds exactly","1 - Does not correspond at all","2","3 - Corresponds a little","1 - Does not correspond at all","7 - Corresponds exactly","2","7 - Corresponds exactly","1 - Does not correspond at all","1 - Does not correspond at all","1 - Does not correspond at all","2","7 - Corresponds exactly","4 - Corresponds moderately","1 - Does not correspond at all","1 - Does not correspond at all","1 - Does not correspond at all","3 - Corresponds a little","1 - Does not correspond at all","7 - Corresponds exactly","4 - Corresponds moderately","1 - Does not correspond at all","1 - Does not correspond at all","1 - Does not correspond at all","4 - Corresponds moderately","1 - Does not correspond at all","Sometimes","Sometimes","Almost Never","Almost Never","Almost Never","Sometimes","Sometimes","Almost Never","Sometimes","Sometimes","Sometimes","Sometimes","Sometimes","Almost Never","Almost Never","Almost Never","Sometimes","Sometimes","Sometimes","Sometimes","Almost Never","Not at all","Moderately - it wasn't pleasant at times","Not at all","Moderately - it wasn't pleasant at times","Mildly - but it didn't bother me much","Moderately - it wasn't pleasant at times","Moderately - it wasn't pleasant at times","Not at all","Not at all","Mildly - but it didn't bother me much","Not at all","Mildly - but it didn't bother me much","Mildly - but it didn't bother me much","Not at all","Not at all","Not at all","Not at all","Not at all","Moderately - it wasn't pleasant at times","Mildly - but it didn't bother me much","Moderately - it wasn't pleasant at times","1 - Not at all typical of me","3","2","3","4","4","3","3","4","1 - Not at all typical of me","2","5 - Very typical of me","5 - Very typical of me","4","3","3","3","Agree","Agree","Do Not Recall","Agree","Neither Agree nor Disagree","Disagree","Do Not Recall","Neither Agree nor Disagree","Strongly Agree","Agree","Neither Agree nor Disagree","Strongly Disagree","Disagree","Disagree","Neither Agree nor Disagree","Disagree","Disagree","Agree","Agree","Agree","Do Not Recall","Agree","Do Not Recall","Neither Agree nor Disagree","Disagree","Strongly Disagree","Strongly Disagree","Strongly Disagree","Strongly Disagree","Strongly Disagree","Strongly Agree","Agree","Agree","Strongly Disagree","Strongly Agree","Neither Agree nor Disagree","Strongly Disagree","Strongly Disagree","Strongly Disagree","Strongly Disagree","Agree","Agree","Disagree","Agree","Disagree","Agree","Agree","Research Participation: I consent to provide data from my research experience to researchers for analysis","Participation"
"6075","22","Female","94","Very much","A fair amount","Much","Very much","Very much","Much","A fair amount","Much","Very much","A fair amount","Very much","Much","A little","Very much","Much","Not at all","Not at all","Not at all","Not at all","Not at all","Not at all","Much","A little","A fair amount","Not at all","Not at all","Not at all","A little","A little","A little","Not at all","6","5 - Corresponds a lot","7 - Corresponds exactly","1 - Does not correspond at all","1 - Does not correspond at all","4 - Corresponds moderately","6","6","2","7 - Corresponds exactly","1 - Does not correspond at all","1 - Does not correspond at all","4 - Corresponds moderately","5 - Corresponds a lot","6","3 - Corresponds a little","2","1 - Does not correspond at all","1 - Does not correspond at all","2","4 - Corresponds moderately","6","4 - Corresponds moderately","3 - Corresponds a little","1 - Does not correspond at all","1 - Does not correspond at all","4 - Corresponds moderately","4 - Corresponds moderately","Sometimes","Almost Always","Almost Always","Often","Almost Never","Sometimes","Often","Almost Never","Often","Almost Always","Almost Always","Almost Always","Almost Always","Often","Often","Almost Always","Almost Always","Sometimes","Often","Often","Often","Not at all","Mildly - but it didn't bother me much","Mildly - but it didn't bother me much","Mildly - but it didn't bother me much","Moderately - it wasn't pleasant at times","Not at all","Moderately - it wasn't pleasant at times","Mildly - but it didn't bother me much","Not at all","Moderately - it wasn't pleasant at times","Not at all","Not at all","Not at all","Mildly - but it didn't bother me much","Mildly - but it didn't bother me much","Not at all","Mildly - but it didn't bother me much","Mildly - but it didn't bother me much","Not at all","Mildly - but it didn't bother me much","Mildly - but it didn't bother me much","2","4","2","4","4","4","3","2","4","1 - Not at all typical of me","2","5 - Very typical of me","4","4","4","3","5 - Very typical of me","Agree","Neither Agree nor Disagree","Agree","Agree","Disagree","Neither Agree nor Disagree","Disagree","Agree","Agree","Agree","Agree","Agree","Disagree","Disagree","Disagree","Disagree","Disagree","Agree","Agree","Disagree","Neither Agree nor Disagree","Agree","Agree","Disagree","Agree","Strongly Disagree","Strongly Agree","Disagree","Agree","Strongly Agree","Disagree","Agree","Disagree","Agree","Strongly Agree","Strongly Agree","Disagree","Strongly Disagree","Disagree","Agree","Agree","Agree","Neither Agree nor Disagree","Agree","Agree","Strongly Agree","Strongly Agree","Research Participation: I consent to provide data from my research experience to researchers for analysis","Participation"
"16454","19","Female","98","A fair amount","Not at all","A fair amount","A fair amount","A fair amount","Not at all","Not at all","Not at all","A little","Not at all","Not at all","A little","Not at all","A little","Not at all","Not at all","Not at all","Not at all","Not at all","Not at all","Not at all","A little","Not at all","A little","Not at all","Not at all","Not at all","Not at all","Not at all","Not at all","Not at all","7 - Corresponds exactly","4 - Corresponds moderately","4 - Corresponds moderately","3 - Corresponds a little","2","6","7 - Corresponds exactly","7 - Corresponds exactly","7 - Corresponds exactly","7 - Corresponds exactly","4 - Corresponds moderately","1 - Does not correspond at all","7 - Corresponds exactly","7 - Corresponds exactly","7 - Corresponds exactly","7 - Corresponds exactly","7 - Corresponds exactly","3 - Corresponds a little","1 - Does not correspond at all","7 - Corresponds exactly","7 - Corresponds exactly","7 - Corresponds exactly","7 - Corresponds exactly","4 - Corresponds moderately","3 - Corresponds a little","1 - Does not correspond at all","7 - Corresponds exactly","7 - Corresponds exactly","Sometimes","Almost Always","Often","Often","Almost Never","Sometimes","Almost Always","Almost Never","Sometimes","Almost Always","Often","Often","Almost Always","Sometimes","Sometimes","Often","Often","Often","Sometimes","Sometimes","Sometimes","Mildly - but it didn't bother me much","Severely - it bothered me a lot","Mildly - but it didn't bother me much","Mildly - but it didn't bother me much","Not at all","Moderately - it wasn't pleasant at times","Moderately - it wasn't pleasant at times","Moderately - it wasn't pleasant at times","Not at all","Mildly - but it didn't bother me much","Not at all","Not at all","Mildly - but it didn't bother me much","Not at all","Not at all","Not at all","Not at all","Not at all","Mildly - but it didn't bother me much","Not at all","Mildly - but it didn't bother me much","1 - Not at all typical of me","3","2","3","2","5 - Very typical of me","2","3","5 - Very typical of me","1 - Not at all typical of me","4","5 - Very typical of me","4","4","3","2","5 - Very typical of me","Strongly Agree","Strongly Agree","Disagree","Strongly Agree","Strongly Agree","Strongly Disagree","Strongly Agree","Strongly Agree","Strongly Agree","Strongly Agree","Strongly Agree","Strongly Disagree","Strongly Disagree","Strongly Agree","Strongly Agree","Strongly Disagree","Disagree","Strongly Agree","Strongly Agree","Strongly Agree","Strongly Agree","Strongly Agree","Strongly Agree","Strongly Agree","Strongly Agree","Strongly Disagree","Disagree","Agree","Neither Agree nor Disagree","Neither Agree nor Disagree","Agree","Agree","Strongly Disagree","Agree","Strongly Agree","Strongly Agree","Agree","Strongly Disagree","Strongly Agree","Disagree","Strongly Agree","Agree","Neither Agree nor Disagree","Agree","Strongly Disagree","Strongly Agree","Neither Agree nor Disagree","Research Participation: I consent to provide data from my research experience to researchers for analysis","Participation"
"7728","23","Female","92","A fair amount","A little","Very much","Very much","Very much","A fair amount","A fair amount","A fair amount","Very much","Much","A fair amount","A fair amount","Very much","Much","Very much","Not at all","Not at all","Not at all","Not at all","A fair amount","Not at all","Not at all","A fair amount","Not at all","A little","Not at all","Not at all","Not at all","Not at all","Not at all","Not at all","6","4 - Corresponds moderately","7 - Corresponds exactly","3 - Corresponds a little","1 - Does not correspond at all","4 - Corresponds moderately","7 - Corresponds exactly","5 - Corresponds a lot","4 - Corresponds moderately","3 - Corresponds a little","1 - Does not correspond at all","1 - Does not correspond at all","4 - Corresponds moderately","7 - Corresponds exactly","7 - Corresponds exactly","6","7 - Corresponds exactly","3 - Corresponds a little","1 - Does not correspond at all","6","7 - Corresponds exactly","7 - Corresponds exactly","4 - Corresponds moderately","7 - Corresponds exactly","4 - Corresponds moderately","1 - Does not correspond at all","7 - Corresponds exactly","7 - Corresponds exactly","Sometimes","Sometimes","Almost Never","Almost Never","Almost Never","Often","Sometimes","Almost Never","Sometimes","Often","Almost Always","Often","Almost Always","Almost Never","Often","Sometimes","Often","Almost Never","Almost Never","Almost Always","Almost Always","Moderately - it wasn't pleasant at times","Severely - it bothered me a lot","Mildly - but it didn't bother me much","Severely - it bothered me a lot","Mildly - but it didn't bother me much","Moderately - it wasn't pleasant at times","Not at all","Mildly - but it didn't bother me much","Moderately - it wasn't pleasant at times","Severely - it bothered me a lot","Not at all","Not at all","Mildly - but it didn't bother me much","Severely - it bothered me a lot","Not at all","Severely - it bothered me a lot","Severely - it bothered me a lot","Mildly - but it didn't bother me much","Mildly - but it didn't bother me much","Moderately - it wasn't pleasant at times","Severely - it bothered me a lot","1 - Not at all typical of me","5 - Very typical of me","1 - Not at all typical of me","4","5 - Very typical of me","3","5 - Very typical of me","1 - Not at all typical of me","4","1 - Not at all typical of me","2","5 - Very typical of me","2","5 - Very typical of me","4","4","5 - Very typical of me","Strongly Agree","Strongly Agree","Do Not Recall","Strongly Agree","Do Not Recall","Strongly Disagree","Neither Agree nor Disagree","Strongly Agree","Strongly Agree","Strongly Agree","Neither Agree nor Disagree","Strongly Disagree","Strongly Disagree","Strongly Disagree","Strongly Agree","Neither Agree nor Disagree","Strongly Disagree","Agree","Strongly Agree","Strongly Agree","Strongly Agree","Strongly Agree","Disagree","Agree","Strongly Agree","Strongly Disagree","Strongly Agree","Neither Agree nor Disagree","Strongly Agree","Strongly Agree","Agree","Agree","Do Not Recall","Strongly Disagree","Strongly Agree","Do Not Recall","Neither Agree nor Disagree","Strongly Disagree","Disagree","Neither Agree nor Disagree","Strongly Agree","Agree","Strongly Disagree","Disagree","Strongly Disagree","Disagree","Strongly Agree","Research Participation: I consent to provide data from my research experience to researchers for analysis","Participation"
"15527","19","female","97","A little","Not at all","A little","A little","A little","A little","A little","A little","A fair amount","Not at all","A little","A little","Not at all","A fair amount","Not at all","Not at all","Not at all","Not at all","Not at all","Not at all","Not at all","A little","Not at all","Not at all","A little","Not at all","Not at all","A little","Not at all","A little","Not at all","5 - Corresponds a lot","4 - Corresponds moderately","7 - Corresponds exactly","2","1 - Does not correspond at all","5 - Corresponds a lot","4 - Corresponds moderately","7 - Corresponds exactly","2","7 - Corresponds exactly","1 - Does not correspond at all","2","5 - Corresponds a lot","6","7 - Corresponds exactly","3 - Corresponds a little","2","1 - Does not correspond at all","1 - Does not correspond at all","5 - Corresponds a lot","6","7 - Corresponds exactly","3 - Corresponds a little","5 - Corresponds a lot","1 - Does not correspond at all","1 - Does not correspond at all","6","6","Sometimes","Almost Never","Sometimes","Often","Sometimes","Sometimes","Often","Almost Never","Sometimes","Almost Never","Sometimes","Often","Sometimes","Sometimes","Sometimes","Often","Often","Almost Always","Almost Never","Sometimes","Often","Mildly - but it didn't bother me much","Mildly - but it didn't bother me much","Not at all","Moderately - it wasn't pleasant at times","Moderately - it wasn't pleasant at times","Moderately - it wasn't pleasant at times","Moderately - it wasn't pleasant at times","Moderately - it wasn't pleasant at times","Moderately - it wasn't pleasant at times","Severely - it bothered me a lot","Not at all","Mildly - but it didn't bother me much","Mildly - but it didn't bother me much","Not at all","Mildly - but it didn't bother me much","Not at all","Mildly - but it didn't bother me much","Mildly - but it didn't bother me much","Moderately - it wasn't pleasant at times","Mildly - but it didn't bother me much","Not at all","1 - Not at all typical of me","5 - Very typical of me","1 - Not at all typical of me","5 - Very typical of me","5 - Very typical of me","4","5 - Very typical of me","1 - Not at all typical of me","4","1 - Not at all typical of me","4","5 - Very typical of me","5 - Very typical of me","5 - Very typical of me","5 - Very typical of me","5 - Very typical of me","4","Agree","Strongly Agree","Do Not Recall","Strongly Agree","Neither Agree nor Disagree","Strongly Disagree","Do Not Recall","Agree","Strongly Agree","Strongly Agree","Agree","Neither Agree nor Disagree","Strongly Disagree","Agree","Neither Agree nor Disagree","Disagree","Disagree","Agree","Strongly Agree","Agree","Neither Agree nor Disagree","Strongly Agree","Agree","Neither Agree nor Disagree","Agree","Strongly Disagree","Strongly Agree","Do Not Recall","Agree","Strongly Agree","Do Not Recall","Agree","Agree","Neither Agree nor Disagree","Strongly Agree","Neither Agree nor Disagree","Disagree","Strongly Disagree","Neither Agree nor Disagree","Agree","Agree","Agree","Agree","Neither Agree nor Disagree","Agree","Agree","Neither Agree nor Disagree","Research Participation: I consent to provide data from my research experience to researchers for analysis","Participation"
"15639","19","Female","98","Very much","Very much","Very much","Very much","Very much","Very much","Very much","Not at all","A fair amount","Not at all","Very much","Very much","Not at all","A fair amount","Not at all","Not at all","Not at all","Not at all","Not at all","Not at all","Not at all","A little","Not at all","Not at all","Not at all","Not at all","Not at all","Not at all","Not at all","Not at all","Not at all","7 - Corresponds exactly","7 - Corresponds exactly","7 - Corresponds exactly","3 - Corresponds a little","5 - Corresponds a lot","4 - Corresponds moderately","3 - Corresponds a little","5 - Corresponds a lot","6","7 - Corresponds exactly","7 - Corresponds exactly","1 - Does not correspond at all","4 - Corresponds moderately","2","6","7 - Corresponds exactly","3 - Corresponds a little","3 - Corresponds a little","4 - Corresponds moderately","2","1 - Does not correspond at all","6","7 - Corresponds exactly","5 - Corresponds a lot","5 - Corresponds a lot","4 - Corresponds moderately","1 - Does not correspond at all","3 - Corresponds a little","Almost Never","Sometimes","Sometimes","Sometimes","Almost Always","Sometimes","Sometimes","Almost Never","Almost Always","Almost Always","Almost Always","Sometimes","Almost Always","Often","Sometimes","Almost Always","Almost Always","Sometimes","Almost Never","Almost Always","Sometimes","Not at all","Moderately - it wasn't pleasant at times","Not at all","Moderately - it wasn't pleasant at times","Severely - it bothered me a lot","Not at all","Mildly - but it didn't bother me much","Moderately - it wasn't pleasant at times","Severely - it bothered me a lot","Severely - it bothered me a lot","Severely - it bothered me a lot","Severely - it bothered me a lot","Moderately - it wasn't pleasant at times","Not at all","Mildly - but it didn't bother me much","Not at all","Not at all","Not at all","Not at all","Not at all","Not at all","2","5 - Very typical of me","3","5 - Very typical of me","5 - Very typical of me","3","5 - Very typical of me","4","3","1 - Not at all typical of me","4","5 - Very typical of me","2","4","2","3","4","Neither Agree nor Disagree","Strongly Agree","Agree","Strongly Agree","Neither Agree nor Disagree","Disagree","Strongly Agree","Do Not Recall","Neither Agree nor Disagree","Neither Agree nor Disagree","Strongly Agree","Strongly Agree","Neither Agree nor Disagree","Strongly Agree","Agree","Strongly Disagree","Strongly Disagree","Neither Agree nor Disagree","Agree","Agree","Strongly Agree","Disagree","Strongly Agree","Neither Agree nor Disagree","Strongly Agree","Strongly Disagree","Agree","Disagree","Neither Agree nor Disagree","Agree","Strongly Disagree","Agree","Strongly Disagree","Strongly Agree","Strongly Agree","Agree","Strongly Agree","Strongly Disagree","Strongly Disagree","Strongly Agree","Neither Agree nor Disagree","Strongly Agree","Agree","Strongly Agree","Strongly Agree","Neither Agree nor Disagree","Neither Agree nor Disagree","Research Participation: I consent to provide data from my research experience to researchers for analysis","Participation"
"12031","20","Femakw","95","Very much","A little","A fair amount","Very much","Very much","Very much","Very much","A little","A fair amount","A little","A little","A little","A fair amount","Much","A little","Not at all","Not at all","Not at all","A little","Very much","Not at all","A fair amount","A little","Much","A little","Much","Not at all","Not at all","Not at all","Not at all","","6","4 - Corresponds moderately","7 - Corresponds exactly","4 - Corresponds moderately","2","7 - Corresponds exactly","7 - Corresponds exactly","6","5 - Corresponds a lot","7 - Corresponds exactly","3 - Corresponds a little","3 - Corresponds a little","6","5 - Corresponds a lot","7 - Corresponds exactly","7 - Corresponds exactly","7 - Corresponds exactly","3 - Corresponds a little","1 - Does not correspond at all","7 - Corresponds exactly","7 - Corresponds exactly","6","5 - Corresponds a lot","5 - Corresponds a lot","4 - Corresponds moderately","1 - Does not correspond at all","6","7 - Corresponds exactly","Often","Sometimes","Almost Always","Almost Never","Almost Never","Sometimes","Often","Almost Never","Often","Almost Always","Often","Sometimes","Sometimes","Often","Sometimes","Sometimes","Almost Always","Almost Never","Often","Sometimes","Almost Never","Moderately - it wasn't pleasant at times","Mildly - but it didn't bother me much","Mildly - but it didn't bother me much","Severely - it bothered me a lot","Severely - it bothered me a lot","Mildly - but it didn't bother me much","Moderately - it wasn't pleasant at times","Moderately - it wasn't pleasant at times","Moderately - it wasn't pleasant at times","Moderately - it wasn't pleasant at times","Moderately - it wasn't pleasant at times","Mildly - but it didn't bother me much","Mildly - but it didn't bother me much","Severely - it bothered me a lot","Severely - it bothered me a lot","Severely - it bothered me a lot","Severely - it bothered me a lot","Moderately - it wasn't pleasant at times","Moderately - it wasn't pleasant at times","Mildly - but it didn't bother me much","Mildly - but it didn't bother me much","3","4","2","4","4","4","4","2","3","2","2","5 - Very typical of me","3","4","5 - Very typical of me","3","4","Disagree","Disagree","Strongly Disagree","Agree","Strongly Disagree","Agree","Disagree","Disagree","Disagree","Disagree","Neither Agree nor Disagree","Neither Agree nor Disagree","Strongly Agree","Disagree","Disagree","Neither Agree nor Disagree","Neither Agree nor Disagree","Disagree","Agree","Agree","Disagree","Agree","Neither Agree nor Disagree","Disagree","Strongly Agree","Strongly Disagree","Strongly Agree","Disagree","Strongly Agree","Strongly Agree","Neither Agree nor Disagree","Agree","Disagree","Disagree","Strongly Agree","Strongly Agree","Neither Agree nor Disagree","Strongly Disagree","Disagree","Disagree","Strongly Agree","Neither Agree nor Disagree","Do Not Recall","Agree","Do Not Recall","Strongly Agree","Agree","Research Participation: I consent to provide data from my research experience to researchers for analysis","Participation"
"17410","19","male","91","A little","Not at all","A little","A fair amount","A fair amount","Not at all","Not at all","Not at all","A little","Not at all","Not at all","A little","A little","A little","A little","A fair amount","Not at all","Not at all","Not at all","A little","A little","Not at all","A little","A little","Much","Not at all","Not at all","A little","Not at all","Not at all","Not at all","5 - Corresponds a lot","3 - Corresponds a little","7 - Corresponds exactly","1 - Does not correspond at all","1 - Does not correspond at all","1 - Does not correspond at all","1 - Does not correspond at all","7 - Corresponds exactly","3 - Corresponds a little","7 - Corresponds exactly","1 - Does not correspond at all","1 - Does not correspond at all","3 - Corresponds a little","5 - Corresponds a lot","7 - Corresponds exactly","4 - Corresponds moderately","5 - Corresponds a lot","1 - Does not correspond at all","1 - Does not correspond at all","3 - Corresponds a little","1 - Does not correspond at all","7 - Corresponds exactly","5 - Corresponds a lot","7 - Corresponds exactly","4 - Corresponds moderately","1 - Does not correspond at all","5 - Corresponds a lot","4 - Corresponds moderately","Almost Always","Sometimes","Almost Never","Almost Never","Often","Sometimes","Often","Almost Never","Almost Never","Sometimes","Sometimes","Sometimes","Often","Almost Never","Almost Never","Sometimes","Sometimes","Sometimes","Often","Almost Never","Sometimes","Not at all","Not at all","Not at all","Moderately - it wasn't pleasant at times","Moderately - it wasn't pleasant at times","Not at all","Not at all","Mildly - but it didn't bother me much","Not at all","Moderately - it wasn't pleasant at times","Mildly - but it didn't bother me much","Mildly - but it didn't bother me much","Not at all","Mildly - but it didn't bother me much","Not at all","Not at all","Mildly - but it didn't bother me much","Not at all","Not at all","Not at all","Not at all","5 - Very typical of me","2","5 - Very typical of me","1 - Not at all typical of me","1 - Not at all typical of me","2","1 - Not at all typical of me","4","1 - Not at all typical of me","5 - Very typical of me","5 - Very typical of me","5 - Very typical of me","1 - Not at all typical of me","1 - Not at all typical of me","1 - Not at all typical of me","1 - Not at all typical of me","1 - Not at all typical of me","Agree","Strongly Agree","Neither Agree nor Disagree","Agree","Agree","Disagree","Neither Agree nor Disagree","Neither Agree nor Disagree","Agree","Agree","Agree","Agree","Agree","Disagree","Neither Agree nor Disagree","Strongly Disagree","Agree","Neither Agree nor Disagree","Disagree","Neither Agree nor Disagree","Disagree","Strongly Disagree","Agree","Strongly Disagree","Strongly Agree","Agree","Strongly Agree","Strongly Agree","Strongly Agree","Strongly Agree","Strongly Disagree","Agree","Disagree","Strongly Agree","Strongly Agree","Strongly Agree","Agree","Disagree","Neither Agree nor Disagree","Neither Agree nor Disagree","Neither Agree nor Disagree","Neither Agree nor Disagree","Neither Agree nor Disagree","Neither Agree nor Disagree","Neither Agree nor Disagree","Neither Agree nor Disagree","Neither Agree nor Disagree","Research Participation: I consent to provide data from my research experience to researchers for analysis","Participation"
"17403","19","male","97","A fair amount","A little","Very much","Not at all","A little","A little","Much","Not at all","A fair amount","Not at all","Not at all","A little","Not at all","A fair amount","A little","Not at all","Not at all","Not at all","Not at all","Not at all","Not at all","A little","A little","A little","Not at all","A little","Not at all","Not at all","Not at all","Not at all","Not at all","4 - Corresponds moderately","7 - Corresponds exactly","7 - Corresponds exactly","7 - Corresponds exactly","1 - Does not correspond at all","5 - Corresponds a lot","1 - Does not correspond at all","4 - Corresponds moderately","6","5 - Corresponds a lot","1 - Does not correspond at all","1 - Does not correspond at all","3 - Corresponds a little","3 - Corresponds a little","2","5 - Corresponds a lot","5 - Corresponds a lot","1 - Does not correspond at all","1 - Does not correspond at all","7 - Corresponds exactly","7 - Corresponds exactly","3 - Corresponds a little","5 - Corresponds a lot","2","4 - Corresponds moderately","1 - Does not correspond at all","5 - Corresponds a lot","5 - Corresponds a lot","Sometimes","Sometimes","Sometimes","Almost Never","Almost Never","Almost Never","Sometimes","Almost Never","Sometimes","Often","Sometimes","Sometimes","Sometimes","Almost Never","Almost Never","Almost Never","Sometimes","Sometimes","Sometimes","Often","Almost Never","Not at all","Not at all","Not at all","Moderately - it wasn't pleasant at times","Mildly - but it didn't bother me much","Not at all","Mildly - but it didn't bother me much","Moderately - it wasn't pleasant at times","Mildly - but it didn't bother me much","Mildly - but it didn't bother me much","Not at all","Not at all","Not at all","Not at all","Not at all","Not at all","Mildly - but it didn't bother me much","Not at all","Not at all","Not at all","Not at all","3","2","2","2","3","2","2","4","2","2","4","5 - Very typical of me","3","3","3","2","4","Strongly Agree","Agree","Disagree","Agree","Neither Agree nor Disagree","Disagree","Agree","Strongly Agree","Strongly Agree","Agree","Disagree","Disagree","Disagree","Disagree","Agree","Disagree","Disagree","Agree","Agree","Agree","Agree","Agree","Agree","Agree","Agree","Strongly Disagree","Strongly Disagree","Strongly Disagree","Agree","Neither Agree nor Disagree","Disagree","Agree","Strongly Disagree","Strongly Disagree","Neither Agree nor Disagree","Strongly Agree","Neither Agree nor Disagree","Strongly Disagree","Disagree","Neither Agree nor Disagree","Strongly Agree","Agree","Disagree","Agree","Disagree","Agree","Neither Agree nor Disagree","Research Participation: I consent to provide data from my research experience to researchers for analysis","Participation"
"15958","18","Female","96","A little","Much","Very much","A fair amount","A fair amount","Much","Not at all","Not at all","Not at all","A fair amount","Very much","A little","Not at all","Not at all","A little","Not at all","Not at all","Not at all","Not at all","A little","Not at all","A little","Not at all","A fair amount","Not at all","A fair amount","Not at all","A little","Not at all","A little","Not at all","4 - Corresponds moderately","5 - Corresponds a lot","7 - Corresponds exactly","3 - Corresponds a little","1 - Does not correspond at all","5 - Corresponds a lot","7 - Corresponds exactly","7 - Corresponds exactly","5 - Corresponds a lot","7 - Corresponds exactly","3 - Corresponds a little","1 - Does not correspond at all","7 - Corresponds exactly","4 - Corresponds moderately","4 - Corresponds moderately","6","7 - Corresponds exactly","3 - Corresponds a little","1 - Does not correspond at all","6","4 - Corresponds moderately","5 - Corresponds a lot","6","4 - Corresponds moderately","6","1 - Does not correspond at all","7 - Corresponds exactly","7 - Corresponds exactly","Sometimes","Almost Always","Almost Always","Often","Sometimes","Sometimes","Often","Almost Never","Almost Always","Almost Always","Almost Always","Almost Always","Almost Always","Often","Often","Almost Always","Almost Always","Almost Always","Almost Always","Almost Always","Almost Always","Mildly - but it didn't bother me much","Not at all","Not at all","Moderately - it wasn't pleasant at times","Moderately - it wasn't pleasant at times","Moderately - it wasn't pleasant at times","Moderately - it wasn't pleasant at times","Severely - it bothered me a lot","Severely - it bothered me a lot","Severely - it bothered me a lot","Not at all","Not at all","Not at all","Not at all","Not at all","Not at all","Severely - it bothered me a lot","Moderately - it wasn't pleasant at times","Not at all","Moderately - it wasn't pleasant at times","Moderately - it wasn't pleasant at times","3","5 - Very typical of me","1 - Not at all typical of me","3","5 - Very typical of me","5 - Very typical of me","4","2","1 - Not at all typical of me","1 - Not at all typical of me","5 - Very typical of me","5 - Very typical of me","3","5 - Very typical of me","4","4","4","Strongly Agree","Agree","Neither Agree nor Disagree","Strongly Agree","Agree","Strongly Disagree","Strongly Agree","Strongly Agree","Agree","Agree","Agree","Agree","Neither Agree nor Disagree","Neither Agree nor Disagree","Agree","Strongly Agree","Neither Agree nor Disagree","Agree","Agree","Agree","Agree","Neither Agree nor Disagree","Strongly Agree","Strongly Agree","Strongly Agree","Strongly Disagree","Agree","Strongly Agree","Strongly Agree","Strongly Agree","Disagree","Agree","Neither Agree nor Disagree","Disagree","Agree","Agree","Strongly Disagree","Disagree","Agree","Neither Agree nor Disagree","Strongly Agree","Agree","Agree","Strongly Agree","Agree","Strongly Agree","Agree","Research Participation: I consent to provide data from my research experience to researchers for analysis","Participation"
"17411","20","Male","85-90","A fair amount","A fair amount","A fair amount","Much","Much","A little","A fair amount","A fair amount","Very much","A fair amount","Much","A little","A little","Much","A fair amount","Not at all","A little","Not at all","Not at all","Not at all","A fair amount","A little","Not at all","A little","Not at all","Not at all","A little","A fair amount","A fair amount","A fair amount","Not at all","7 - Corresponds exactly","4 - Corresponds moderately","7 - Corresponds exactly","3 - Corresponds a little","3 - Corresponds a little","5 - Corresponds a lot","5 - Corresponds a lot","7 - Corresponds exactly","4 - Corresponds moderately","7 - Corresponds exactly","3 - Corresponds a little","2","3 - Corresponds a little","6","7 - Corresponds exactly","4 - Corresponds moderately","7 - Corresponds exactly","2","1 - Does not correspond at all","5 - Corresponds a lot","5 - Corresponds a lot","7 - Corresponds exactly","6","7 - Corresponds exactly","3 - Corresponds a little","1 - Does not correspond at all","6","7 - Corresponds exactly","Sometimes","Often","Sometimes","Sometimes","Almost Never","Sometimes","Often","Almost Never","Often","Almost Always","Often","Often","Almost Always","Often","Sometimes","Sometimes","Often","Often","Often","Sometimes","Sometimes","Not at all","Moderately - it wasn't pleasant at times","Not at all","Mildly - but it didn't bother me much","Moderately - it wasn't pleasant at times","Moderately - it wasn't pleasant at times","Moderately - it wasn't pleasant at times","Not at all","Not at all","Severely - it bothered me a lot","Not at all","Not at all","Not at all","Not at all","Not at all","Not at all","Not at all","Mildly - but it didn't bother me much","Not at all","Severely - it bothered me a lot","Moderately - it wasn't pleasant at times","3","4","2","4","4","4","3","2","3","2","2","5 - Very typical of me","4","3","3","3","3","Agree","Agree","Strongly Agree","Strongly Agree","Neither Agree nor Disagree","Disagree","Disagree","Neither Agree nor Disagree","Agree","Agree","Agree","Disagree","Disagree","Disagree","Neither Agree nor Disagree","Disagree","Disagree","Agree","Strongly Agree","Neither Agree nor Disagree","Neither Agree nor Disagree","Agree","Agree","Disagree","Agree","Strongly Disagree","Agree","Neither Agree nor Disagree","Neither Agree nor Disagree","Strongly Agree","Neither Agree nor Disagree","Agree","Disagree","Agree","Agree","Strongly Agree","Strongly Agree","Disagree","Disagree","Agree","Neither Agree nor Disagree","Agree","Neither Agree nor Disagree","Agree","Agree","Neither Agree nor Disagree","Agree","Research Participation: I consent to provide data from my research experience to researchers for analysis","Participation"
"17414","48","M","75","Much","A fair amount","Much","Much","A fair amount","A little","A fair amount","A fair amount","Much","A fair amount","","Much","Much","Much","A little","A little","Not at all","Not at all","A fair amount","A fair amount","A little","Much","Much","A fair amount","A fair amount","A little","Not at all","Not at all","Not at all","Not at all","Not at all","4 - Corresponds moderately","7 - Corresponds exactly","7 - Corresponds exactly","3 - Corresponds a little","1 - Does not correspond at all","5 - Corresponds a lot","7 - Corresponds exactly","7 - Corresponds exactly","5 - Corresponds a lot","7 - Corresponds exactly","5 - Corresponds a lot","1 - Does not correspond at all","7 - Corresponds exactly","7 - Corresponds exactly","7 - Corresponds exactly","7 - Corresponds exactly","3 - Corresponds a little","4 - Corresponds moderately","1 - Does not correspond at all","7 - Corresponds exactly","5 - Corresponds a lot","7 - Corresponds exactly","5 - Corresponds a lot","7 - Corresponds exactly","4 - Corresponds moderately","1 - Does not correspond at all","7 - Corresponds exactly","7 - Corresponds exactly","Often","Sometimes","Sometimes","Almost Never","Sometimes","Almost Never","Almost Never","Almost Never","Often","Often","Often","Sometimes","Almost Always","Almost Never","Sometimes","Almost Never","Often","Sometimes","Almost Never","Almost Never","Almost Never","Not at all","Not at all","Not at all","Not at all","Not at all","Not at all","Not at all","Not at all","Not at all","Moderately - it wasn't pleasant at times","Not at all","Not at all","Not at all","Not at all","Not at all","Not at all","Moderately - it wasn't pleasant at times","Mildly - but it didn't bother me much","Not at all","Mildly - but it didn't bother me much","Not at all","1 - Not at all typical of me","2","3","2","1 - Not at all typical of me","2","2","4","3","3","4","5 - Very typical of me","2","3","2","3","4","Agree","Strongly Agree","Agree","Neither Agree nor Disagree","Disagree","Agree","Disagree","Neither Agree nor Disagree","Disagree","Neither Agree nor Disagree","Agree","Agree","Agree","Disagree","Neither Agree nor Disagree","Neither Agree nor Disagree","Disagree","Disagree","Agree","Agree","Agree","Neither Agree nor Disagree","Disagree","Disagree","Agree","Agree","Strongly Agree","Agree","Strongly Agree","Strongly Agree","Disagree","Agree","Disagree","Strongly Agree","Strongly Agree","Strongly Agree","Strongly Agree","Disagree","Agree","Disagree","Neither Agree nor Disagree","Agree","Agree","Disagree","Strongly Agree","Neither Agree nor Disagree","Strongly Agree","Research Participation: I consent to provide data from my research experience to researchers for analysis","Participation"
"17416","45","Female","82","A little","A little","A little","A little","A little","A little","A little","A little","A little","A little","A fair amount","A little","Not at all","A little","A little","Not at all","Not at all","Not at all","Not at all","Not at all","Not at all","A little","A little","Not at all","A little","Not at all","Not at all","A little","Not at all","Not at all","Not at all","7 - Corresponds exactly","7 - Corresponds exactly","7 - Corresponds exactly","4 - Corresponds moderately","1 - Does not correspond at all","7 - Corresponds exactly","7 - Corresponds exactly","5 - Corresponds a lot","7 - Corresponds exactly","7 - Corresponds exactly","4 - Corresponds moderately","1 - Does not correspond at all","7 - Corresponds exactly","4 - Corresponds moderately","7 - Corresponds exactly","7 - Corresponds exactly","7 - Corresponds exactly","4 - Corresponds moderately","1 - Does not correspond at all","7 - Corresponds exactly","7 - Corresponds exactly","6","7 - Corresponds exactly","6","6","1 - Does not correspond at all","6","7 - Corresponds exactly","Often","Sometimes","Almost Never","Almost Never","Sometimes","Sometimes","Sometimes","Almost Never","Sometimes","Sometimes","Sometimes","Almost Never","Almost Never","Almost Never","Almost Never","Almost Never","Sometimes","Sometimes","Sometimes","Sometimes","Sometimes","Not at all","Moderately - it wasn't pleasant at times","Not at all","Not at all","Mildly - but it didn't bother me much","Not at all","Mildly - but it didn't bother me much","Not at all","Not at all","Moderately - it wasn't pleasant at times","Not at all","Not at all","Not at all","Mildly - but it didn't bother me much","Not at all","Not at all","Not at all","Not at all","Not at all","Severely - it bothered me a lot","Mildly - but it didn't bother me much","1 - Not at all typical of me","2","4","3","4","3","2","4","3","3","4","5 - Very typical of me","3","2","2","2","3","Strongly Agree","Strongly Agree","Neither Agree nor Disagree","Strongly Agree","Strongly Agree","Strongly Disagree","Agree","Agree","Agree","Strongly Agree","Strongly Agree","Neither Agree nor Disagree","Strongly Disagree","Do Not Recall","Agree","Disagree","Disagree","Agree","Agree","Agree","Agree","Agree","Agree","Neither Agree nor Disagree","Agree","Strongly Disagree","Agree","Agree","Agree","Agree","Strongly Disagree","Agree","Strongly Disagree","Strongly Agree","Strongly Agree","Agree","Strongly Agree","Strongly Disagree","Neither Agree nor Disagree","Neither Agree nor Disagree","Agree","Agree","Neither Agree nor Disagree","Neither Agree nor Disagree","Disagree","Do Not Recall","Neither Agree nor Disagree","Research Participation: I consent to provide data from my research experience to researchers for analysis","Participation"
"12980","19","Female","87","Much","A fair amount","Much","Very much","Very much","A fair amount","Much","A little","Much","A fair amount","Much","Much","Not at all","A little","A little","Not at all","Not at all","Not at all","Not at all","Not at all","Not at all","A little","Not at all","A little","A little","A little","Not at all","Not at all","Not at all","Not at all","Not at all","3 - Corresponds a little","4 - Corresponds moderately","5 - Corresponds a lot","2","5 - Corresponds a lot","3 - Corresponds a little","6","6","4 - Corresponds moderately","5 - Corresponds a lot","3 - Corresponds a little","5 - Corresponds a lot","5 - Corresponds a lot","6","6","5 - Corresponds a lot","5 - Corresponds a lot","3 - Corresponds a little","3 - Corresponds a little","5 - Corresponds a lot","6","7 - Corresponds exactly","5 - Corresponds a lot","5 - Corresponds a lot","3 - Corresponds a little","4 - Corresponds moderately","4 - Corresponds moderately","5 - Corresponds a lot","Almost Never","Often","Almost Always","Sometimes","Almost Always","Sometimes","Often","Almost Never","Almost Always","Often","Often","Often","Almost Always","Often","Often","Often","Almost Always","Almost Always","Almost Always","Often","Often","Mildly - but it didn't bother me much","Moderately - it wasn't pleasant at times","Not at all","Severely - it bothered me a lot","Moderately - it wasn't pleasant at times","Mildly - but it didn't bother me much","Moderately - it wasn't pleasant at times","Mildly - but it didn't bother me much","Moderately - it wasn't pleasant at times","Severely - it bothered me a lot","Not at all","Mildly - but it didn't bother me much","Mildly - but it didn't bother me much","Moderately - it wasn't pleasant at times","Not at all","Not at all","Moderately - it wasn't pleasant at times","Not at all","Not at all","Mildly - but it didn't bother me much","Severely - it bothered me a lot","1 - Not at all typical of me","4","2","4","5 - Very typical of me","4","4","2","3","1 - Not at all typical of me","2","5 - Very typical of me","3","4","4","4","4","Strongly Agree","Strongly Agree","Disagree","Strongly Agree","Agree","Disagree","Agree","Agree","Strongly Agree","Agree","Disagree","Disagree","Strongly Disagree","Disagree","Agree","Strongly Disagree","Disagree","Strongly Agree","Agree","Agree","Agree","Strongly Agree","Strongly Agree","Agree","Agree","Agree","Neither Agree nor Disagree","Disagree","Agree","Strongly Agree","Agree","Agree","Agree","Strongly Disagree","Agree","Agree","Disagree","Strongly Disagree","Disagree","Disagree","Agree","Disagree","Disagree","Strongly Agree","Strongly Disagree","Disagree","Disagree","Research Participation: I consent to provide data from my research experience to researchers for analysis","Participation"
"12985","20","Male","82","Very much","Very much","Very much","Very much","Very much","Much","Very much","Very much","Very much","Much","Very much","Very much","Much","Very much","Very much","A fair amount","Not at all","Not at all","A little","A fair amount","Much","A little","Not at all","A little","A little","A little","Not at all","A fair amount","A little","A fair amount","Not at all","6","4 - Corresponds moderately","7 - Corresponds exactly","2","1 - Does not correspond at all","3 - Corresponds a little","6","7 - Corresponds exactly","7 - Corresponds exactly","7 - Corresponds exactly","3 - Corresponds a little","3 - Corresponds a little","5 - Corresponds a lot","7 - Corresponds exactly","7 - Corresponds exactly","5 - Corresponds a lot","7 - Corresponds exactly","5 - Corresponds a lot","1 - Does not correspond at all","4 - Corresponds moderately","6","7 - Corresponds exactly","7 - Corresponds exactly","6","4 - Corresponds moderately","2","5 - Corresponds a lot","6","Sometimes","Often","Often","Often","Almost Always","Almost Always","Often","Almost Never","Often","Almost Always","Almost Always","Often","Almost Always","Sometimes","Often","Almost Always","Almost Always","Almost Always","Sometimes","Often","Often","Not at all","Severely - it bothered me a lot","Mildly - but it didn't bother me much","Severely - it bothered me a lot","Moderately - it wasn't pleasant at times","Not at all","Moderately - it wasn't pleasant at times","Mildly - but it didn't bother me much","Mildly - but it didn't bother me much","Severely - it bothered me a lot","Not at all","Moderately - it wasn't pleasant at times","Moderately - it wasn't pleasant at times","Not at all","Not at all","Mildly - but it didn't bother me much","Moderately - it wasn't pleasant at times","Not at all","Not at all","Not at all","Moderately - it wasn't pleasant at times","2","4","1 - Not at all typical of me","4","5 - Very typical of me","4","4","2","4","1 - Not at all typical of me","1 - Not at all typical of me","5 - Very typical of me","5 - Very typical of me","5 - Very typical of me","4","5 - Very typical of me","4","Agree","Strongly Agree","Agree","Agree","Neither Agree nor Disagree","Strongly Disagree","Agree","Strongly Agree","Agree","Agree","Agree","Agree","Disagree","Agree","Neither Agree nor Disagree","Strongly Agree","Disagree","Agree","Agree","Agree","Agree","Strongly Agree","Agree","Strongly Agree","Strongly Agree","Neither Agree nor Disagree","Neither Agree nor Disagree","Agree","Agree","Strongly Agree","Strongly Disagree","Agree","Disagree","Agree","Agree","Strongly Agree","Agree","Agree","Disagree","Neither Agree nor Disagree","Neither Agree nor Disagree","Strongly Agree","Neither Agree nor Disagree","Strongly Agree","Disagree","Agree","Agree","Research Participation: I consent to provide data from my research experience to researchers for analysis","Participation"
"17421","20","Male","90","Much","Very much","Much","A fair amount","A fair amount","Much","A fair amount","Much","A fair amount","A little","A fair amount","A fair amount","Not at all","Not at all","Not at all","Not at all","Not at all","Not at all","Not at all","Not at all","Not at all","Not at all","Not at all","Not at all","Not at all","Not at all","Not at all","Not at all","Not at all","Not at all","Not at all","5 - Corresponds a lot","5 - Corresponds a lot","5 - Corresponds a lot","5 - Corresponds a lot","1 - Does not correspond at all","5 - Corresponds a lot","3 - Corresponds a little","7 - Corresponds exactly","4 - Corresponds moderately","7 - Corresponds exactly","1 - Does not correspond at all","1 - Does not correspond at all","5 - Corresponds a lot","3 - Corresponds a little","7 - Corresponds exactly","5 - Corresponds a lot","3 - Corresponds a little","1 - Does not correspond at all","1 - Does not correspond at all","4 - Corresponds moderately","3 - Corresponds a little","7 - Corresponds exactly","5 - Corresponds a lot","7 - Corresponds exactly","1 - Does not correspond at all","1 - Does not correspond at all","5 - Corresponds a lot","3 - Corresponds a little","Sometimes","Sometimes","Sometimes","Sometimes","Almost Never","Almost Never","Almost Never","Almost Never","Often","Sometimes","Sometimes","Sometimes","Sometimes","Almost Never","Almost Never","Sometimes","Sometimes","Almost Never","Sometimes","Almost Never","Almost Never","Not at all","Not at all","Mildly - but it didn't bother me much","Not at all","Not at all","Not at all","Mildly - but it didn't bother me much","Mildly - but it didn't bother me much","Not at all","Mildly - but it didn't bother me much","Not at all","Not at all","Not at all","Not at all","Not at all","Not at all","Mildly - but it didn't bother me much","Not at all","Not at all","Not at all","Not at all","2","1 - Not at all typical of me","2","2","2","2","3","2","4","1 - Not at all typical of me","4","5 - Very typical of me","2","4","3","2","5 - Very typical of me","Strongly Agree","Strongly Agree","Agree","Agree","Agree","Strongly Disagree","Strongly Agree","Agree","Strongly Agree","Agree","Agree","Disagree","Strongly Disagree","Disagree","Neither Agree nor Disagree","Neither Agree nor Disagree","Disagree","Agree","Agree","Agree","Do Not Recall","Agree","Agree","Neither Agree nor Disagree","Neither Agree nor Disagree","Strongly Disagree","Strongly Disagree","Strongly Disagree","Neither Agree nor Disagree","Neither Agree nor Disagree","Do Not Recall","Agree","Neither Agree nor Disagree","Strongly Disagree","Neither Agree nor Disagree","Neither Agree nor Disagree","Strongly Disagree","Do Not Recall","Neither Agree nor Disagree","Agree","Do Not Recall","Strongly Agree","Neither Agree nor Disagree","Disagree","Neither Agree nor Disagree","Disagree","Strongly Agree","Research Participation: I consent to provide data from my research experience to researchers for analysis","Participation"
"5909","23","Male","90","A fair amount","A little","A fair amount","Much","Much","A fair amount","Much","A fair amount","A fair amount","A fair amount","A little","A fair amount","A little","A fair amount","A little","Not at all","Not at all","A fair amount","Not at all","Not at all","Not at all","A little","Not at all","Not at all","Not at all","Not at all","Not at all","A little","Not at all","Not at all","Not at all","4 - Corresponds moderately","4 - Corresponds moderately","5 - Corresponds a lot","2","3 - Corresponds a little","2","3 - Corresponds a little","4 - Corresponds moderately","2","3 - Corresponds a little","2","4 - Corresponds moderately","3 - Corresponds a little","3 - Corresponds a little","5 - Corresponds a lot","3 - Corresponds a little","4 - Corresponds moderately","1 - Does not correspond at all","1 - Does not correspond at all","3 - Corresponds a little","3 - Corresponds a little","4 - Corresponds moderately","4 - Corresponds moderately","4 - Corresponds moderately","2","2","3 - Corresponds a little","4 - Corresponds moderately","Sometimes","Often","Almost Always","Almost Always","Almost Always","Sometimes","Often","Almost Never","Sometimes","Almost Always","Almost Always","Often","Almost Always","Almost Never","Often","Sometimes","Often","Almost Always","Almost Never","Sometimes","Almost Always","Not at all","Not at all","Moderately - it wasn't pleasant at times","Moderately - it wasn't pleasant at times","Severely - it bothered me a lot","Not at all","Mildly - but it didn't bother me much","Not at all","Not at all","Severely - it bothered me a lot","Not at all","Moderately - it wasn't pleasant at times","Moderately - it wasn't pleasant at times","Mildly - but it didn't bother me much","Not at all","Severely - it bothered me a lot","Mildly - but it didn't bother me much","Not at all","Not at all","Not at all","Moderately - it wasn't pleasant at times","1 - Not at all typical of me","4","3","3","4","3","2","4","4","2","4","5 - Very typical of me","1 - Not at all typical of me","3","3","2","5 - Very typical of me","Strongly Agree","Strongly Agree","Disagree","Strongly Agree","Agree","Strongly Disagree","Agree","Strongly Agree","Strongly Agree","Strongly Agree","Agree","Disagree","Disagree","Strongly Agree","Agree","Strongly Disagree","Strongly Disagree","Agree","Strongly Agree","Agree","Agree","Agree","Strongly Agree","Agree","Agree","Strongly Disagree","Strongly Agree","Strongly Agree","Strongly Agree","Strongly Agree","Strongly Disagree","Agree","Disagree","Strongly Agree","Strongly Agree","Strongly Agree","Strongly Agree","Strongly Disagree","Agree","Agree","Strongly Agree","Strongly Agree","Neither Agree nor Disagree","Agree","Disagree","Agree","Agree","Research Participation: I consent to provide data from my research experience to researchers for analysis","Participation"
"17429","19","Female","92","Much","A little","A fair amount","Much","Much","A fair amount","Much","Very much","A fair amount","A fair amount","A fair amount","A fair amount","A fair amount","Much","A fair amount","Very much","A little","A fair amount","A fair amount","A fair amount","A little","Much","A fair amount","A fair amount","A little","A fair amount","A little","Much","A fair amount","Much","Not at all","5 - Corresponds a lot","4 - Corresponds moderately","6","4 - Corresponds moderately","4 - Corresponds moderately","5 - Corresponds a lot","7 - Corresponds exactly","7 - Corresponds exactly","4 - Corresponds moderately","5 - Corresponds a lot","2","3 - Corresponds a little","4 - Corresponds moderately","6","7 - Corresponds exactly","5 - Corresponds a lot","6","2","2","5 - Corresponds a lot","5 - Corresponds a lot","7 - Corresponds exactly","5 - Corresponds a lot","5 - Corresponds a lot","3 - Corresponds a little","3 - Corresponds a little","3 - Corresponds a little","6","Sometimes","Often","Sometimes","Sometimes","Almost Never","Sometimes","Often","Almost Never","Often","Sometimes","Sometimes","Sometimes","Often","Sometimes","Sometimes","Sometimes","Sometimes","Sometimes","Almost Never","Sometimes","Often","Not at all","Moderately - it wasn't pleasant at times","Mildly - but it didn't bother me much","Mildly - but it didn't bother me much","Mildly - but it didn't bother me much","Not at all","Moderately - it wasn't pleasant at times","Mildly - but it didn't bother me much","Not at all","Mildly - but it didn't bother me much","Not at all","Not at all","Mildly - but it didn't bother me much","Not at all","Not at all","Not at all","Mildly - but it didn't bother me much","Mildly - but it didn't bother me much","Mildly - but it didn't bother me much","Mildly - but it didn't bother me much","Mildly - but it didn't bother me much","3","3","3","4","3","4","2","3","2","3","4","5 - Very typical of me","2","2","3","2","2","Strongly Agree","Agree","Strongly Agree","Agree","Neither Agree nor Disagree","Disagree","Agree","Strongly Agree","Strongly Agree","Strongly Agree","Strongly Agree","Neither Agree nor Disagree","Disagree","Strongly Agree","Strongly Agree","Disagree","Neither Agree nor Disagree","Agree","Agree","Neither Agree nor Disagree","Agree","Strongly Agree","Neither Agree nor Disagree","Neither Agree nor Disagree","Agree","Disagree","Agree","Neither Agree nor Disagree","Strongly Agree","Strongly Agree","Neither Agree nor Disagree","Agree","Agree","Disagree","Agree","Agree","Disagree","Disagree","Disagree","Agree","Strongly Agree","Strongly Agree","Neither Agree nor Disagree","Agree","Neither Agree nor Disagree","Strongly Agree","Agree","Research Participation: I consent to provide data from my research experience to researchers for analysis","Participation"
"17402","19","female","85","Very much","Much","Very much","Very much","Very much","A fair amount","Very much","Very much","Much","A fair amount","A fair amount","Much","Much","Very much","A fair amount","Very much","A little","A little","Much","Very much","A little","A little","A little","A fair amount","A little","A little","A little","Much","A little","A little","Not at all","7 - Corresponds exactly","5 - Corresponds a lot","7 - Corresponds exactly","3 - Corresponds a little","3 - Corresponds a little","3 - Corresponds a little","7 - Corresponds exactly","7 - Corresponds exactly","7 - Corresponds exactly","7 - Corresponds exactly","4 - Corresponds moderately","2","7 - Corresponds exactly","7 - Corresponds exactly","7 - Corresponds exactly","6","7 - Corresponds exactly","2","2","7 - Corresponds exactly","7 - Corresponds exactly","7 - Corresponds exactly","7 - Corresponds exactly","7 - Corresponds exactly","5 - Corresponds a lot","2","7 - Corresponds exactly","7 - Corresponds exactly","Almost Never","Often","Sometimes","Often","Sometimes","Almost Never","Almost Always","Almost Never","Often","Often","Almost Always","Almost Always","Almost Always","Almost Always","Often","Almost Always","Almost Always","Often","Often","Almost Always","Almost Always","Moderately - it wasn't pleasant at times","Severely - it bothered me a lot","Not at all","Moderately - it wasn't pleasant at times","Severely - it bothered me a lot","Mildly - but it didn't bother me much","Severely - it bothered me a lot","Severely - it bothered me a lot","Moderately - it wasn't pleasant at times","Severely - it bothered me a lot","Mildly - but it didn't bother me much","Mildly - but it didn't bother me much","Mildly - but it didn't bother me much","Severely - it bothered me a lot","Moderately - it wasn't pleasant at times","Not at all","Mildly - but it didn't bother me much","Severely - it bothered me a lot","Mildly - but it didn't bother me much","Severely - it bothered me a lot","Moderately - it wasn't pleasant at times","2","5 - Very typical of me","1 - Not at all typical of me","5 - Very typical of me","5 - Very typical of me","5 - Very typical of me","5 - Very typical of me","2","3","1 - Not at all typical of me","2","5 - Very typical of me","5 - Very typical of me","5 - Very typical of me","5 - Very typical of me","3","4","Agree","Strongly Agree","Strongly Agree","Disagree","Disagree","Agree","Strongly Disagree","Disagree","Disagree","Disagree","Disagree","Strongly Agree","Strongly Agree","Disagree","Agree","Agree","Agree","Disagree","Disagree","Disagree","Agree","Disagree","Disagree","Disagree","Agree","Agree","Strongly Agree","Strongly Agree","Strongly Agree","Strongly Agree","Disagree","Agree","Disagree","Agree","Strongly Agree","Strongly Agree","Strongly Agree","Agree","Neither Agree nor Disagree","Agree","Neither Agree nor Disagree","Strongly Agree","Strongly Agree","Strongly Agree","Strongly Agree","Strongly Agree","Strongly Agree","Research Participation: I consent to provide data from my research experience to researchers for analysis","Participation"
"17435","18","female","98","Very much","Much","Very much","Very much","Very much","Very much","Very much","Very much","Very much","Very much","Very much","Very much","Very much","Very much","Very much","Much","Much","A little","A fair amount","A little","Much","A fair amount","A fair amount","A fair amount","A fair amount","","A little","A little","A fair amount","A fair amount","Not at all","3 - Corresponds a little","4 - Corresponds moderately","5 - Corresponds a lot","2","1 - Does not correspond at all","4 - Corresponds moderately","5 - Corresponds a lot","5 - Corresponds a lot","5 - Corresponds a lot","5 - Corresponds a lot","2","1 - Does not correspond at all","5 - Corresponds a lot","5 - Corresponds a lot","5 - Corresponds a lot","5 - Corresponds a lot","5 - Corresponds a lot","2","1 - Does not correspond at all","5 - Corresponds a lot","5 - Corresponds a lot","5 - Corresponds a lot","5 - Corresponds a lot","3 - Corresponds a little","3 - Corresponds a little","1 - Does not correspond at all","3 - Corresponds a little","4 - Corresponds moderately","Almost Never","Almost Always","Almost Always","Almost Always","Almost Always","Almost Always","Almost Always","Almost Never","Almost Always","Almost Always","Almost Always","Almost Always","Almost Always","Almost Always","Almost Always","Almost Always","Almost Always","Almost Always","Almost Always","Almost Always","Almost Always","Mildly - but it didn't bother me much","Severely - it bothered me a lot","Moderately - it wasn't pleasant at times","Severely - it bothered me a lot","Severely - it bothered me a lot","Severely - it bothered me a lot","Severely - it bothered me a lot","Severely - it bothered me a lot","Moderately - it wasn't pleasant at times","Moderately - it wasn't pleasant at times","Moderately - it wasn't pleasant at times","Severely - it bothered me a lot","Severely - it bothered me a lot","Moderately - it wasn't pleasant at times","Severely - it bothered me a lot","Mildly - but it didn't bother me much","Moderately - it wasn't pleasant at times","Severely - it bothered me a lot","Severely - it bothered me a lot","Severely - it bothered me a lot","Severely - it bothered me a lot","1 - Not at all typical of me","5 - Very typical of me","1 - Not at all typical of me","5 - Very typical of me","5 - Very typical of me","5 - Very typical of me","5 - Very typical of me","1 - Not at all typical of me","5 - Very typical of me","1 - Not at all typical of me","1 - Not at all typical of me","5 - Very typical of me","5 - Very typical of me","5 - Very typical of me","5 - Very typical of me","5 - Very typical of me","5 - Very typical of me","Agree","Agree","Neither Agree nor Disagree","Agree","Disagree","Neither Agree nor Disagree","Neither Agree nor Disagree","Neither Agree nor Disagree","Agree","Neither Agree nor Disagree","Agree","Neither Agree nor Disagree","Neither Agree nor Disagree","Neither Agree nor Disagree","Neither Agree nor Disagree","Disagree","Neither Agree nor Disagree","Neither Agree nor Disagree","Neither Agree nor Disagree","Neither Agree nor Disagree","Neither Agree nor Disagree","Agree","Neither Agree nor Disagree","Neither Agree nor Disagree","Agree","Strongly Disagree","Agree","Disagree","Agree","Agree","Neither Agree nor Disagree","Agree","Neither Agree nor Disagree","Neither Agree nor Disagree","Agree","Agree","Disagree","Neither Agree nor Disagree","Disagree","Disagree","Neither Agree nor Disagree","Neither Agree nor Disagree","Neither Agree nor Disagree","Neither Agree nor Disagree","Disagree","Agree","Agree","Research Participation: I consent to provide data from my research experience to researchers for analysis","Participation"
"15741","22","Male","92","A fair amount","A fair amount","Much","Very much","Very much","Very much","Very much","A little","A little","Not at all","A fair amount","A little","Not at all","Not at all","Not at all","Not at all","Not at all","Not at all","Not at all","Much","A little","Not at all","Not at all","Not at all","Not at all","Not at all","Not at all","Not at all","Not at all","Not at all","Not at all","5 - Corresponds a lot","3 - Corresponds a little","7 - Corresponds exactly","3 - Corresponds a little","1 - Does not correspond at all","2","4 - Corresponds moderately","7 - Corresponds exactly","1 - Does not correspond at all","7 - Corresponds exactly","3 - Corresponds a little","1 - Does not correspond at all","3 - Corresponds a little","2","7 - Corresponds exactly","4 - Corresponds moderately","3 - Corresponds a little","4 - Corresponds moderately","1 - Does not correspond at all","3 - Corresponds a little","2","7 - Corresponds exactly","4 - Corresponds moderately","5 - Corresponds a lot","3 - Corresponds a little","1 - Does not correspond at all","4 - Corresponds moderately","5 - Corresponds a lot","Often","Sometimes","Almost Never","Almost Never","Almost Never","Almost Never","Sometimes","Almost Never","Sometimes","Sometimes","Often","Sometimes","Almost Always","Almost Never","Almost Never","Almost Never","Almost Never","Almost Never","Almost Never","Sometimes","Almost Never","Not at all","Moderately - it wasn't pleasant at times","Not at all","Mildly - but it didn't bother me much","Not at all","Mildly - but it didn't bother me much","Moderately - it wasn't pleasant at times","Mildly - but it didn't bother me much","Mildly - but it didn't bother me much","Moderately - it wasn't pleasant at times","Not at all","Mildly - but it didn't bother me much","Not at all","Not at all","Not at all","Not at all","Mildly - but it didn't bother me much","Not at all","Not at all","Not at all","Mildly - but it didn't bother me much","1 - Not at all typical of me","2","1 - Not at all typical of me","2","2","2","1 - Not at all typical of me","3","2","1 - Not at all typical of me","4","5 - Very typical of me","2","2","1 - Not at all typical of me","1 - Not at all typical of me","3","Agree","Strongly Agree","Disagree","Strongly Agree","Strongly Agree","Disagree","Agree","Strongly Agree","Strongly Agree","Strongly Agree","Agree","Neither Agree nor Disagree","Neither Agree nor Disagree","Agree","Agree","Strongly Agree","Disagree","Agree","Agree","Agree","Agree","Agree","Agree","Agree","Strongly Agree","Strongly Disagree","Agree","Strongly Agree","Strongly Agree","Strongly Agree","Disagree","Agree","Neither Agree nor Disagree","Agree","Strongly Agree","Strongly Agree","Neither Agree nor Disagree","Strongly Disagree","Strongly Agree","Strongly Agree","Strongly Agree","Strongly Agree","Strongly Agree","Disagree","Strongly Agree","Agree","Strongly Agree","Research Participation: I consent to provide data from my research experience to researchers for analysis","Participation"
"11453","21","Female","98","Very much","Much","Very much","Very much","Very much","Much","Much","Much","Much","Much","A fair amount","A fair amount","A little","A fair amount","A fair amount","Much","A little","A fair amount","A fair amount","Much","A fair amount","Much","Much","Much","A fair amount","Much","Much","Much","A fair amount","Much","Not at all","5 - Corresponds a lot","7 - Corresponds exactly","7 - Corresponds exactly","3 - Corresponds a little","1 - Does not correspond at all","6","7 - Corresponds exactly","7 - Corresponds exactly","7 - Corresponds exactly","7 - Corresponds exactly","3 - Corresponds a little","1 - Does not correspond at all","7 - Corresponds exactly","7 - Corresponds exactly","7 - Corresponds exactly","7 - Corresponds exactly","7 - Corresponds exactly","2","1 - Does not correspond at all","7 - Corresponds exactly","7 - Corresponds exactly","7 - Corresponds exactly","7 - Corresponds exactly","7 - Corresponds exactly","3 - Corresponds a little","1 - Does not correspond at all","7 - Corresponds exactly","7 - Corresponds exactly","Sometimes","Often","Sometimes","Sometimes","Almost Never","Almost Never","Sometimes","Almost Never","Often","Almost Always","Almost Always","Almost Always","Often","Often","Sometimes","Often","Almost Always","Almost Always","Often","Often","Often","Not at all","Mildly - but it didn't bother me much","Mildly - but it didn't bother me much","Severely - it bothered me a lot","Moderately - it wasn't pleasant at times","Moderately - it wasn't pleasant at times","Moderately - it wasn't pleasant at times","Moderately - it wasn't pleasant at times","Moderately - it wasn't pleasant at times","Severely - it bothered me a lot","Mildly - but it didn't bother me much","Mildly - but it didn't bother me much","Moderately - it wasn't pleasant at times","Moderately - it wasn't pleasant at times","Severely - it bothered me a lot","Moderately - it wasn't pleasant at times","Severely - it bothered me a lot","Mildly - but it didn't bother me much","Severely - it bothered me a lot","Moderately - it wasn't pleasant at times","Moderately - it wasn't pleasant at times","2","4","1 - Not at all typical of me","5 - Very typical of me","4","4","5 - Very typical of me","2","4","1 - Not at all typical of me","1 - Not at all typical of me","5 - Very typical of me","4","3","4","5 - Very typical of me","5 - Very typical of me","Strongly Agree","Strongly Agree","Agree","Agree","Strongly Agree","Disagree","Agree","Strongly Agree","Strongly Agree","Agree","Disagree","Disagree","Disagree","Disagree","Agree","Disagree","Disagree","Agree","Agree","Disagree","Strongly Agree","Strongly Agree","Disagree","Agree","Agree","Strongly Disagree","Agree","Disagree","Strongly Agree","Strongly Agree","Disagree","Agree","Strongly Disagree","Disagree","Strongly Agree","Strongly Agree","Agree","Strongly Disagree","Agree","Agree","Strongly Agree","Agree","Agree","Agree","Disagree","Strongly Agree","Agree","Research Participation: I consent to provide data from my research experience to researchers for analysis","Participation"
"10375","21","female","95","Much","Very much","Very much","Very much","Very much","A little","A fair amount","Very much","Very much","A little","A little","A fair amount","Much","Much","A fair amount","Not at all","Not at all","Not at all","Not at all","Not at all","Not at all","A little","Not at all","A fair amount","Not at all","A fair amount","Not at all","Not at all","Not at all","Not at all","Not at all","7 - Corresponds exactly","6","7 - Corresponds exactly","6","2","6","7 - Corresponds exactly","7 - Corresponds exactly","4 - Corresponds moderately","7 - Corresponds exactly","3 - Corresponds a little","1 - Does not correspond at all","5 - Corresponds a lot","7 - Corresponds exactly","7 - Corresponds exactly","6","7 - Corresponds exactly","3 - Corresponds a little","1 - Does not correspond at all","6","7 - Corresponds exactly","7 - Corresponds exactly","7 - Corresponds exactly","7 - Corresponds exactly","6","1 - Does not correspond at all","6","6","Often","Almost Never","Often","Almost Always","Sometimes","Often","Often","Almost Never","Often","Often","Almost Never","Often","Almost Always","Often","Often","Often","Often","Sometimes","Almost Never","Sometimes","Often","Not at all","Moderately - it wasn't pleasant at times","Not at all","Moderately - it wasn't pleasant at times","Mildly - but it didn't bother me much","Mildly - but it didn't bother me much","Moderately - it wasn't pleasant at times","Mildly - but it didn't bother me much","Moderately - it wasn't pleasant at times","Moderately - it wasn't pleasant at times","Not at all","Mildly - but it didn't bother me much","Not at all","Not at all","Moderately - it wasn't pleasant at times","Not at all","Moderately - it wasn't pleasant at times","Moderately - it wasn't pleasant at times","Mildly - but it didn't bother me much","Moderately - it wasn't pleasant at times","Moderately - it wasn't pleasant at times","3","3","2","5 - Very typical of me","4","4","4","2","4","1 - Not at all typical of me","4","5 - Very typical of me","2","3","2","4","5 - Very typical of me","Strongly Agree","Strongly Agree","Disagree","Strongly Agree","Strongly Agree","Strongly Disagree","Agree","Strongly Agree","Strongly Agree","Strongly Agree","Neither Agree nor Disagree","Disagree","Disagree","Strongly Agree","Strongly Agree","Agree","Disagree","Neither Agree nor Disagree","Strongly Agree","Strongly Agree","Neither Agree nor Disagree","Neither Agree nor Disagree","Strongly Agree","Neither Agree nor Disagree","Strongly Agree","Strongly Disagree","Strongly Agree","Strongly Agree","Strongly Agree","Strongly Agree","Strongly Disagree","Agree","Disagree","Strongly Agree","Strongly Agree","Strongly Agree","Strongly Agree","Strongly Disagree","Disagree","Disagree","Strongly Agree","Agree","Disagree","Strongly Agree","Disagree","Strongly Agree","Agree","Research Participation: I consent to provide data from my research experience to researchers for analysis","Participation"
"10987","20","Female","96","A fair amount","A fair amount","A fair amount","A fair amount","A fair amount","Much","Much","A fair amount","A fair amount","Not at all","A little","A little","Not at all","A little","A little","Not at all","Not at all","Not at all","Not at all","Not at all","Not at all","Not at all","Not at all","A little","Not at all","Not at all","Not at all","Not at all","Not at all","Not at all","Not at all","3 - Corresponds a little","3 - Corresponds a little","5 - Corresponds a lot","1 - Does not correspond at all","2","3 - Corresponds a little","5 - Corresponds a lot","2","1 - Does not correspond at all","5 - Corresponds a lot","1 - Does not correspond at all","1 - Does not correspond at all","5 - Corresponds a lot","2","4 - Corresponds moderately","2","3 - Corresponds a little","1 - Does not correspond at all","1 - Does not correspond at all","5 - Corresponds a lot","4 - Corresponds moderately","5 - Corresponds a lot","5 - Corresponds a lot","3 - Corresponds a little","1 - Does not correspond at all","1 - Does not correspond at all","4 - Corresponds moderately","4 - Corresponds moderately","Often","Sometimes","Sometimes","Sometimes","Almost Never","Almost Never","Sometimes","Almost Never","Sometimes","Sometimes","Sometimes","Almost Never","Sometimes","Almost Never","Sometimes","Almost Never","Almost Never","Sometimes","Almost Never","Sometimes","Sometimes","Not at all","Mildly - but it didn't bother me much","Not at all","Moderately - it wasn't pleasant at times","Moderately - it wasn't pleasant at times","Not at all","Not at all","Not at all","Not at all","Moderately - it wasn't pleasant at times","Not at all","Not at all","Not at all","Not at all","Not at all","Not at all","Mildly - but it didn't bother me much","Mildly - but it didn't bother me much","Not at all","Mildly - but it didn't bother me much","Mildly - but it didn't bother me much","4","2","3","2","2","2","2","2","1 - Not at all typical of me","1 - Not at all typical of me","5 - Very typical of me","5 - Very typical of me","2","","1 - Not at all typical of me","1 - Not at all typical of me","2","Agree","Agree","Do Not Recall","Agree","Agree","Strongly Disagree","Strongly Disagree","Agree","Strongly Agree","Strongly Agree","Agree","Disagree","Disagree","Disagree","Neither Agree nor Disagree","Neither Agree nor Disagree","Disagree","Strongly Agree","Strongly Agree","Strongly Agree","Strongly Agree","Strongly Agree","Strongly Agree","Agree","Strongly Agree","Strongly Disagree","Agree","Disagree","Agree","Strongly Agree","Neither Agree nor Disagree","Agree","Neither Agree nor Disagree","Neither Agree nor Disagree","Strongly Agree","Strongly Agree","Neither Agree nor Disagree","Strongly Disagree","Agree","Agree","Strongly Agree","Strongly Agree","Neither Agree nor Disagree","Neither Agree nor Disagree","Disagree","Agree","Agree","Research Participation: I consent to provide data from my research experience to researchers for analysis","Participation"
"17423","33","Female","80","Very much","Much","Much","Much","Much","A fair amount","A fair amount","Much","Much","A fair amount","Very much","A fair amount","A little","A little","A fair amount","Not at all","Not at all","Not at all","A little","A little","Not at all","A little","Not at all","A little","A little","Not at all","Not at all","A little","Not at all","Not at all","Not at all","3 - Corresponds a little","6","5 - Corresponds a lot","3 - Corresponds a little","2","4 - Corresponds moderately","6","6","4 - Corresponds moderately","3 - Corresponds a little","3 - Corresponds a little","2","3 - Corresponds a little","4 - Corresponds moderately","3 - Corresponds a little","5 - Corresponds a lot","5 - Corresponds a lot","3 - Corresponds a little","1 - Does not correspond at all","4 - Corresponds moderately","4 - Corresponds moderately","6","5 - Corresponds a lot","4 - Corresponds moderately","4 - Corresponds moderately","1 - Does not correspond at all","4 - Corresponds moderately","4 - Corresponds moderately","Sometimes","Often","Sometimes","Sometimes","Almost Never","Sometimes","Sometimes","Almost Never","Sometimes","Sometimes","Sometimes","Sometimes","Often","Almost Never","Sometimes","Sometimes","Sometimes","Almost Never","Sometimes","Almost Never","Sometimes","Not at all","Mildly - but it didn't bother me much","Not at all","Mildly - but it didn't bother me much","Mildly - but it didn't bother me much","Not at all","Mildly - but it didn't bother me much","Not at all","Not at all","Mildly - but it didn't bother me much","Not at all","Not at all","Not at all","Mildly - but it didn't bother me much","Not at all","Mildly - but it didn't bother me much","Not at all","Mildly - but it didn't bother me much","Mildly - but it didn't bother me much","Not at all","Moderately - it wasn't pleasant at times","2","3","2","3","3","4","2","1 - Not at all typical of me","3","1 - Not at all typical of me","2","5 - Very typical of me","2","4","3","3","3","Agree","Strongly Agree","Neither Agree nor Disagree","Agree","Neither Agree nor Disagree","Disagree","Agree","Agree","Neither Agree nor Disagree","Agree","Agree","Neither Agree nor Disagree","Neither Agree nor Disagree","Neither Agree nor Disagree","Agree","Disagree","Agree","Neither Agree nor Disagree","Agree","Agree","Strongly Agree","Agree","Neither Agree nor Disagree","Neither Agree nor Disagree","Neither Agree nor Disagree","Neither Agree nor Disagree","Strongly Agree","Agree","Strongly Agree","Agree","Strongly Disagree","Agree","Neither Agree nor Disagree","Agree","Agree","Strongly Agree","Agree","Agree","Neither Agree nor Disagree","Neither Agree nor Disagree","Agree","Agree","Neither Agree nor Disagree","Neither Agree nor Disagree","Disagree","Neither Agree nor Disagree","Agree","Research Participation: I consent to provide data from my research experience to researchers for analysis","Participation"
"17443","20","Male","90","A little","Not at all","A little","A little","A fair amount","A fair amount","A little","A little","A little","A little","A little","A little","Not at all","A little","Not at all","Not at all","Not at all","Not at all","Not at all","Not at all","Not at all","A little","Not at all","Not at all","Not at all","Not at all","Not at all","Not at all","Not at all","Not at all","Not at all","6","5 - Corresponds a lot","6","5 - Corresponds a lot","2","4 - Corresponds moderately","2","6","5 - Corresponds a lot","6","2","1 - Does not correspond at all","5 - Corresponds a lot","6","6","6","4 - Corresponds moderately","1 - Does not correspond at all","1 - Does not correspond at all","5 - Corresponds a lot","2","6","4 - Corresponds moderately","5 - Corresponds a lot","2","1 - Does not correspond at all","4 - Corresponds moderately","4 - Corresponds moderately","Often","Sometimes","Sometimes","Almost Never","Almost Never","Almost Never","Almost Never","Almost Never","Almost Never","Sometimes","Sometimes","Almost Never","Almost Never","Almost Never","Almost Never","Almost Never","Sometimes","Almost Never","Almost Never","Sometimes","Almost Never","Mildly - but it didn't bother me much","Mildly - but it didn't bother me much","Not at all","Mildly - but it didn't bother me much","Mildly - but it didn't bother me much","Not at all","Not at all","Mildly - but it didn't bother me much","Mildly - but it didn't bother me much","Not at all","Not at all","Mildly - but it didn't bother me much","Mildly - but it didn't bother me much","Not at all","Not at all","Not at all","Not at all","Mildly - but it didn't bother me much","Not at all","Not at all","Not at all","4","2","4","2","2","2","1 - Not at all typical of me","4","2","3","3","5 - Very typical of me","2","2","2","2","2","Strongly Agree","Strongly Agree","Disagree","Strongly Agree","Strongly Agree","Strongly Disagree","Agree","Strongly Agree","Strongly Agree","Strongly Agree","Agree","Disagree","Strongly Disagree","Neither Agree nor Disagree","Agree","Strongly Disagree","Disagree","Strongly Agree","Strongly Agree","Agree","Strongly Agree","Agree","Agree","Agree","Agree","Strongly Disagree","Strongly Agree","Agree","Strongly Agree","Strongly Agree","Strongly Disagree","Agree","Strongly Disagree","Strongly Agree","Strongly Agree","Strongly Agree","Strongly Agree","Strongly Disagree","Neither Agree nor Disagree","Neither Agree nor Disagree","Agree","Strongly Agree","Neither Agree nor Disagree","Neither Agree nor Disagree","Agree","Disagree","Agree","Research Participation: I consent to provide data from my research experience to researchers for analysis","Participation"
"15021","21","female","88","Much","Much","Very much","Very much","Very much","Much","Very much","Very much","Much","Very much","Very much","Very much","A fair amount","Very much","Much","A little","A little","Not at all","Not at all","A little","A little","A fair amount","A little","Not at all","A fair amount","Not at all","Not at all","A little","A little","A little","Not at all","4 - Corresponds moderately","4 - Corresponds moderately","5 - Corresponds a lot","5 - Corresponds a lot","3 - Corresponds a little","4 - Corresponds moderately","5 - Corresponds a lot","6","4 - Corresponds moderately","4 - Corresponds moderately","4 - Corresponds moderately","5 - Corresponds a lot","5 - Corresponds a lot","6","6","6","6","6","2","4 - Corresponds moderately","6","6","6","6","5 - Corresponds a lot","3 - Corresponds a little","5 - Corresponds a lot","6","Almost Never","Almost Always","Almost Always","Almost Always","Almost Always","Sometimes","Almost Always","Almost Never","Often","Almost Always","Almost Always","Almost Always","Almost Always","Almost Always","Almost Always","Almost Always","Almost Always","Often","Often","Sometimes","Often","Moderately - it wasn't pleasant at times","Moderately - it wasn't pleasant at times","Severely - it bothered me a lot","Severely - it bothered me a lot","Severely - it bothered me a lot","Moderately - it wasn't pleasant at times","Moderately - it wasn't pleasant at times","Mildly - but it didn't bother me much","Mildly - but it didn't bother me much","Moderately - it wasn't pleasant at times","Not at all","Mildly - but it didn't bother me much","Mildly - but it didn't bother me much","Not at all","Mildly - but it didn't bother me much","Not at all","Not at all","Mildly - but it didn't bother me much","Moderately - it wasn't pleasant at times","Moderately - it wasn't pleasant at times","Moderately - it wasn't pleasant at times","1 - Not at all typical of me","5 - Very typical of me","2","5 - Very typical of me","5 - Very typical of me","5 - Very typical of me","5 - Very typical of me","2","5 - Very typical of me","1 - Not at all typical of me","3","5 - Very typical of me","5 - Very typical of me","5 - Very typical of me","5 - Very typical of me","5 - Very typical of me","5 - Very typical of me","Neither Agree nor Disagree","Disagree","Agree","Neither Agree nor Disagree","Disagree","Neither Agree nor Disagree","Disagree","Disagree","Disagree","Disagree","Disagree","Strongly Agree","Agree","Neither Agree nor Disagree","Strongly Disagree","Agree","Strongly Agree","Disagree","Disagree","Disagree","Agree","Disagree","Disagree","Strongly Disagree","Disagree","Neither Agree nor Disagree","Strongly Agree","Agree","Agree","Strongly Agree","Strongly Disagree","Agree","Neither Agree nor Disagree","Strongly Agree","Strongly Agree","Agree","Strongly Agree","Disagree","Agree","Agree","Neither Agree nor Disagree","Agree","Neither Agree nor Disagree","Neither Agree nor Disagree","Agree","Agree","Agree","Research Participation: I consent to provide data from my research experience to researchers for analysis","Participation"
"17446","20","female","65","Very much","Much","Very much","Very much","Very much","Very much","Very much","Very much","Very much","A fair amount","Very much","Very much","Very much","Very much","Very much","Very much","Not at all","A little","A fair amount","Much","Not at all","Much","Not at all","Not at all","Not at all","Not at all","Not at all","Very much","Not at all","A fair amount","Not at all","7 - Corresponds exactly","2","2","2","7 - Corresponds exactly","2","3 - Corresponds a little","","3 - Corresponds a little","6","3 - Corresponds a little","7 - Corresponds exactly","3 - Corresponds a little","3 - Corresponds a little","7 - Corresponds exactly","3 - Corresponds a little","3 - Corresponds a little","3 - Corresponds a little","5 - Corresponds a lot","3 - Corresponds a little","2","7 - Corresponds exactly","2","2","2","7 - Corresponds exactly","3 - Corresponds a little","3 - Corresponds a little","Almost Never","Almost Always","Almost Always","Almost Always","Almost Always","Almost Always","Almost Always","Almost Never","Almost Always","Almost Always","Almost Always","Almost Always","Almost Always","Almost Always","Almost Always","Almost Always","Almost Always","Almost Always","Almost Always","Almost Always","Almost Always","Moderately - it wasn't pleasant at times","Severely - it bothered me a lot","Severely - it bothered me a lot","Severely - it bothered me a lot","Severely - it bothered me a lot","Severely - it bothered me a lot","Severely - it bothered me a lot","Severely - it bothered me a lot","Severely - it bothered me a lot","Severely - it bothered me a lot","Severely - it bothered me a lot","Severely - it bothered me a lot","Severely - it bothered me a lot","Severely - it bothered me a lot","Severely - it bothered me a lot","Not at all","Severely - it bothered me a lot","Severely - it bothered me a lot","Severely - it bothered me a lot","Severely - it bothered me a lot","Severely - it bothered me a lot","3","5 - Very typical of me","1 - Not at all typical of me","5 - Very typical of me","5 - Very typical of me","5 - Very typical of me","5 - Very typical of me","1 - Not at all typical of me","2","1 - Not at all typical of me","1 - Not at all typical of me","5 - Very typical of me","5 - Very typical of me","5 - Very typical of me","5 - Very typical of me","5 - Very typical of me","5 - Very typical of me","Neither Agree nor Disagree","Strongly Agree","Strongly Agree","Disagree","Disagree","Agree","Strongly Agree","Agree","Strongly Agree","Disagree","Strongly Disagree","Strongly Agree","Agree","Agree","Disagree","Strongly Agree","Strongly Agree","Disagree","Agree","Disagree","Strongly Agree","Strongly Disagree","Strongly Disagree","Disagree","Agree","Neither Agree nor Disagree","Strongly Disagree","Strongly Disagree","Strongly Disagree","Neither Agree nor Disagree","Strongly Agree","Agree","Strongly Agree","Strongly Disagree","Disagree","Disagree","Strongly Disagree","Strongly Disagree","Agree","Agree","Agree","Agree","Agree","Strongly Agree","Agree","Agree","Agree","Research Participation: I consent to provide data from my research experience to researchers for analysis","Participation"
"17447","19","Female","90","Very much","Very much","Very much","Very much","Very much","Very much","Very much","Very much","Very much","Very much","Very much","Very much","Very much","Very much","Very much","Very much","Very much","Not at all","Not at all","Very much","Very much","Very much","Not at all","Not at all","Very much","Not at all","Not at all","Very much","Very much","Very much","Not at all","7 - Corresponds exactly","1 - Does not correspond at all","7 - Corresponds exactly","7 - Corresponds exactly","1 - Does not correspond at all","5 - Corresponds a lot","4 - Corresponds moderately","7 - Corresponds exactly","7 - Corresponds exactly","7 - Corresponds exactly","7 - Corresponds exactly","1 - Does not correspond at all","5 - Corresponds a lot","7 - Corresponds exactly","7 - Corresponds exactly","7 - Corresponds exactly","7 - Corresponds exactly","3 - Corresponds a little","1 - Does not correspond at all","7 - Corresponds exactly","5 - Corresponds a lot","7 - Corresponds exactly","5 - Corresponds a lot","6","","7 - Corresponds exactly","7 - Corresponds exactly","6","Almost Never","Almost Always","Almost Always","Almost Always","Almost Always","Almost Always","Almost Always","Almost Never","","","Almost Always","Almost Always","Almost Always","Often","Almost Always","Almost Always","Almost Always","Almost Always","Sometimes","Almost Never","Almost Always","Not at all","Severely - it bothered me a lot","Severely - it bothered me a lot","Severely - it bothered me a lot","Severely - it bothered me a lot","Severely - it bothered me a lot","Severely - it bothered me a lot","Severely - it bothered me a lot","Severely - it bothered me a lot","Severely - it bothered me a lot","Not at all","Severely - it bothered me a lot","Severely - it bothered me a lot","Mildly - but it didn't bother me much","Severely - it bothered me a lot","Not at all","Severely - it bothered me a lot","Not at all","Severely - it bothered me a lot","Severely - it bothered me a lot","Severely - it bothered me a lot","1 - Not at all typical of me","5 - Very typical of me","1 - Not at all typical of me","5 - Very typical of me","5 - Very typical of me","5 - Very typical of me","5 - Very typical of me","1 - Not at all typical of me","5 - Very typical of me","1 - Not at all typical of me","1 - Not at all typical of me","5 - Very typical of me","5 - Very typical of me","5 - Very typical of me","5 - Very typical of me","5 - Very typical of me","5 - Very typical of me","Disagree","Disagree","Disagree","Disagree","Strongly Disagree","Strongly Agree","Strongly Disagree","Strongly Disagree","Strongly Disagree","Disagree","Strongly Disagree","Disagree","Strongly Agree","Disagree","Strongly Disagree","Strongly Agree","Neither Agree nor Disagree","Disagree","Disagree","Disagree","Strongly Disagree","Strongly Disagree","Disagree","Strongly Disagree","Neither Agree nor Disagree","Strongly Agree","Agree","Agree","Strongly Agree","Strongly Agree","Strongly Disagree","Agree","Strongly Disagree","Strongly Agree","Strongly Agree","Strongly Agree","Strongly Agree","Strongly Agree","Strongly Disagree","Strongly Disagree","Strongly Disagree","Disagree","Disagree","Neither Agree nor Disagree","Disagree","Neither Agree nor Disagree","Neither Agree nor Disagree","Research Participation: I consent to provide data from my research experience to researchers for analysis","Participation"
"17448","18","Male","90.832","Very much","A fair amount","Very much","Very much","Very much","Very much","Very much","Much","Very much","Very much","Very much","Very much","Very much","Very much","A fair amount","A fair amount","Not at all","Not at all","Not at all","A fair amount","A little","Much","Much","Much","Very much","Very much","Very much","Very much","A fair amount","A little","Not at all","4 - Corresponds moderately","7 - Corresponds exactly","7 - Corresponds exactly","7 - Corresponds exactly","5 - Corresponds a lot","3 - Corresponds a little","5 - Corresponds a lot","5 - Corresponds a lot","7 - Corresponds exactly","7 - Corresponds exactly","7 - Corresponds exactly","5 - Corresponds a lot","5 - Corresponds a lot","3 - Corresponds a little","7 - Corresponds exactly","7 - Corresponds exactly","3 - Corresponds a little","3 - Corresponds a little","1 - Does not correspond at all","7 - Corresponds exactly","7 - Corresponds exactly","7 - Corresponds exactly","7 - Corresponds exactly","1 - Does not correspond at all","7 - Corresponds exactly","4 - Corresponds moderately","5 - Corresponds a lot","7 - Corresponds exactly","Almost Never","Almost Always","Almost Always","Often","Almost Always","Almost Always","Almost Always","Almost Never","Almost Always","Almost Always","Almost Always","Almost Always","Almost Always","Almost Always","Sometimes","Often","Sometimes","Often","Almost Always","Often","Often","Not at all","Severely - it bothered me a lot","Severely - it bothered me a lot","Severely - it bothered me a lot","Severely - it bothered me a lot","Severely - it bothered me a lot","Moderately - it wasn't pleasant at times","Moderately - it wasn't pleasant at times","Moderately - it wasn't pleasant at times","Severely - it bothered me a lot","Severely - it bothered me a lot","Severely - it bothered me a lot","Moderately - it wasn't pleasant at times","Severely - it bothered me a lot","Severely - it bothered me a lot","Severely - it bothered me a lot","Severely - it bothered me a lot","Mildly - but it didn't bother me much","Severely - it bothered me a lot","Severely - it bothered me a lot","Severely - it bothered me a lot","5 - Very typical of me","5 - Very typical of me","1 - Not at all typical of me","5 - Very typical of me","5 - Very typical of me","5 - Very typical of me","5 - Very typical of me","1 - Not at all typical of me","5 - Very typical of me","1 - Not at all typical of me","1 - Not at all typical of me","5 - Very typical of me","5 - Very typical of me","5 - Very typical of me","5 - Very typical of me","5 - Very typical of me","5 - Very typical of me","Strongly Agree","Agree","Disagree","Strongly Agree","Agree","Neither Agree nor Disagree","Strongly Agree","Strongly Agree","Agree","Strongly Agree","Strongly Agree","Neither Agree nor Disagree","Disagree","Agree","Agree","Disagree","Disagree","Agree","Strongly Agree","Agree","Strongly Agree","Strongly Agree","Strongly Agree","Agree","Agree","Strongly Disagree","Agree","Neither Agree nor Disagree","Neither Agree nor Disagree","Agree","Neither Agree nor Disagree","Agree","Strongly Agree","Agree","Strongly Agree","Strongly Agree","Strongly Agree","Disagree","Agree","Agree","Disagree","Strongly Agree","Strongly Agree","Strongly Disagree","Strongly Agree","Agree","Strongly Agree","Research Participation: I consent to provide data from my research experience to researchers for analysis","Participation"
"11343","20","female","89","Not at all","Not at all","Not at all","Not at all","A little","Not at all","A fair amount","Not at all","Not at all","Not at all","Not at all","Not at all","Not at all","Not at all","Not at all","Not at all","Not at all","Not at all","Not at all","Much","Not at all","A little","A fair amount","A fair amount","Much","A little","Not at all","Not at all","Not at all","Not at all","Not at all","2","4 - Corresponds moderately","6","3 - Corresponds a little","4 - Corresponds moderately","5 - Corresponds a lot","5 - Corresponds a lot","5 - Corresponds a lot","4 - Corresponds moderately","2","2","2","5 - Corresponds a lot","3 - Corresponds a little","2","6","3 - Corresponds a little","4 - Corresponds moderately","2","3 - Corresponds a little","3 - Corresponds a little","1 - Does not correspond at all","3 - Corresponds a little","1 - Does not correspond at all","1 - Does not correspond at all","2","5 - Corresponds a lot","5 - Corresponds a lot","Almost Always","Almost Never","Sometimes","Almost Never","Almost Never","Almost Never","Almost Never","Almost Never","Almost Never","Almost Never","Sometimes","Almost Never","Almost Never","Almost Never","Almost Never","Almost Never","Almost Never","Almost Never","Almost Never","Almost Never","Almost Never","Mildly - but it didn't bother me much","Not at all","Not at all","Severely - it bothered me a lot","Severely - it bothered me a lot","Moderately - it wasn't pleasant at times","Moderately - it wasn't pleasant at times","Mildly - but it didn't bother me much","Not at all","Not at all","Not at all","Mildly - but it didn't bother me much","Mildly - but it didn't bother me much","Not at all","Not at all","Not at all","Not at all","Severely - it bothered me a lot","Moderately - it wasn't pleasant at times","Not at all","Not at all","5 - Very typical of me","2","3","1 - Not at all typical of me","4","4","1 - Not at all typical of me","4","5 - Very typical of me","1 - Not at all typical of me","1 - Not at all typical of me","5 - Very typical of me","4","1 - Not at all typical of me","3","2","1 - Not at all typical of me","Disagree","Strongly Agree","Strongly Disagree","Agree","Disagree","Strongly Disagree","Agree","Neither Agree nor Disagree","Strongly Disagree","Agree","Disagree","Agree","Do Not Recall","Disagree","Agree","Disagree","Disagree","Neither Agree nor Disagree","Neither Agree nor Disagree","Agree","Agree","Do Not Recall","Agree","Strongly Agree","Disagree","Strongly Disagree","Strongly Agree","Agree","Agree","Agree","Strongly Disagree","Agree","Strongly Disagree","Neither Agree nor Disagree","Strongly Agree","Agree","Strongly Agree","Strongly Disagree","Strongly Disagree","Strongly Disagree","Strongly Agree","Strongly Agree","Strongly Disagree","Agree","Strongly Disagree","Agree","Agree","Research Participation: I consent to provide data from my research experience to researchers for analysis","Participation"
"17311","21","female","95","Very much","A fair amount","","Much","Very much","Much","Very much","Very much","Much","A little","Much","Much","Not at all","Much","Not at all","Not at all","Not at all","Not at all","Not at all","Not at all","Not at all","Not at all","Not at all","Not at all","Not at all","Not at all","Not at all","Not at all","Not at all","Not at all","Not at all","7 - Corresponds exactly","4 - Corresponds moderately","7 - Corresponds exactly","2","1 - Does not correspond at all","4 - Corresponds moderately","6","7 - Corresponds exactly","5 - Corresponds a lot","7 - Corresponds exactly","2","1 - Does not correspond at all","4 - Corresponds moderately","5 - Corresponds a lot","7 - Corresponds exactly","6","7 - Corresponds exactly","4 - Corresponds moderately","1 - Does not correspond at all","4 - Corresponds moderately","6","7 - Corresponds exactly","7 - Corresponds exactly","7 - Corresponds exactly","4 - Corresponds moderately","1 - Does not correspond at all","5 - Corresponds a lot","7 - Corresponds exactly","Sometimes","Often","Almost Never","Almost Never","Almost Never","Almost Never","Almost Never","Almost Never","Often","Often","Often","Often","Often","Almost Always","Almost Never","Often","Almost Always","Sometimes","Often","Often","Almost Never","Not at all","Moderately - it wasn't pleasant at times","Not at all","Severely - it bothered me a lot","Mildly - but it didn't bother me much","Not at all","Moderately - it wasn't pleasant at times","Not at all","Moderately - it wasn't pleasant at times","Severely - it bothered me a lot","Not at all","Not at all","Not at all","Not at all","Not at all","Not at all","Not at all","Not at all","Not at all","Not at all","Moderately - it wasn't pleasant at times","1 - Not at all typical of me","4","1 - Not at all typical of me","4","4","3","4","2","4","1 - Not at all typical of me","3","5 - Very typical of me","4","4","4","5 - Very typical of me","5 - Very typical of me","Strongly Agree","Strongly Agree","Neither Agree nor Disagree","Strongly Agree","Strongly Disagree","Disagree","Disagree","Agree","Strongly Agree","Strongly Agree","Strongly Agree","Strongly Disagree","Strongly Disagree","Strongly Disagree","Agree","Strongly Disagree","Strongly Disagree","Strongly Agree","Strongly Agree","Strongly Agree","Strongly Agree","Strongly Agree","Strongly Agree","Agree","Agree","Strongly Disagree","Strongly Agree","Strongly Agree","Strongly Agree","Strongly Agree","Disagree","Agree","Strongly Disagree","Strongly Agree","Strongly Agree","Strongly Agree","Strongly Agree","Strongly Disagree","Disagree","Neither Agree nor Disagree","Strongly Agree","Agree","Neither Agree nor Disagree","Agree","Disagree","Strongly Agree","Neither Agree nor Disagree","Research Participation: I consent to provide data from my research experience to researchers for analysis","Participation"
"12973","20","female ","91","A fair amount","A little","Much","Very much","Very much","A fair amount","Much","A fair amount","A fair amount","A fair amount","A little","A little","Not at all","A fair amount","A fair amount","Not at all","A little","Not at all","A little","A little","Not at all","Much","A little","Much","A fair amount","A little","Not at all","A fair amount","Not at all","A little","Not at all","5 - Corresponds a lot","5 - Corresponds a lot","7 - Corresponds exactly","3 - Corresponds a little","2","5 - Corresponds a lot","7 - Corresponds exactly","6","4 - Corresponds moderately","7 - Corresponds exactly","2","1 - Does not correspond at all","4 - Corresponds moderately","5 - Corresponds a lot","7 - Corresponds exactly","5 - Corresponds a lot","7 - Corresponds exactly","1 - Does not correspond at all","1 - Does not correspond at all","7 - Corresponds exactly","6","7 - Corresponds exactly","4 - Corresponds moderately","5 - Corresponds a lot","1 - Does not correspond at all","1 - Does not correspond at all","4 - Corresponds moderately","7 - Corresponds exactly","Sometimes","Almost Always","Often","Almost Always","Almost Never","Sometimes","Almost Always","Almost Never","Almost Always","Almost Always","Almost Always","Almost Always","Almost Always","Almost Always","Almost Always","Almost Always","Almost Always","Often","Almost Always","Often","Almost Always","Mildly - but it didn't bother me much","Severely - it bothered me a lot","Mildly - but it didn't bother me much","Severely - it bothered me a lot","Severely - it bothered me a lot","Moderately - it wasn't pleasant at times","Moderately - it wasn't pleasant at times","Moderately - it wasn't pleasant at times","Mildly - but it didn't bother me much","Severely - it bothered me a lot","Not at all","Severely - it bothered me a lot","Severely - it bothered me a lot","Mildly - but it didn't bother me much","Moderately - it wasn't pleasant at times","Mildly - but it didn't bother me much","Mildly - but it didn't bother me much","Mildly - but it didn't bother me much","Severely - it bothered me a lot","Severely - it bothered me a lot","Severely - it bothered me a lot","1 - Not at all typical of me","4","1 - Not at all typical of me","3","3","3","3","2","4","1 - Not at all typical of me","2","5 - Very typical of me","4","4","3","3","5 - Very typical of me","Agree","Agree","Strongly Agree","Strongly Agree","Agree","Disagree","Neither Agree nor Disagree","Agree","Agree","Agree","Agree","Neither Agree nor Disagree","Neither Agree nor Disagree","Disagree","Agree","Disagree","Disagree","Strongly Agree","Strongly Agree","Neither Agree nor Disagree","Agree","Strongly Agree","Agree","Neither Agree nor Disagree","Strongly Agree","Strongly Disagree","Strongly Agree","Neither Agree nor Disagree","Agree","Strongly Agree","Agree","Agree","Agree","Disagree","Strongly Agree","Neither Agree nor Disagree","Disagree","Strongly Disagree","Strongly Agree","Agree","Strongly Agree","Strongly Agree","Agree","Neither Agree nor Disagree","Agree","Strongly Agree","Agree","Research Participation: I consent to provide data from my research experience to researchers for analysis","Participation"
"17404","21","Female","70","Very much","Very much","Very much","Very much","Very much","A fair amount","A fair amount","Much","A fair amount","Very much","Much","A fair amount","A little","Much","A fair amount","Not at all","Very much","Not at all","Not at all","Not at all","A fair amount","A fair amount","A fair amount","A little","A little","A little","Not at all","A fair amount","A fair amount","A fair amount","Not at all","1 - Does not correspond at all","4 - Corresponds moderately","4 - Corresponds moderately","1 - Does not correspond at all","7 - Corresponds exactly","4 - Corresponds moderately","7 - Corresponds exactly","1 - Does not correspond at all","4 - Corresponds moderately","4 - Corresponds moderately","4 - Corresponds moderately","7 - Corresponds exactly","4 - Corresponds moderately","7 - Corresponds exactly","4 - Corresponds moderately","4 - Corresponds moderately","7 - Corresponds exactly","4 - Corresponds moderately","7 - Corresponds exactly","4 - Corresponds moderately","7 - Corresponds exactly","4 - Corresponds moderately","4 - Corresponds moderately","7 - Corresponds exactly","4 - Corresponds moderately","7 - Corresponds exactly","4 - Corresponds moderately","7 - Corresponds exactly","Almost Never","Almost Always","Sometimes","Almost Always","Almost Always","Almost Always","Often","Almost Never","Almost Always","Almost Always","Often","Almost Always","Almost Always","Almost Always","Almost Always","Almost Always","Almost Always","Almost Always","Almost Always","Often","Almost Always","Not at all","Moderately - it wasn't pleasant at times","Not at all","Severely - it bothered me a lot","Severely - it bothered me a lot","Severely - it bothered me a lot","Severely - it bothered me a lot","Mildly - but it didn't bother me much","Severely - it bothered me a lot","Severely - it bothered me a lot","Not at all","Mildly - but it didn't bother me much","Mildly - but it didn't bother me much","Severely - it bothered me a lot","Moderately - it wasn't pleasant at times","Not at all","Severely - it bothered me a lot","Not at all","Severely - it bothered me a lot","Moderately - it wasn't pleasant at times","Moderately - it wasn't pleasant at times","1 - Not at all typical of me","5 - Very typical of me","5 - Very typical of me","5 - Very typical of me","5 - Very typical of me","5 - Very typical of me","5 - Very typical of me","1 - Not at all typical of me","5 - Very typical of me","1 - Not at all typical of me","3","5 - Very typical of me","4","5 - Very typical of me","5 - Very typical of me","5 - Very typical of me","5 - Very typical of me","Strongly Agree","Agree","Neither Agree nor Disagree","Agree","Agree","Strongly Disagree","Neither Agree nor Disagree","Agree","Strongly Disagree","Agree","Agree","Strongly Agree","Disagree","Disagree","Agree","Disagree","Neither Agree nor Disagree","Agree","Agree","Agree","Agree","Agree","Agree","Neither Agree nor Disagree","Agree","Strongly Disagree","Strongly Agree","Agree","Strongly Agree","Strongly Agree","Neither Agree nor Disagree","Agree","Neither Agree nor Disagree","Agree","Agree","Strongly Agree","Strongly Agree","Disagree","Strongly Disagree","Agree","Neither Agree nor Disagree","Agree","Neither Agree nor Disagree","Neither Agree nor Disagree","Disagree","Agree","Strongly Agree","Research Participation: I consent to provide data from my research experience to researchers for analysis","Participation"
"17451","28","Female","90","Very much","A fair amount","Very much","Very much","Very much","Not at all","Not at all","Not at all","Very much","A little","Very much","Much","Not at all","A fair amount","A little","Not at all","Not at all","Not at all","Not at all","Not at all","Not at all","Very much","Not at all","A little","A little","A little","Not at all","A little","Not at all","A little","Not at all","5 - Corresponds a lot","7 - Corresponds exactly","5 - Corresponds a lot","1 - Does not correspond at all","1 - Does not correspond at all","5 - Corresponds a lot","5 - Corresponds a lot","5 - Corresponds a lot","4 - Corresponds moderately","5 - Corresponds a lot","3 - Corresponds a little","1 - Does not correspond at all","5 - Corresponds a lot","5 - Corresponds a lot","5 - Corresponds a lot","5 - Corresponds a lot","4 - Corresponds moderately","3 - Corresponds a little","1 - Does not correspond at all","4 - Corresponds moderately","5 - Corresponds a lot","5 - Corresponds a lot","5 - Corresponds a lot","4 - Corresponds moderately","5 - Corresponds a lot","1 - Does not correspond at all","5 - Corresponds a lot","5 - Corresponds a lot","Almost Never","Often","Sometimes","Often","Almost Never","Almost Never","Sometimes","Almost Never","Almost Always","Almost Always","Sometimes","Almost Always","Almost Always","Often","Sometimes","Almost Always","Almost Always","Sometimes","Almost Always","Sometimes","Sometimes","Mildly - but it didn't bother me much","Mildly - but it didn't bother me much","Mildly - but it didn't bother me much","Severely - it bothered me a lot","Moderately - it wasn't pleasant at times","Not at all","Moderately - it wasn't pleasant at times","Not at all","Moderately - it wasn't pleasant at times","Severely - it bothered me a lot","Not at all","Mildly - but it didn't bother me much","Moderately - it wasn't pleasant at times","Moderately - it wasn't pleasant at times","Moderately - it wasn't pleasant at times","Not at all","Mildly - but it didn't bother me much","Not at all","Mildly - but it didn't bother me much","Not at all","Moderately - it wasn't pleasant at times","2","5 - Very typical of me","2","4","5 - Very typical of me","5 - Very typical of me","4","2","3","1 - Not at all typical of me","3","5 - Very typical of me","3","4","3","3","4","Agree","Agree","Do Not Recall","Agree","Do Not Recall","Disagree","Disagree","Agree","Strongly Agree","Strongly Agree","Neither Agree nor Disagree","Strongly Disagree","Strongly Disagree","Disagree","Neither Agree nor Disagree","Strongly Disagree","Strongly Disagree","Agree","Strongly Agree","Strongly Agree","Strongly Agree","Agree","Do Not Recall","Agree","Agree","Strongly Disagree","Agree","Strongly Agree","Neither Agree nor Disagree","Agree","Disagree","Agree","Disagree","Disagree","Strongly Agree","Strongly Agree","Strongly Agree","Strongly Disagree","Strongly Disagree","Agree","Agree","Neither Agree nor Disagree","Disagree","Disagree","Strongly Disagree","Disagree","Agree","Research Participation: I consent to provide data from my research experience to researchers for analysis","Participation"
"15691","20","Female","97","Very much","A little","Much","Very much","A little","Not at all","Not at all","A fair amount","A fair amount","A little","Very much","Much","Not at all","Very much","Very much","Not at all","Not at all","Not at all","Not at all","Much","Not at all","A little","A fair amount","A fair amount","A little","A fair amount","Very much","A little","Not at all","A little","Not at all","5 - Corresponds a lot","4 - Corresponds moderately","6","3 - Corresponds a little","7 - Corresponds exactly","3 - Corresponds a little","7 - Corresponds exactly","5 - Corresponds a lot","1 - Does not correspond at all","5 - Corresponds a lot","1 - Does not correspond at all","7 - Corresponds exactly","7 - Corresponds exactly","7 - Corresponds exactly","7 - Corresponds exactly","4 - Corresponds moderately","5 - Corresponds a lot","1 - Does not correspond at all","1 - Does not correspond at all","5 - Corresponds a lot","7 - Corresponds exactly","7 - Corresponds exactly","4 - Corresponds moderately","5 - Corresponds a lot","4 - Corresponds moderately","2","5 - Corresponds a lot","7 - Corresponds exactly","Almost Never","Often","Almost Always","Sometimes","Almost Always","Often","Almost Always","Almost Never","Often","Almost Always","Almost Never","Often","Often","Sometimes","Often","Almost Always","Almost Always","Almost Always","Often","Sometimes","Often","Mildly - but it didn't bother me much","Severely - it bothered me a lot","Moderately - it wasn't pleasant at times","Severely - it bothered me a lot","Severely - it bothered me a lot","Mildly - but it didn't bother me much","Severely - it bothered me a lot","Moderately - it wasn't pleasant at times","Moderately - it wasn't pleasant at times","Severely - it bothered me a lot","Mildly - but it didn't bother me much","Severely - it bothered me a lot","Severely - it bothered me a lot","Severely - it bothered me a lot","Mildly - but it didn't bother me much","Severely - it bothered me a lot","Severely - it bothered me a lot","Not at all","Mildly - but it didn't bother me much","Mildly - but it didn't bother me much","Severely - it bothered me a lot","5 - Very typical of me","5 - Very typical of me","1 - Not at all typical of me","5 - Very typical of me","4","5 - Very typical of me","4","2","3","1 - Not at all typical of me","2","5 - Very typical of me","4","3","4","5 - Very typical of me","4","Neither Agree nor Disagree","Strongly Agree","Neither Agree nor Disagree","Neither Agree nor Disagree","Disagree","Disagree","Agree","Disagree","Strongly Disagree","Disagree","Strongly Disagree","Agree","Strongly Agree","Neither Agree nor Disagree","Agree","Agree","Disagree","Strongly Disagree","Neither Agree nor Disagree","Strongly Agree","Agree","Disagree","Agree","Strongly Disagree","Strongly Agree","Strongly Disagree","Disagree","Strongly Disagree","Strongly Agree","Strongly Agree","Strongly Agree","Agree","Agree","Strongly Disagree","Strongly Agree","Strongly Agree","Strongly Disagree","Strongly Disagree","Disagree","Agree","Strongly Agree","Strongly Agree","Neither Agree nor Disagree","Strongly Agree","Strongly Disagree","Agree","Strongly Agree","Research Participation: I consent to provide data from my research experience to researchers for analysis","Participation"
"17450","22","Male","93","A fair amount","A little","A fair amount","A little","A little","Not at all","A little","A fair amount","A little","A little","A fair amount","A little","Not at all","A little","Not at all","Not at all","Not at all","Not at all","Not at all","Not at all","Not at all","A little","A little","Not at all","Not at all","A little","Not at all","Not at all","Not at all","Not at all","Not at all","7 - Corresponds exactly","6","7 - Corresponds exactly","4 - Corresponds moderately","2","6","5 - Corresponds a lot","7 - Corresponds exactly","6","7 - Corresponds exactly","4 - Corresponds moderately","2","7 - Corresponds exactly","7 - Corresponds exactly","7 - Corresponds exactly","7 - Corresponds exactly","6","3 - Corresponds a little","2","5 - Corresponds a lot","6","7 - Corresponds exactly","6","6","6","2","6","6","Often","Almost Never","Almost Never","Almost Never","Almost Never","Almost Never","Sometimes","Almost Never","Sometimes","Almost Never","Almost Never","Almost Never","Sometimes","Almost Never","Almost Never","Almost Never","Almost Never","Almost Never","Sometimes","Almost Never","Almost Never","Not at all","Mildly - but it didn't bother me much","Not at all","Mildly - but it didn't bother me much","Not at all","Not at all","Mildly - but it didn't bother me much","Not at all","Not at all","Moderately - it wasn't pleasant at times","Not at all","Not at all","Mildly - but it didn't bother me much","Not at all","Not at all","Not at all","Not at all","Not at all","Not at all","Not at all","Mildly - but it didn't bother me much","2","1 - Not at all typical of me","4","1 - Not at all typical of me","1 - Not at all typical of me","3","1 - Not at all typical of me","5 - Very typical of me","2","4","3","5 - Very typical of me","2","2","1 - Not at all typical of me","1 - Not at all typical of me","2","Strongly Agree","Agree","Agree","Strongly Agree","Agree","Disagree","Agree","Strongly Agree","Strongly Agree","Strongly Agree","Strongly Agree","Strongly Disagree","Disagree","Agree","Strongly Agree","Strongly Disagree","Strongly Disagree","Agree","Strongly Agree","Agree","Agree","Strongly Agree","Strongly Agree","Agree","Agree","Strongly Disagree","Strongly Agree","Neither Agree nor Disagree","Strongly Agree","Strongly Agree","Disagree","Agree","Strongly Disagree","Agree","Strongly Agree","Strongly Agree","Strongly Agree","Strongly Disagree","Agree","Strongly Agree","Strongly Agree","Strongly Agree","Agree","Neither Agree nor Disagree","Disagree","Neither Agree nor Disagree","Agree","Research Participation: I consent to provide data from my research experience to researchers for analysis","Participation"
"5377","26","Female ","85%","A little","A little","A little","A little","A little","A little","A little","A little","A little","A fair amount","Much","A little","Much","Much","A fair amount","A little","A little","Not at all","A little","A little","A little","Much","A little","A little","Not at all","A fair amount","Not at all","A little","A little","A little","A little","3 - Corresponds a little","5 - Corresponds a lot","5 - Corresponds a lot","5 - Corresponds a lot","2","5 - Corresponds a lot","5 - Corresponds a lot","5 - Corresponds a lot","5 - Corresponds a lot","5 - Corresponds a lot","5 - Corresponds a lot","2","7 - Corresponds exactly","7 - Corresponds exactly","7 - Corresponds exactly","7 - Corresponds exactly","7 - Corresponds exactly","7 - Corresponds exactly","2","7 - Corresponds exactly","7 - Corresponds exactly","7 - Corresponds exactly","7 - Corresponds exactly","7 - Corresponds exactly","7 - Corresponds exactly","7 - Corresponds exactly","7 - Corresponds exactly","7 - Corresponds exactly","Often","Often","Often","Often","Almost Never","Almost Never","Often","Often","Often","Sometimes","Almost Never","Sometimes","Almost Never","Almost Never","Almost Never","Almost Never","Sometimes","Sometimes","Sometimes","Sometimes","Sometimes","Not at all","Moderately - it wasn't pleasant at times","Moderately - it wasn't pleasant at times","Mildly - but it didn't bother me much","Mildly - but it didn't bother me much","Not at all","Mildly - but it didn't bother me much","Mildly - but it didn't bother me much","Mildly - but it didn't bother me much","Mildly - but it didn't bother me much","Not at all","Not at all","Not at all","Not at all","Not at all","Not at all","Mildly - but it didn't bother me much","Not at all","Not at all","Mildly - but it didn't bother me much","Mildly - but it didn't bother me much","2","4","2","4","3","4","3","3","2","2","2","5 - Very typical of me","3","3","2","1 - Not at all typical of me","1 - Not at all typical of me","Agree","Agree","Agree","Agree","Agree","Disagree","Disagree","Strongly Agree","Agree","Agree","Agree","Agree","Agree","Agree","Agree","Agree","Disagree","Agree","Agree","Agree","Agree","Agree","Agree","Agree","Agree","Disagree","Agree","Agree","Agree","Agree","Agree","Agree","Agree","Agree","Agree","Agree","Agree","Strongly Agree","Disagree","Disagree","Strongly Agree","Agree","Disagree","Agree","Disagree","Agree","Agree","Research Participation: I consent to provide data from my research experience to researchers for analysis","Participation"
"15742","19","Female","Range of 90%","Very much","Much","Very much","Very much","Very much","A fair amount","Very much","Very much","Very much","Not at all","Very much","Very much","Not at all","A fair amount","A little","Much","Not at all","Not at all","A little","Very much","Not at all","Much","Very much","Very much","Much","Very much","Not at all","Much","Very much","A fair amount","Not at all","3 - Corresponds a little","5 - Corresponds a lot","6","1 - Does not correspond at all","1 - Does not correspond at all","7 - Corresponds exactly","7 - Corresponds exactly","7 - Corresponds exactly","5 - Corresponds a lot","7 - Corresponds exactly","2","1 - Does not correspond at all","7 - Corresponds exactly","7 - Corresponds exactly","4 - Corresponds moderately","4 - Corresponds moderately","1 - Does not correspond at all","3 - Corresponds a little","1 - Does not correspond at all","6","7 - Corresponds exactly","2","2","1 - Does not correspond at all","1 - Does not correspond at all","1 - Does not correspond at all","7 - Corresponds exactly","7 - Corresponds exactly","Almost Never","Almost Always","Often","Almost Always","Almost Always","Almost Always","Often","Almost Never","Sometimes","Almost Always","Sometimes","Often","Sometimes","Often","Often","Almost Always","Almost Always","Almost Always","Almost Never","Almost Always","Almost Always","Not at all","Moderately - it wasn't pleasant at times","Moderately - it wasn't pleasant at times","Severely - it bothered me a lot","Severely - it bothered me a lot","Severely - it bothered me a lot","Mildly - but it didn't bother me much","Mildly - but it didn't bother me much","Severely - it bothered me a lot","Severely - it bothered me a lot","Not at all","Moderately - it wasn't pleasant at times","Moderately - it wasn't pleasant at times","Moderately - it wasn't pleasant at times","Moderately - it wasn't pleasant at times","Not at all","Severely - it bothered me a lot","Severely - it bothered me a lot","Severely - it bothered me a lot","Severely - it bothered me a lot","Mildly - but it didn't bother me much","2","5 - Very typical of me","1 - Not at all typical of me","4","5 - Very typical of me","5 - Very typical of me","5 - Very typical of me","1 - Not at all typical of me","3","1 - Not at all typical of me","2","5 - Very typical of me","5 - Very typical of me","5 - Very typical of me","4","4","5 - Very typical of me","Disagree","Neither Agree nor Disagree","Agree","Disagree","Agree","Neither Agree nor Disagree","Neither Agree nor Disagree","Neither Agree nor Disagree","Disagree","Disagree","Strongly Disagree","Agree","Strongly Agree","Do Not Recall","Disagree","Do Not Recall","Neither Agree nor Disagree","Disagree","Neither Agree nor Disagree","Disagree","Disagree","Neither Agree nor Disagree","Strongly Agree","Disagree","Neither Agree nor Disagree","Neither Agree nor Disagree","Strongly Disagree","Strongly Disagree","Neither Agree nor Disagree","Agree","Strongly Agree","Agree","Agree","Strongly Disagree","Strongly Agree","Agree","Strongly Disagree","Do Not Recall","Neither Agree nor Disagree","Agree","Agree","Agree","Neither Agree nor Disagree","Strongly Agree","Strongly Agree","Strongly Agree","Neither Agree nor Disagree","Research Participation: I consent to provide data from my research experience to researchers for analysis","Participation"
"17457","19","Male","90","Much","A fair amount","Much","Very much","Very much","A little","Much","A little","A fair amount","A little","A fair amount","A little","A little","A fair amount","A little","Not at all","Not at all","Not at all","Not at all","Not at all","Not at all","A little","A little","A little","Not at all","Not at all","Not at all","Not at all","Not at all","Not at all","A fair amount","5 - Corresponds a lot","5 - Corresponds a lot","7 - Corresponds exactly","3 - Corresponds a little","1 - Does not correspond at all","5 - Corresponds a lot","5 - Corresponds a lot","5 - Corresponds a lot","4 - Corresponds moderately","7 - Corresponds exactly","3 - Corresponds a little","1 - Does not correspond at all","4 - Corresponds moderately","3 - Corresponds a little","7 - Corresponds exactly","3 - Corresponds a little","3 - Corresponds a little","1 - Does not correspond at all","1 - Does not correspond at all","7 - Corresponds exactly","5 - Corresponds a lot","7 - Corresponds exactly","5 - Corresponds a lot","7 - Corresponds exactly","1 - Does not correspond at all","3 - Corresponds a little","1 - Does not correspond at all","3 - Corresponds a little","Almost Never","Almost Always","Sometimes","Sometimes","Sometimes","Sometimes","Sometimes","Almost Never","Sometimes","Almost Always","Almost Always","Often","Almost Always","Almost Never","Sometimes","Sometimes","Almost Always","Almost Always","Often","Sometimes","Sometimes","Mildly - but it didn't bother me much","Mildly - but it didn't bother me much","Mildly - but it didn't bother me much","Mildly - but it didn't bother me much","Mildly - but it didn't bother me much","Not at all","Mildly - but it didn't bother me much","Not at all","Not at all","Moderately - it wasn't pleasant at times","Not at all","Mildly - but it didn't bother me much","Mildly - but it didn't bother me much","Not at all","Not at all","Not at all","Not at all","Not at all","Not at all","Mildly - but it didn't bother me much","Mildly - but it didn't bother me much","1 - Not at all typical of me","2","3","2","4","3","2","3","2","1 - Not at all typical of me","3","5 - Very typical of me","2","2","2","2","3","Agree","Agree","Agree","Strongly Agree","Disagree","Disagree","Strongly Agree","Agree","Strongly Agree","Strongly Agree","Neither Agree nor Disagree","Neither Agree nor Disagree","Agree","Disagree","Disagree","Disagree","Disagree","Agree","Agree","Disagree","Disagree","Agree","Agree","Agree","Strongly Agree","Disagree","Strongly Disagree","Strongly Disagree","Agree","Strongly Agree","Neither Agree nor Disagree","Agree","Neither Agree nor Disagree","Disagree","Agree","Agree","Disagree","Neither Agree nor Disagree","Neither Agree nor Disagree","Agree","Agree","Agree","Agree","Strongly Agree","Agree","Neither Agree nor Disagree","Agree","Research Participation: I consent to provide data from my research experience to researchers for analysis","Participation"
"10584","21","Female","80","Very much","Very much","Very much","Very much","Very much","Much","Very much","Very much","Very much","Much","Very much","Very much","A little","Very much","A fair amount","Very much","Not at all","Not at all","Very much","Very much","Much","Much","Much","Very much","Very much","Very much","A little","Very much","Very much","Very much","Not at all","7 - Corresponds exactly","4 - Corresponds moderately","7 - Corresponds exactly","1 - Does not correspond at all","1 - Does not correspond at all","4 - Corresponds moderately","5 - Corresponds a lot","7 - Corresponds exactly","5 - Corresponds a lot","7 - Corresponds exactly","1 - Does not correspond at all","1 - Does not correspond at all","1 - Does not correspond at all","7 - Corresponds exactly","5 - Corresponds a lot","6","7 - Corresponds exactly","2","1 - Does not correspond at all","5 - Corresponds a lot","7 - Corresponds exactly","7 - Corresponds exactly","5 - Corresponds a lot","7 - Corresponds exactly","3 - Corresponds a little","1 - Does not correspond at all","5 - Corresponds a lot","7 - Corresponds exactly","Almost Never","Often","Almost Always","Almost Always","Sometimes","Sometimes","Often","Almost Never","Sometimes","Almost Always","Sometimes","Almost Always","Almost Always","Sometimes","Almost Never","Almost Always","Almost Always","Often","Often","Almost Never","Often","Moderately - it wasn't pleasant at times","Severely - it bothered me a lot","Mildly - but it didn't bother me much","Severely - it bothered me a lot","Severely - it bothered me a lot","Not at all","Severely - it bothered me a lot","Mildly - but it didn't bother me much","Severely - it bothered me a lot","Severely - it bothered me a lot","Not at all","Moderately - it wasn't pleasant at times","Severely - it bothered me a lot","Severely - it bothered me a lot","Not at all","Severely - it bothered me a lot","Severely - it bothered me a lot","Not at all","Mildly - but it didn't bother me much","Moderately - it wasn't pleasant at times","Severely - it bothered me a lot","1 - Not at all typical of me","4","1 - Not at all typical of me","4","5 - Very typical of me","5 - Very typical of me","3","1 - Not at all typical of me","4","1 - Not at all typical of me","1 - Not at all typical of me","5 - Very typical of me","2","5 - Very typical of me","5 - Very typical of me","5 - Very typical of me","4","Disagree","Neither Agree nor Disagree","Agree","Agree","Strongly Disagree","Disagree","Disagree","Agree","Disagree","Agree","Disagree","Strongly Agree","Disagree","Strongly Disagree","Disagree","Strongly Agree","Disagree","Agree","Agree","Strongly Disagree","Strongly Disagree","Disagree","Strongly Disagree","Strongly Disagree","Strongly Disagree","Neither Agree nor Disagree","Strongly Agree","Agree","Agree","Strongly Agree","Strongly Disagree","Agree","Disagree","Agree","Strongly Agree","Strongly Agree","Disagree","Disagree","Strongly Disagree","Strongly Disagree","Strongly Disagree","Strongly Agree","Agree","Strongly Agree","Neither Agree nor Disagree","Agree","Neither Agree nor Disagree","Research Participation: I consent to provide data from my research experience to researchers for analysis","Participation"
"13871","20","female","97","Much","Very much","Very much","Much","A fair amount","A fair amount","A fair amount","Much","Very much","Very much","Very much","Much","A little","Very much","Very much","A fair amount","Not at all","A little","A little","A fair amount","A little","Very much","Very much","Much","Much","A fair amount","A little","Much","A little","Very much","Not at all","6","3 - Corresponds a little","3 - Corresponds a little","1 - Does not correspond at all","3 - Corresponds a little","2","6","3 - Corresponds a little","3 - Corresponds a little","5 - Corresponds a lot","3 - Corresponds a little","7 - Corresponds exactly","4 - Corresponds moderately","3 - Corresponds a little","3 - Corresponds a little","4 - Corresponds moderately","4 - Corresponds moderately","2","2","4 - Corresponds moderately","4 - Corresponds moderately","3 - Corresponds a little","4 - Corresponds moderately","4 - Corresponds moderately","2","3 - Corresponds a little","4 - Corresponds moderately","5 - Corresponds a lot","Sometimes","Sometimes","Often","Almost Always","Almost Always","Almost Always","Almost Always","Almost Never","Almost Always","Almost Always","Often","Almost Always","Almost Always","Often","Almost Always","Almost Always","Almost Always","Often","Sometimes","Almost Always","Almost Always","Mildly - but it didn't bother me much","Severely - it bothered me a lot","Mildly - but it didn't bother me much","Severely - it bothered me a lot","Severely - it bothered me a lot","Severely - it bothered me a lot","Moderately - it wasn't pleasant at times","Severely - it bothered me a lot","Severely - it bothered me a lot","Severely - it bothered me a lot","Moderately - it wasn't pleasant at times","Severely - it bothered me a lot","Severely - it bothered me a lot","Severely - it bothered me a lot","Moderately - it wasn't pleasant at times","Mildly - but it didn't bother me much","Severely - it bothered me a lot","Severely - it bothered me a lot","Severely - it bothered me a lot","Severely - it bothered me a lot","Severely - it bothered me a lot","1 - Not at all typical of me","5 - Very typical of me","1 - Not at all typical of me","5 - Very typical of me","5 - Very typical of me","5 - Very typical of me","5 - Very typical of me","5 - Very typical of me","5 - Very typical of me","1 - Not at all typical of me","2","5 - Very typical of me","5 - Very typical of me","4","5 - Very typical of me","5 - Very typical of me","5 - Very typical of me","Strongly Agree","Strongly Agree","Disagree","Strongly Agree","Agree","Strongly Disagree","Agree","Strongly Agree","Agree","Strongly Agree","Strongly Agree","Neither Agree nor Disagree","Disagree","Disagree","Agree","Disagree","Disagree","Strongly Agree","Strongly Agree","Strongly Agree","Neither Agree nor Disagree","Agree","Agree","Agree","Agree","Strongly Disagree","Strongly Disagree","Disagree","Strongly Disagree","Strongly Disagree","Strongly Agree","Agree","Do Not Recall","Strongly Disagree","Strongly Disagree","Strongly Disagree","Strongly Disagree","Do Not Recall","Disagree","Disagree","Agree","Neither Agree nor Disagree","Disagree","Strongly Agree","Disagree","Strongly Agree","Disagree","Research Participation: I consent to provide data from my research experience to researchers for analysis","Participation"
"11246","21","Female","75%","Much","Much","Much","Much","Much","A fair amount","A fair amount","Much","Very much","A fair amount","Very much","Much","A little","Much","Not at all","Not at all","Not at all","Not at all","Not at all","A fair amount","A little","Not at all","Not at all","Not at all","Not at all","Not at all","A little","A little","Not at all","Not at all","Not at all","7 - Corresponds exactly","5 - Corresponds a lot","7 - Corresponds exactly","3 - Corresponds a little","7 - Corresponds exactly","1 - Does not correspond at all","7 - Corresponds exactly","5 - Corresponds a lot","4 - Corresponds moderately","7 - Corresponds exactly","2","7 - Corresponds exactly","2","5 - Corresponds a lot","7 - Corresponds exactly","2","7 - Corresponds exactly","2","7 - Corresponds exactly","4 - Corresponds moderately","7 - Corresponds exactly","7 - Corresponds exactly","3 - Corresponds a little","2","1 - Does not correspond at all","5 - Corresponds a lot","3 - Corresponds a little","7 - Corresponds exactly","Sometimes","Almost Never","Sometimes","Almost Never","Almost Always","Sometimes","Often","Almost Never","Sometimes","Often","Often","Sometimes","Often","Sometimes","Sometimes","Almost Never","Sometimes","Sometimes","Almost Never","Sometimes","Often","Moderately - it wasn't pleasant at times","Not at all","Not at all","Moderately - it wasn't pleasant at times","Severely - it bothered me a lot","Not at all","Mildly - but it didn't bother me much","Not at all","Not at all","Moderately - it wasn't pleasant at times","Not at all","Not at all","Mildly - but it didn't bother me much","Severely - it bothered me a lot","Not at all","Not at all","Moderately - it wasn't pleasant at times","Mildly - but it didn't bother me much","Not at all","Mildly - but it didn't bother me much","","2","4","3","2","","2","2","3","3","1 - Not at all typical of me","2","5 - Very typical of me","2","4","2","1 - Not at all typical of me","4","Strongly Agree","Strongly Agree","Disagree","Strongly Agree","Strongly Agree","Strongly Disagree","Strongly Agree","Strongly Agree","Strongly Agree","Strongly Agree","Strongly Agree","Strongly Disagree","Strongly Disagree","Strongly Agree","Agree","Strongly Disagree","Strongly Disagree","Strongly Agree","Strongly Agree","Strongly Agree","Strongly Agree","Strongly Agree","Strongly Agree","Strongly Agree","Strongly Agree","Strongly Disagree","Strongly Agree","Strongly Disagree","Strongly Agree","Strongly Agree","Neither Agree nor Disagree","Agree","Neither Agree nor Disagree","Disagree","Strongly Agree","Strongly Agree","Disagree","Neither Agree nor Disagree","Disagree","Strongly Agree","Disagree","Agree","Neither Agree nor Disagree","Strongly Agree","Agree","Agree","Strongly Agree","Research Participation: I consent to provide data from my research experience to researchers for analysis","Participation"
"11492","20","Female","85","Very much","Much","Very much","Very much","Very much","Very much","Very much","A little","Very much","A fair amount","Very much","Very much","Not at all","Very much","A fair amount","Not at all","Not at all","Not at all","Not at all","A little","Not at all","Much","A fair amount","Very much","A fair amount","Not at all","Not at all","A little","A little","A little","Not at all","6","6","7 - Corresponds exactly","2","3 - Corresponds a little","7 - Corresponds exactly","7 - Corresponds exactly","7 - Corresponds exactly","7 - Corresponds exactly","7 - Corresponds exactly","5 - Corresponds a lot","3 - Corresponds a little","6","7 - Corresponds exactly","7 - Corresponds exactly","7 - Corresponds exactly","6","2","1 - Does not correspond at all","7 - Corresponds exactly","7 - Corresponds exactly","7 - Corresponds exactly","7 - Corresponds exactly","7 - Corresponds exactly","2","1 - Does not correspond at all","7 - Corresponds exactly","7 - Corresponds exactly","Sometimes","Almost Always","Often","Almost Never","Almost Never","Almost Never","Often","Almost Never","Almost Always","Almost Always","Almost Always","Almost Always","Almost Always","Often","Almost Never","Almost Always","Almost Always","Almost Always","Almost Always","Almost Always","Often","Not at all","Moderately - it wasn't pleasant at times","Severely - it bothered me a lot","Moderately - it wasn't pleasant at times","Severely - it bothered me a lot","Severely - it bothered me a lot","Severely - it bothered me a lot","Not at all","Not at all","Severely - it bothered me a lot","Not at all","Severely - it bothered me a lot","Moderately - it wasn't pleasant at times","Severely - it bothered me a lot","Mildly - but it didn't bother me much","Not at all","Not at all","Mildly - but it didn't bother me much","Moderately - it wasn't pleasant at times","Severely - it bothered me a lot","Severely - it bothered me a lot","1 - Not at all typical of me","5 - Very typical of me","1 - Not at all typical of me","5 - Very typical of me","5 - Very typical of me","5 - Very typical of me","5 - Very typical of me","1 - Not at all typical of me","5 - Very typical of me","1 - Not at all typical of me","1 - Not at all typical of me","5 - Very typical of me","5 - Very typical of me","5 - Very typical of me","5 - Very typical of me","5 - Very typical of me","5 - Very typical of me","Strongly Agree","Strongly Agree","Disagree","Agree","Agree","Strongly Disagree","Agree","Agree","Agree","Agree","Agree","Agree","Strongly Disagree","Strongly Disagree","Agree","Strongly Disagree","Disagree","Strongly Agree","Agree","Agree","Neither Agree nor Disagree","Agree","Agree","Disagree","Neither Agree nor Disagree","Strongly Disagree","Strongly Agree","Agree","Strongly Agree","Strongly Agree","Strongly Disagree","Agree","Strongly Disagree","Strongly Agree","Disagree","Strongly Agree","Agree","Strongly Disagree","Neither Agree nor Disagree","Neither Agree nor Disagree","Strongly Agree","Strongly Agree","Disagree","Agree","Strongly Disagree","Strongly Disagree","Neither Agree nor Disagree","Research Participation: I consent to provide data from my research experience to researchers for analysis","Participation"
"17460","19","Male","85","A fair amount","A little","A fair amount","Much","Much","A fair amount","Much","Much","Very much","A fair amount","Very much","Very much","A little","A little","A little","Not at all","Not at all","Not at all","Not at all","A little","Not at all","A little","A little","A little","Not at all","A little","Not at all","Not at all","Not at all","Not at all","Not at all","4 - Corresponds moderately","3 - Corresponds a little","4 - Corresponds moderately","3 - Corresponds a little","4 - Corresponds moderately","3 - Corresponds a little","3 - Corresponds a little","4 - Corresponds moderately","3 - Corresponds a little","4 - Corresponds moderately","2","2","2","2","4 - Corresponds moderately","2","4 - Corresponds moderately","2","5 - Corresponds a lot","2","4 - Corresponds moderately","4 - Corresponds moderately","2","4 - Corresponds moderately","2","5 - Corresponds a lot","2","2","Sometimes","Sometimes","Sometimes","Sometimes","Sometimes","Almost Never","Often","Almost Always","Sometimes","Sometimes","Sometimes","Sometimes","Almost Always","Sometimes","Sometimes","Sometimes","Sometimes","Sometimes","Sometimes","Often","Almost Never","Not at all","Not at all","Not at all","Mildly - but it didn't bother me much","Not at all","Mildly - but it didn't bother me much","Mildly - but it didn't bother me much","Not at all","Not at all","Mildly - but it didn't bother me much","Not at all","Not at all","Not at all","Mildly - but it didn't bother me much","Not at all","Not at all","Not at all","Mildly - but it didn't bother me much","Mildly - but it didn't bother me much","Not at all","Not at all","3","2","3","3","3","3","3","2","2","2","3","5 - Very typical of me","2","2","2","2","3","Agree","Neither Agree nor Disagree","Disagree","Agree","Agree","Disagree","Neither Agree nor Disagree","Agree","Agree","Neither Agree nor Disagree","Neither Agree nor Disagree","Agree","Disagree","Agree","Neither Agree nor Disagree","Disagree","Disagree","Agree","Agree","Agree","Agree","Neither Agree nor Disagree","Agree","Disagree","Agree","Disagree","Strongly Agree","Strongly Agree","Strongly Agree","Strongly Agree","Strongly Disagree","Agree","Strongly Disagree","Strongly Agree","Strongly Agree","Strongly Agree","Strongly Agree","Strongly Disagree","Agree","Agree","Agree","Agree","Agree","Neither Agree nor Disagree","Disagree","Neither Agree nor Disagree","Agree","Research Participation: I consent to provide data from my research experience to researchers for analysis","Participation"
"16150","19","Female","94","A fair amount","A fair amount","Much","Much","Much","A fair amount","","A fair amount","Much","A little","Much","Much","A little","A fair amount","A little","A little","Not at all","Not at all","Not at all","Not at all","Not at all","A fair amount","A little","A little","A fair amount","A little","Not at all","Not at all","Not at all","Not at all","Not at all","7 - Corresponds exactly","7 - Corresponds exactly","7 - Corresponds exactly","4 - Corresponds moderately","1 - Does not correspond at all","7 - Corresponds exactly","7 - Corresponds exactly","7 - Corresponds exactly","7 - Corresponds exactly","7 - Corresponds exactly","4 - Corresponds moderately","2","7 - Corresponds exactly","7 - Corresponds exactly","7 - Corresponds exactly","7 - Corresponds exactly","7 - Corresponds exactly","2","1 - Does not correspond at all","7 - Corresponds exactly","7 - Corresponds exactly","7 - Corresponds exactly","7 - Corresponds exactly","7 - Corresponds exactly","4 - Corresponds moderately","1 - Does not correspond at all","7 - Corresponds exactly","7 - Corresponds exactly","Sometimes","Sometimes","Sometimes","Sometimes","Almost Never","Almost Never","Sometimes","Almost Never","Almost Always","Almost Always","Almost Always","Sometimes","Almost Always","Sometimes","Sometimes","Sometimes","Often","Almost Never","Sometimes","Sometimes","Sometimes","Not at all","Mildly - but it didn't bother me much","Not at all","Moderately - it wasn't pleasant at times","Moderately - it wasn't pleasant at times","Not at all","Mildly - but it didn't bother me much","Not at all","Not at all","Moderately - it wasn't pleasant at times","Not at all","Not at all","Not at all","Moderately - it wasn't pleasant at times","Not at all","Mildly - but it didn't bother me much","Not at all","Not at all","Not at all","Not at all","Moderately - it wasn't pleasant at times","2","4","3","2","3","4","2","4","3","1 - Not at all typical of me","4","5 - Very typical of me","","3","2","2","5 - Very typical of me","Agree","Strongly Agree","Agree","Strongly Agree","Strongly Agree","Neither Agree nor Disagree","Strongly Agree","Agree","Neither Agree nor Disagree","Strongly Agree","Strongly Agree","Neither Agree nor Disagree","Disagree","Agree","Agree","Neither Agree nor Disagree","Neither Agree nor Disagree","Agree","Agree","Agree","Strongly Agree","Agree","Agree","Strongly Agree","Strongly Agree","Strongly Disagree","Strongly Agree","Neither Agree nor Disagree","Strongly Agree","Strongly Agree","Strongly Disagree","Agree","Disagree","Agree","Strongly Agree","Strongly Agree","Strongly Agree","Disagree","Neither Agree nor Disagree","Strongly Disagree","Do Not Recall","Neither Agree nor Disagree","Strongly Agree","Agree","Strongly Agree","Do Not Recall","Strongly Agree","Research Participation: I consent to provide data from my research experience to researchers for analysis","Participation"
"11428","21","female","3.8","A fair amount","Much","Much","Much","Very much","Much","Very much","Much","Much","A fair amount","Much","Much","A fair amount","A fair amount","A fair amount","Much","A fair amount","A little","Much","Much","A fair amount","Very much","Very much","Very much","Much","Much","Not at all","A fair amount","A fair amount","A fair amount","Not at all","7 - Corresponds exactly","4 - Corresponds moderately","7 - Corresponds exactly","1 - Does not correspond at all","3 - Corresponds a little","2","7 - Corresponds exactly","7 - Corresponds exactly","4 - Corresponds moderately","6","4 - Corresponds moderately","7 - Corresponds exactly","4 - Corresponds moderately","6","6","4 - Corresponds moderately","5 - Corresponds a lot","2","5 - Corresponds a lot","3 - Corresponds a little","7 - Corresponds exactly","6","3 - Corresponds a little","6","2","6","6","7 - Corresponds exactly","Almost Never","Often","Often","Often","Sometimes","Often","Often","Almost Never","Often","Often","Often","Almost Always","Almost Always","Almost Never","Sometimes","Often","Often","Sometimes","Sometimes","Almost Never","Often","Not at all","Not at all","Not at all","Moderately - it wasn't pleasant at times","Moderately - it wasn't pleasant at times","Not at all","Moderately - it wasn't pleasant at times","Mildly - but it didn't bother me much","Moderately - it wasn't pleasant at times","Moderately - it wasn't pleasant at times","Not at all","Not at all","Not at all","Not at all","Not at all","Not at all","Mildly - but it didn't bother me much","Not at all","Not at all","Moderately - it wasn't pleasant at times","Not at all","2","5 - Very typical of me","1 - Not at all typical of me","5 - Very typical of me","5 - Very typical of me","5 - Very typical of me","4","1 - Not at all typical of me","3","1 - Not at all typical of me","4","5 - Very typical of me","4","5 - Very typical of me","4","4","4","Strongly Agree","Strongly Agree","Strongly Agree","Agree","Agree","Disagree","Neither Agree nor Disagree","Agree","Strongly Disagree","Neither Agree nor Disagree","Agree","Neither Agree nor Disagree","Disagree","Disagree","Agree","Disagree","Disagree","Agree","Agree","Agree","Neither Agree nor Disagree","Agree","Strongly Agree","Strongly Agree","Agree","Disagree","Neither Agree nor Disagree","Disagree","Disagree","Disagree","Strongly Agree","Agree","Disagree","Strongly Agree","Agree","Agree","Neither Agree nor Disagree","Disagree","Neither Agree nor Disagree","Agree","Agree","Disagree","Disagree","Neither Agree nor Disagree","Neither Agree nor Disagree","Neither Agree nor Disagree","Neither Agree nor Disagree","Research Participation: I consent to provide data from my research experience to researchers for analysis","Participation"
"13026","20","male","96","Very much","Much","Very much","Very much","Very much","A fair amount","Much","A fair amount","A little","A fair amount","Much","A little","A little","A fair amount","A fair amount","","Not at all","Not at all","Not at all","A little","Not at all","A little","A little","Not at all","Not at all","Not at all","Not at all","Not at all","Not at all","Not at all","Not at all","5 - Corresponds a lot","3 - Corresponds a little","4 - Corresponds moderately","2","3 - Corresponds a little","4 - Corresponds moderately","6","6","3 - Corresponds a little","6","2","4 - Corresponds moderately","4 - Corresponds moderately","5 - Corresponds a lot","6","3 - Corresponds a little","5 - Corresponds a lot","1 - Does not correspond at all","2","4 - Corresponds moderately","5 - Corresponds a lot","5 - Corresponds a lot","2","5 - Corresponds a lot","1 - Does not correspond at all","2","2","6","Sometimes","Sometimes","Often","Sometimes","Often","Almost Never","Sometimes","Almost Never","Sometimes","Often","Almost Always","Often","Almost Always","Sometimes","Sometimes","Often","Often","Often","Often","Sometimes","Sometimes","Not at all","Not at all","Moderately - it wasn't pleasant at times","Moderately - it wasn't pleasant at times","Severely - it bothered me a lot","Mildly - but it didn't bother me much","Moderately - it wasn't pleasant at times","Mildly - but it didn't bother me much","Mildly - but it didn't bother me much","Moderately - it wasn't pleasant at times","Not at all","Mildly - but it didn't bother me much","Mildly - but it didn't bother me much","Moderately - it wasn't pleasant at times","Not at all","Not at all","Not at all","Not at all","Not at all","Mildly - but it didn't bother me much","Severely - it bothered me a lot","2","3","2","4","4","5 - Very typical of me","3","","2","1 - Not at all typical of me","3","5 - Very typical of me","4","4","3","3","4","Agree","Agree","Agree","Agree","Agree","Neither Agree nor Disagree","Agree","Neither Agree nor Disagree","Agree","Agree","Neither Agree nor Disagree","Disagree","Disagree","Disagree","Agree","Disagree","Disagree","Neither Agree nor Disagree","Agree","Agree","Agree","Neither Agree nor Disagree","Agree","Neither Agree nor Disagree","Agree","Disagree","Agree","Agree","Agree","Strongly Agree","Disagree","Agree","Disagree","Disagree","Agree","Agree","Agree","Disagree","Disagree","Disagree","Agree","Agree","Agree","Agree","Disagree","Agree","Agree","Research Participation: I consent to provide data from my research experience to researchers for analysis","Participation"
"17373","22","male","4.00","A fair amount","Not at all","A little","Much","Much","Not at all","Much","Not at all","Not at all","A little","Not at all","A little","Not at all","Not at all","Not at all","Not at all","Not at all","Not at all","Not at all","A little","Not at all","Not at all","Much","Not at all","Not at all","Not at all","Not at all","Not at all","Not at all","Not at all","Not at all","7 - Corresponds exactly","4 - Corresponds moderately","7 - Corresponds exactly","2","6","1 - Does not correspond at all","1 - Does not correspond at all","7 - Corresponds exactly","2","7 - Corresponds exactly","1 - Does not correspond at all","2","1 - Does not correspond at all","1 - Does not correspond at all","7 - Corresponds exactly","1 - Does not correspond at all","1 - Does not correspond at all","1 - Does not correspond at all","2","1 - Does not correspond at all","1 - Does not correspond at all","7 - Corresponds exactly","1 - Does not correspond at all","4 - Corresponds moderately","1 - Does not correspond at all","4 - Corresponds moderately","1 - Does not correspond at all","1 - Does not correspond at all","Sometimes","Almost Never","Often","Almost Never","Almost Never","Almost Never","Sometimes","Almost Never","Sometimes","Almost Never","Sometimes","Almost Never","Sometimes","Sometimes","Almost Never","Almost Never","Sometimes","Sometimes","Almost Never","Almost Never","Almost Never","Mildly - but it didn't bother me much","Moderately - it wasn't pleasant at times","Not at all","Mildly - but it didn't bother me much","Mildly - but it didn't bother me much","Mildly - but it didn't bother me much","Mildly - but it didn't bother me much","Not at all","Not at all","Not at all","Not at all","Mildly - but it didn't bother me much","Not at all","Not at all","Not at all","Not at all","Not at all","Not at all","Mildly - but it didn't bother me much","Not at all","Mildly - but it didn't bother me much","3","4","","4","4","4","1 - Not at all typical of me","3","1 - Not at all typical of me","5 - Very typical of me","2","5 - Very typical of me","2","3","4","2","2","Agree","Neither Agree nor Disagree","Disagree","Agree","Strongly Agree","Disagree","Disagree","Agree","Agree","Agree","Neither Agree nor Disagree","Agree","Disagree","Strongly Disagree","Agree","Disagree","Disagree","Agree","Agree","Agree","Agree","Disagree","Disagree","Disagree","Neither Agree nor Disagree","Disagree","Strongly Agree","Strongly Agree","Strongly Agree","Strongly Agree","Strongly Disagree","Agree","Disagree","Strongly Agree","Agree","Agree","Agree","Disagree","Disagree","Disagree","Agree","Strongly Disagree","Strongly Disagree","Agree","Strongly Disagree","Neither Agree nor Disagree","Agree","Research Participation: I consent to provide data from my research experience to researchers for analysis","Participation"
"8742","21","Female","88","Much","A little","Much","Much","Much","A little","A fair amount","A little","A little","A little","Not at all","Much","Not at all","Much","A little","Not at all","Not at all","Not at all","Not at all","A little","Not at all","Not at all","A fair amount","A little","A little","A little","Not at all","A little","Not at all","Not at all","","2","5 - Corresponds a lot","4 - Corresponds moderately","1 - Does not correspond at all","2","2","5 - Corresponds a lot","6","3 - Corresponds a little","7 - Corresponds exactly","2","1 - Does not correspond at all","5 - Corresponds a lot","6","5 - Corresponds a lot","5 - Corresponds a lot","6","1 - Does not correspond at all","1 - Does not correspond at all","5 - Corresponds a lot","4 - Corresponds moderately","4 - Corresponds moderately","4 - Corresponds moderately","6","4 - Corresponds moderately","1 - Does not correspond at all","3 - Corresponds a little","5 - Corresponds a lot","Almost Never","Often","Often","Sometimes","Sometimes","Almost Never","Sometimes","","Often","Sometimes","Sometimes","Often","Almost Always","Often","Sometimes","Often","Often","Sometimes","Almost Never","Often","Sometimes","Mildly - but it didn't bother me much","Mildly - but it didn't bother me much","Mildly - but it didn't bother me much","Severely - it bothered me a lot","Severely - it bothered me a lot","Moderately - it wasn't pleasant at times","Moderately - it wasn't pleasant at times","Mildly - but it didn't bother me much","Not at all","Severely - it bothered me a lot","Not at all","Moderately - it wasn't pleasant at times","Moderately - it wasn't pleasant at times","Mildly - but it didn't bother me much","Mildly - but it didn't bother me much","Not at all","Not at all","Mildly - but it didn't bother me much","Moderately - it wasn't pleasant at times","Mildly - but it didn't bother me much","Not at all","4","4","1 - Not at all typical of me","4","4","3","4","1 - Not at all typical of me","2","1 - Not at all typical of me","1 - Not at all typical of me","5 - Very typical of me","4","4","4","4","3","Strongly Agree","Agree","Agree","Agree","Disagree","Strongly Disagree","Agree","Agree","Neither Agree nor Disagree","Neither Agree nor Disagree","Disagree","Disagree","Disagree","Neither Agree nor Disagree","Agree","Neither Agree nor Disagree","Disagree","Agree","Neither Agree nor Disagree","Neither Agree nor Disagree","Agree","Disagree","Agree","Agree","Disagree","Strongly Disagree","Neither Agree nor Disagree","Strongly Agree","Strongly Agree","Agree","Strongly Disagree","Agree","Strongly Disagree","Neither Agree nor Disagree","Strongly Agree","Strongly Agree","Agree","Strongly Disagree","Agree","Neither Agree nor Disagree","Agree","Strongly Agree","Disagree","Neither Agree nor Disagree","Disagree","Neither Agree nor Disagree","Agree","Research Participation: I consent to provide data from my research experience to researchers for analysis","Participation"
"9022","21","female","92","A fair amount","A little","Much","Very much","Very much","A little","A little","A fair amount","Much","A fair amount","Much","A fair amount","A fair amount","Much","A fair amount","Much","Much","A little","Much","A little","A fair amount","A fair amount","A little","A little","Not at all","A little","Not at all","A little","A little","A little","Not at all","3 - Corresponds a little","3 - Corresponds a little","6","1 - Does not correspond at all","1 - Does not correspond at all","1 - Does not correspond at all","1 - Does not correspond at all","6","2","7 - Corresponds exactly","1 - Does not correspond at all","1 - Does not correspond at all","2","1 - Does not correspond at all","4 - Corresponds moderately","3 - Corresponds a little","3 - Corresponds a little","1 - Does not correspond at all","1 - Does not correspond at all","3 - Corresponds a little","1 - Does not correspond at all","4 - Corresponds moderately","6","3 - Corresponds a little","2","1 - Does not correspond at all","2","3 - Corresponds a little","Sometimes","Often","Sometimes","Often","Sometimes","Sometimes","Often","Almost Never","Often","Often","Sometimes","Often","Almost Always","Almost Always","Almost Always","Almost Always","Often","Sometimes","Often","Sometimes","Almost Always","Not at all","Mildly - but it didn't bother me much","Not at all","Mildly - but it didn't bother me much","Moderately - it wasn't pleasant at times","Not at all","Mildly - but it didn't bother me much","Not at all","Not at all","Mildly - but it didn't bother me much","Not at all","Mildly - but it didn't bother me much","Mildly - but it didn't bother me much","Not at all","Not at all","Not at all","Mildly - but it didn't bother me much","Not at all","Mildly - but it didn't bother me much","Moderately - it wasn't pleasant at times","Moderately - it wasn't pleasant at times","1 - Not at all typical of me","4","2","4","5 - Very typical of me","4","4","1 - Not at all typical of me","5 - Very typical of me","1 - Not at all typical of me","1 - Not at all typical of me","5 - Very typical of me","3","4","3","3","4","Strongly Agree","Agree","Agree","Agree","Agree","Strongly Disagree","Agree","Agree","Agree","Strongly Agree","Agree","Disagree","Disagree","Agree","Agree","Strongly Disagree","Disagree","Agree","Agree","Agree","Strongly Agree","Strongly Agree","Disagree","Neither Agree nor Disagree","Agree","Disagree","Strongly Agree","Agree","Strongly Agree","Strongly Agree","Disagree","Agree","Disagree","Agree","Strongly Agree","Strongly Agree","Strongly Agree","Strongly Disagree","Agree","Strongly Agree","Strongly Disagree","Strongly Agree","Strongly Agree","Agree","Agree","Neither Agree nor Disagree","Agree","Research Participation: I consent to provide data from my research experience to researchers for analysis","Participation"
"17328","20","Female","97","A fair amount","A little","A fair amount","Much","Very much","Very much","Very much","A fair amount","Much","A little","Very much","A fair amount","Much","Very much","A little","Not at all","Not at all","Much","Very much","Much","Very much","Very much","A little","Much","A little","A little","Not at all","A fair amount","A little","Much","Not at all","3 - Corresponds a little","4 - Corresponds moderately","7 - Corresponds exactly","3 - Corresponds a little","1 - Does not correspond at all","4 - Corresponds moderately","7 - Corresponds exactly","7 - Corresponds exactly","1 - Does not correspond at all","4 - Corresponds moderately","3 - Corresponds a little","1 - Does not correspond at all","4 - Corresponds moderately","5 - Corresponds a lot","7 - Corresponds exactly","5 - Corresponds a lot","7 - Corresponds exactly","1 - Does not correspond at all","1 - Does not correspond at all","5 - Corresponds a lot","5 - Corresponds a lot","7 - Corresponds exactly","4 - Corresponds moderately","5 - Corresponds a lot","4 - Corresponds moderately","1 - Does not correspond at all","3 - Corresponds a little","7 - Corresponds exactly","Sometimes","Often","Almost Always","Sometimes","Often","Often","Almost Always","Almost Never","Sometimes","Often","Almost Always","Sometimes","Almost Always","Almost Always","Sometimes","Often","Often","Sometimes","Almost Always","Often","Often","Mildly - but it didn't bother me much","Moderately - it wasn't pleasant at times","Not at all","Severely - it bothered me a lot","Severely - it bothered me a lot","Mildly - but it didn't bother me much","Severely - it bothered me a lot","Moderately - it wasn't pleasant at times","Moderately - it wasn't pleasant at times","Severely - it bothered me a lot","Mildly - but it didn't bother me much","Moderately - it wasn't pleasant at times","Moderately - it wasn't pleasant at times","Not at all","Moderately - it wasn't pleasant at times","Severely - it bothered me a lot","Severely - it bothered me a lot","Not at all","Mildly - but it didn't bother me much","Moderately - it wasn't pleasant at times","Not at all","3","5 - Very typical of me","2","3","4","4","4","1 - Not at all typical of me","5 - Very typical of me","2","4","5 - Very typical of me","5 - Very typical of me","4","4","2","5 - Very typical of me","Strongly Agree","Strongly Agree","Strongly Disagree","Strongly Agree","Neither Agree nor Disagree","Strongly Disagree","Strongly Agree","Strongly Agree","Strongly Agree","Strongly Agree","Neither Agree nor Disagree","Disagree","Disagree","Disagree","Strongly Agree","Strongly Disagree","Strongly Disagree","Strongly Agree","Agree","Strongly Agree","Strongly Agree","Agree","Strongly Agree","Strongly Agree","Strongly Agree","Strongly Disagree","Strongly Agree","Disagree","Neither Agree nor Disagree","Strongly Agree","Neither Agree nor Disagree","Agree","Disagree","Neither Agree nor Disagree","Strongly Agree","Strongly Agree","Agree","Strongly Disagree","Neither Agree nor Disagree","Agree","Strongly Agree","Strongly Agree","Agree","Do Not Recall","Neither Agree nor Disagree","Agree","Strongly Agree","Research Participation: I consent to provide data from my research experience to researchers for analysis","Participation"
"17343","21","female","85","Very much","A little","Much","Much","Much","Much","Much","Not at all","A little","Not at all","A little","A little","Not at all","A little","A little","Not at all","Not at all","Not at all","Not at all","Not at all","Not at all","A little","A little","A little","Not at all","A little","Not at all","Not at all","Not at all","Not at all","Not at all","4 - Corresponds moderately","5 - Corresponds a lot","5 - Corresponds a lot","3 - Corresponds a little","1 - Does not correspond at all","5 - Corresponds a lot","4 - Corresponds moderately","4 - Corresponds moderately","5 - Corresponds a lot","7 - Corresponds exactly","4 - Corresponds moderately","1 - Does not correspond at all","5 - Corresponds a lot","5 - Corresponds a lot","5 - Corresponds a lot","7 - Corresponds exactly","5 - Corresponds a lot","4 - Corresponds moderately","1 - Does not correspond at all","5 - Corresponds a lot","5 - Corresponds a lot","5 - Corresponds a lot","5 - Corresponds a lot","4 - Corresponds moderately","3 - Corresponds a little","1 - Does not correspond at all","5 - Corresponds a lot","5 - Corresponds a lot","Sometimes","Sometimes","Almost Never","Sometimes","Almost Never","Almost Never","Sometimes","Almost Never","Sometimes","Often","Often","Sometimes","Almost Never","Almost Never","Almost Never","Sometimes","Often","Sometimes","Almost Never","Sometimes","Sometimes","Not at all","Moderately - it wasn't pleasant at times","Mildly - but it didn't bother me much","Moderately - it wasn't pleasant at times","Mildly - but it didn't bother me much","Mildly - but it didn't bother me much","Mildly - but it didn't bother me much","Mildly - but it didn't bother me much","Not at all","Mildly - but it didn't bother me much","Not at all","Not at all","Not at all","Not at all","Not at all","Not at all","Mildly - but it didn't bother me much","Not at all","Mildly - but it didn't bother me much","Mildly - but it didn't bother me much","Mildly - but it didn't bother me much","1 - Not at all typical of me","4","2","4","4","4","3","2","4","2","2","5 - Very typical of me","1 - Not at all typical of me","4","3","2","4","Strongly Agree","Strongly Agree","Agree","Strongly Agree","Agree","Strongly Disagree","Disagree","Strongly Agree","Strongly Agree","Strongly Agree","Strongly Agree","Disagree","Disagree","Neither Agree nor Disagree","Agree","Strongly Disagree","Disagree","Agree","Strongly Agree","Agree","Agree","Agree","Strongly Agree","Agree","Strongly Agree","Disagree","Agree","Disagree","Strongly Agree","Strongly Agree","Neither Agree nor Disagree","Agree","Neither Agree nor Disagree","Disagree","Strongly Agree","Agree","Agree","Strongly Disagree","Agree","Agree","Agree","Strongly Agree","Agree","Agree","Agree","Agree","Strongly Agree","Research Participation: I consent to provide data from my research experience to researchers for analysis","Participation"
"11430","21","male","85","A little","Not at all","A little","A little","A little","Not at all","Not at all","Not at all","Not at all","Not at all","Not at all","Not at all","Not at all","A fair amount","Not at all","Not at all","Not at all","Not at all","Not at all","Not at all","Not at all","Not at all","Not at all","A little","Not at all","Not at all","Not at all","Not at all","Not at all","Not at all","Not at all","1 - Does not correspond at all","7 - Corresponds exactly","7 - Corresponds exactly","4 - Corresponds moderately","3 - Corresponds a little","4 - Corresponds moderately","1 - Does not correspond at all","3 - Corresponds a little","5 - Corresponds a lot","5 - Corresponds a lot","6","2","2","2","1 - Does not correspond at all","5 - Corresponds a lot","3 - Corresponds a little","2","1 - Does not correspond at all","2","4 - Corresponds moderately","2","6","4 - Corresponds moderately","2","1 - Does not correspond at all","4 - Corresponds moderately","4 - Corresponds moderately","Often","Sometimes","Almost Never","Sometimes","Almost Never","Almost Never","Almost Never","Almost Never","Sometimes","Almost Never","Almost Never","Almost Never","Almost Never","Almost Never","Almost Never","Almost Never","Almost Never","Almost Never","Sometimes","Almost Never","Almost Never","Mildly - but it didn't bother me much","Not at all","Not at all","Not at all","Mildly - but it didn't bother me much","Not at all","Mildly - but it didn't bother me much","Not at all","Not at all","Mildly - but it didn't bother me much","Not at all","Mildly - but it didn't bother me much","Not at all","Not at all","Not at all","Mildly - but it didn't bother me much","Mildly - but it didn't bother me much","Not at all","Not at all","Not at all","Not at all","4","1 - Not at all typical of me","5 - Very typical of me","1 - Not at all typical of me","1 - Not at all typical of me","2","1 - Not at all typical of me","4","1 - Not at all typical of me","4","4","5 - Very typical of me","1 - Not at all typical of me","3","1 - Not at all typical of me","1 - Not at all typical of me","1 - Not at all typical of me","Agree","Disagree","Strongly Agree","Agree","Strongly Disagree","Disagree","Strongly Disagree","Agree","Agree","Agree","Disagree","Disagree","Neither Agree nor Disagree","Strongly Disagree","Strongly Disagree","Disagree","Do Not Recall","Agree","Agree","Disagree","Agree","Agree","Neither Agree nor Disagree","Agree","Agree","Strongly Disagree","Agree","Disagree","Neither Agree nor Disagree","Agree","Disagree","Agree","Disagree","Agree","Agree","Neither Agree nor Disagree","Strongly Agree","Strongly Disagree","Strongly Disagree","Neither Agree nor Disagree","Neither Agree nor Disagree","Agree","Disagree","Agree","Disagree","Agree","Neither Agree nor Disagree","Research Participation: I consent to provide data from my research experience to researchers for analysis","Participation"
"13119","19","Female","95","A fair amount","A little","Much","A fair amount","A fair amount","A little","A little","Much","Much","A little","Much","A little","A fair amount","A fair amount","A little","A fair amount","Not at all","Not at all","Not at all","Not at all","A little","Not at all","A little","Not at all","A little","Not at all","Not at all","A little","A little","Not at all","Not at all","6","2","4 - Corresponds moderately","1 - Does not correspond at all","4 - Corresponds moderately","1 - Does not correspond at all","6","7 - Corresponds exactly","2","5 - Corresponds a lot","1 - Does not correspond at all","5 - Corresponds a lot","4 - Corresponds moderately","6","7 - Corresponds exactly","1 - Does not correspond at all","3 - Corresponds a little","1 - Does not correspond at all","1 - Does not correspond at all","2","6","7 - Corresponds exactly","2","2","1 - Does not correspond at all","2","3 - Corresponds a little","5 - Corresponds a lot","Often","Almost Never","Almost Never","Almost Never","Sometimes","Sometimes","Almost Never","Almost Never","Almost Never","Almost Never","Sometimes","Almost Never","Almost Never","Almost Never","Almost Never","Almost Never","Sometimes","Almost Never","Almost Never","Almost Never","Almost Never","Not at all","Mildly - but it didn't bother me much","Moderately - it wasn't pleasant at times","Moderately - it wasn't pleasant at times","Mildly - but it didn't bother me much","Mildly - but it didn't bother me much","Moderately - it wasn't pleasant at times","Mildly - but it didn't bother me much","Not at all","Moderately - it wasn't pleasant at times","Not at all","Mildly - but it didn't bother me much","Mildly - but it didn't bother me much","Moderately - it wasn't pleasant at times","Moderately - it wasn't pleasant at times","Moderately - it wasn't pleasant at times","Mildly - but it didn't bother me much","Not at all","Mildly - but it didn't bother me much","Not at all","Not at all","1 - Not at all typical of me","3","1 - Not at all typical of me","2","2","2","1 - Not at all typical of me","1 - Not at all typical of me","3","1 - Not at all typical of me","5 - Very typical of me","5 - Very typical of me","3","2","1 - Not at all typical of me","1 - Not at all typical of me","2","Strongly Disagree","Agree","Agree","Disagree","Disagree","Strongly Disagree","Agree","Disagree","Strongly Disagree","Strongly Disagree","Strongly Disagree","Strongly Agree","Agree","Strongly Disagree","Strongly Disagree","Strongly Agree","Strongly Agree","Strongly Disagree","Disagree","Disagree","Strongly Agree","Strongly Disagree","Neither Agree nor Disagree","Disagree","Neither Agree nor Disagree","Agree","Strongly Disagree","Strongly Disagree","Agree","Agree","Agree","Agree","Neither Agree nor Disagree","Strongly Disagree","Agree","Agree","Strongly Disagree","Strongly Disagree","Disagree","Strongly Disagree","Strongly Agree","Disagree","Strongly Disagree","Agree","Strongly Disagree","Agree","Disagree","Research Participation: I consent to provide data from my research experience to researchers for analysis","Participation"
"17471","24","female","85","Very much","Very much","Very much","Very much","Very much","Very much","Very much","Very much","Not at all","Not at all","Very much","A fair amount","A fair amount","Very much","A fair amount","Very much","Not at all","Not at all","A fair amount","Very much","Not at all","Not at all","Not at all","Not at all","Not at all","Not at all","Not at all","Very much","A fair amount","Very much","Not at all","5 - Corresponds a lot","3 - Corresponds a little","7 - Corresponds exactly","7 - Corresponds exactly","1 - Does not correspond at all","3 - Corresponds a little","7 - Corresponds exactly","7 - Corresponds exactly","7 - Corresponds exactly","4 - Corresponds moderately","4 - Corresponds moderately","1 - Does not correspond at all","7 - Corresponds exactly","7 - Corresponds exactly","7 - Corresponds exactly","3 - Corresponds a little","3 - Corresponds a little","7 - Corresponds exactly","1 - Does not correspond at all","7 - Corresponds exactly","7 - Corresponds exactly","7 - Corresponds exactly","7 - Corresponds exactly","7 - Corresponds exactly","4 - Corresponds moderately","1 - Does not correspond at all","7 - Corresponds exactly","7 - Corresponds exactly","Almost Never","Almost Never","Almost Never","Almost Never","Sometimes","Often","Often","Almost Never","Almost Always","Almost Always","Almost Always","Almost Always","Almost Always","Almost Always","Almost Always","Almost Always","Often","Often","Often","Sometimes","Often","Mildly - but it didn't bother me much","Mildly - but it didn't bother me much","Mildly - but it didn't bother me much","Severely - it bothered me a lot","Severely - it bothered me a lot","Severely - it bothered me a lot","Severely - it bothered me a lot","Severely - it bothered me a lot","Moderately - it wasn't pleasant at times","Moderately - it wasn't pleasant at times","Not at all","Moderately - it wasn't pleasant at times","Moderately - it wasn't pleasant at times","Not at all","Not at all","Not at all","Moderately - it wasn't pleasant at times","Not at all","Not at all","Moderately - it wasn't pleasant at times","Moderately - it wasn't pleasant at times","1 - Not at all typical of me","5 - Very typical of me","3","5 - Very typical of me","5 - Very typical of me","5 - Very typical of me","5 - Very typical of me","1 - Not at all typical of me","1 - Not at all typical of me","1 - Not at all typical of me","1 - Not at all typical of me","5 - Very typical of me","5 - Very typical of me","5 - Very typical of me","5 - Very typical of me","5 - Very typical of me","5 - Very typical of me","Neither Agree nor Disagree","Agree","Agree","Neither Agree nor Disagree","Disagree","Disagree","Strongly Agree","Neither Agree nor Disagree","Agree","Neither Agree nor Disagree","Agree","Strongly Agree","Disagree","Agree","Neither Agree nor Disagree","Strongly Agree","Neither Agree nor Disagree","Neither Agree nor Disagree","Agree","Strongly Agree","Agree","Strongly Agree","Strongly Agree","Strongly Disagree","Strongly Agree","Do Not Recall","Strongly Agree","Neither Agree nor Disagree","Strongly Agree","Strongly Agree","Disagree","Agree","Strongly Agree","Neither Agree nor Disagree","Agree","Strongly Agree","Neither Agree nor Disagree","Agree","Disagree","Disagree","Neither Agree nor Disagree","Strongly Agree","Disagree","Strongly Agree","Neither Agree nor Disagree","Strongly Agree","Neither Agree nor Disagree","Research Participation: I consent to provide data from my research experience to researchers for analysis","Participation"
"12212","22","Female","98","A little","Not at all","A little","A little","A little","A little","A little","Much","Much","A fair amount","Much","A little","Not at all","A fair amount","A little","Not at all","Not at all","Not at all","Not at all","A fair amount","A little","A fair amount","A fair amount","A fair amount","A fair amount","A fair amount","Not at all","A little","A little","A little","Not at all","7 - Corresponds exactly","3 - Corresponds a little","5 - Corresponds a lot","2","6","3 - Corresponds a little","4 - Corresponds moderately","5 - Corresponds a lot","2","4 - Corresponds moderately","2","6","2","2","6","3 - Corresponds a little","5 - Corresponds a lot","3 - Corresponds a little","4 - Corresponds moderately","4 - Corresponds moderately","6","6","3 - Corresponds a little","6","3 - Corresponds a little","4 - Corresponds moderately","2","4 - Corresponds moderately","Sometimes","Often","Often","Often","Often","Often","Almost Always","Almost Never","Often","Often","Often","Often","Almost Always","Sometimes","Sometimes","Sometimes","Often","Often","Often","Sometimes","Often","Mildly - but it didn't bother me much","Moderately - it wasn't pleasant at times","Moderately - it wasn't pleasant at times","Moderately - it wasn't pleasant at times","Moderately - it wasn't pleasant at times","Not at all","Not at all","Mildly - but it didn't bother me much","Not at all","Severely - it bothered me a lot","Not at all","Not at all","Mildly - but it didn't bother me much","Not at all","Not at all","Not at all","Not at all","Not at all","Not at all","Mildly - but it didn't bother me much","Mildly - but it didn't bother me much","1 - Not at all typical of me","4","1 - Not at all typical of me","4","4","4","4","2","3","2","1 - Not at all typical of me","5 - Very typical of me","4","4","3","3","4","Strongly Agree","Agree","Disagree","Strongly Agree","Agree","Strongly Disagree","Agree","Strongly Agree","Strongly Agree","Strongly Agree","Agree","Strongly Disagree","Strongly Disagree","Disagree","Strongly Agree","Disagree","Disagree","Strongly Agree","Strongly Agree","Agree","Agree","Strongly Agree","Agree","Agree","Agree","Strongly Disagree","Strongly Disagree","Strongly Disagree","Strongly Agree","Strongly Agree","Disagree","Agree","Disagree","Disagree","Agree","Strongly Agree","Agree","Strongly Disagree","Agree","Agree","Strongly Agree","Strongly Agree","Strongly Agree","Agree","Disagree","Agree","Agree","Research Participation: I consent to provide data from my research experience to researchers for analysis","Participation"
"17472","18","Female","99","Very much","A fair amount","Much","Very much","Very much","A fair amount","Much","Much","Very much","A fair amount","Much","Very much","A little","A fair amount","A little","A fair amount","Not at all","Not at all","Not at all","A little","Not at all","A fair amount","A little","A little","A little","A little","Not at all","A little","Not at all","Not at all","Not at all","7 - Corresponds exactly","7 - Corresponds exactly","7 - Corresponds exactly","3 - Corresponds a little","1 - Does not correspond at all","4 - Corresponds moderately","3 - Corresponds a little","7 - Corresponds exactly","7 - Corresponds exactly","7 - Corresponds exactly","1 - Does not correspond at all","1 - Does not correspond at all","7 - Corresponds exactly","2","5 - Corresponds a lot","7 - Corresponds exactly","7 - Corresponds exactly","2","1 - Does not correspond at all","7 - Corresponds exactly","7 - Corresponds exactly","7 - Corresponds exactly","7 - Corresponds exactly","7 - Corresponds exactly","4 - Corresponds moderately","1 - Does not correspond at all","5 - Corresponds a lot","7 - Corresponds exactly","Sometimes","Almost Always","Often","Sometimes","Almost Never","Almost Never","Almost Always","Almost Never","Almost Always","Almost Always","Often","Often","Almost Always","Almost Never","Sometimes","Almost Always","Almost Always","Often","Almost Always","Almost Always","Almost Always","Not at all","Moderately - it wasn't pleasant at times","Not at all","Severely - it bothered me a lot","Not at all","Moderately - it wasn't pleasant at times","Moderately - it wasn't pleasant at times","Not at all","Mildly - but it didn't bother me much","Severely - it bothered me a lot","Not at all","Not at all","Not at all","Mildly - but it didn't bother me much","Not at all","Not at all","Not at all","Not at all","Mildly - but it didn't bother me much","Mildly - but it didn't bother me much","Mildly - but it didn't bother me much","1 - Not at all typical of me","5 - Very typical of me","1 - Not at all typical of me","5 - Very typical of me","5 - Very typical of me","5 - Very typical of me","4","1 - Not at all typical of me","5 - Very typical of me","1 - Not at all typical of me","2","5 - Very typical of me","5 - Very typical of me","5 - Very typical of me","5 - Very typical of me","5 - Very typical of me","5 - Very typical of me","Strongly Agree","Agree","Disagree","Strongly Agree","Strongly Agree","Strongly Disagree","Agree","Strongly Agree","Strongly Agree","Strongly Agree","Strongly Agree","Disagree","Strongly Disagree","Strongly Agree","Strongly Agree","Strongly Disagree","Disagree","Strongly Agree","Strongly Agree","Strongly Agree","Strongly Agree","Strongly Agree","Strongly Agree","Strongly Agree","Strongly Agree","Strongly Disagree","Strongly Agree","Agree","Strongly Agree","Strongly Agree","Strongly Disagree","Agree","Disagree","Strongly Disagree","Strongly Agree","Strongly Agree","Disagree","Strongly Disagree","Neither Agree nor Disagree","Strongly Agree","Strongly Agree","Strongly Agree","Agree","Disagree","Disagree","Disagree","Strongly Agree","Research Participation: I consent to provide data from my research experience to researchers for analysis","Participation"
"14331","22","Female","90","A little","A little","A fair amount","Much","Much","Not at all","A little","Much","Much","A little","A little","A little","Not at all","A fair amount","A little","Not at all","Not at all","Not at all","Not at all","A little","Not at all","Not at all","Not at all","Not at all","A little","Not at all","Not at all","Not at all","Not at all","Not at all","Not at all","7 - Corresponds exactly","6","7 - Corresponds exactly","2","1 - Does not correspond at all","6","6","7 - Corresponds exactly","6","7 - Corresponds exactly","1 - Does not correspond at all","1 - Does not correspond at all","6","6","6","6","6","1 - Does not correspond at all","1 - Does not correspond at all","6","6","6","6","6","2","1 - Does not correspond at all","6","6","Almost Always","Almost Never","Almost Never","Almost Never","Almost Never","Almost Never","Almost Never","Almost Never","Almost Never","Sometimes","Often","Almost Never","Almost Never","Almost Never","Almost Never","Almost Never","Often","Often","Almost Never","Almost Never","Almost Never","Not at all","Moderately - it wasn't pleasant at times","Not at all","Moderately - it wasn't pleasant at times","Moderately - it wasn't pleasant at times","Not at all","Moderately - it wasn't pleasant at times","Not at all","Moderately - it wasn't pleasant at times","Moderately - it wasn't pleasant at times","Not at all","Not at all","Not at all","Not at all","Not at all","Moderately - it wasn't pleasant at times","Moderately - it wasn't pleasant at times","Not at all","Not at all","Moderately - it wasn't pleasant at times","Moderately - it wasn't pleasant at times","1 - Not at all typical of me","5 - Very typical of me","1 - Not at all typical of me","5 - Very typical of me","5 - Very typical of me","4","5 - Very typical of me","2","5 - Very typical of me","1 - Not at all typical of me","4","5 - Very typical of me","5 - Very typical of me","5 - Very typical of me","5 - Very typical of me","5 - Very typical of me","5 - Very typical of me","Strongly Agree","Strongly Agree","Disagree","Strongly Agree","Strongly Agree","Disagree","Agree","Strongly Agree","Strongly Agree","Strongly Agree","Strongly Agree","Strongly Disagree","Strongly Disagree","Agree","Strongly Agree","Strongly Disagree","Strongly Disagree","Strongly Agree","Strongly Agree","Strongly Agree","Strongly Agree","Agree","Strongly Agree","Agree","Strongly Agree","Strongly Disagree","Neither Agree nor Disagree","Agree","Agree","Strongly Agree","Strongly Disagree","Agree","Strongly Disagree","Agree","Strongly Agree","Strongly Agree","Strongly Agree","Strongly Disagree","Agree","Agree","Agree","Agree","Neither Agree nor Disagree","Disagree","Agree","Agree","Agree","Research Participation: I consent to provide data from my research experience to researchers for analysis","Participation"
"17449","37","F","75","A fair amount","A fair amount","Much","Much","Much","Much","Much","A fair amount","A fair amount","A fair amount","A little","A little","A little","Much","A fair amount","A little","Not at all","Not at all","Not at all","Not at all","Not at all","A little","Not at all","Not at all","A little","Not at all","Not at all","Not at all","Not at all","Not at all","Not at all","3 - Corresponds a little","4 - Corresponds moderately","4 - Corresponds moderately","1 - Does not correspond at all","1 - Does not correspond at all","4 - Corresponds moderately","4 - Corresponds moderately","4 - Corresponds moderately","4 - Corresponds moderately","5 - Corresponds a lot","3 - Corresponds a little","3 - Corresponds a little","5 - Corresponds a lot","3 - Corresponds a little","3 - Corresponds a little","4 - Corresponds moderately","3 - Corresponds a little","1 - Does not correspond at all","3 - Corresponds a little","4 - Corresponds moderately","4 - Corresponds moderately","5 - Corresponds a lot","4 - Corresponds moderately","5 - Corresponds a lot","3 - Corresponds a little","1 - Does not correspond at all","1 - Does not correspond at all","3 - Corresponds a little","Sometimes","Almost Never","Almost Never","Sometimes","Sometimes","Sometimes","Sometimes","Almost Never","Almost Never","Sometimes","Almost Never","Almost Never","Sometimes","Almost Never","Almost Never","Almost Never","Sometimes","Often","Almost Never","Sometimes","Sometimes","Not at all","Not at all","Not at all","Not at all","Mildly - but it didn't bother me much","Not at all","Not at all","Not at all","Not at all","Not at all","Not at all","Not at all","Not at all","Not at all","Not at all","Mildly - but it didn't bother me much","Not at all","Not at all","Not at all","Not at all","Not at all","4","1 - Not at all typical of me","2","1 - Not at all typical of me","2","1 - Not at all typical of me","1 - Not at all typical of me","2","1 - Not at all typical of me","3","3","5 - Very typical of me","3","1 - Not at all typical of me","3","2","3","Agree","Agree","Disagree","Agree","Agree","Strongly Disagree","Agree","Strongly Agree","Agree","Agree","Neither Agree nor Disagree","Disagree","Disagree","Neither Agree nor Disagree","Agree","Disagree","Disagree","Agree","Agree","Neither Agree nor Disagree","Agree","Neither Agree nor Disagree","Do Not Recall","Disagree","Agree","Disagree","Disagree","Disagree","Disagree","Disagree","Disagree","Agree","Disagree","Neither Agree nor Disagree","Neither Agree nor Disagree","Disagree","Disagree","Strongly Disagree","Neither Agree nor Disagree","Neither Agree nor Disagree","Agree","Agree","Agree","Agree","Disagree","Agree","Neither Agree nor Disagree","Research Participation: I consent to provide data from my research experience to researchers for analysis","Participation"
"15715","19","female","92","A fair amount","A little","Much","Much","Very much","A little","A fair amount","Much","Very much","A little","Much","A little","A little","Much","A little","Much","Not at all","Not at all","Not at all","Not at all","Not at all","Not at all","Not at all","Not at all","A fair amount","A fair amount","Not at all","A fair amount","Not at all","Not at all","Not at all","1 - Does not correspond at all","4 - Corresponds moderately","6","2","1 - Does not correspond at all","1 - Does not correspond at all","3 - Corresponds a little","3 - Corresponds a little","4 - Corresponds moderately","7 - Corresponds exactly","1 - Does not correspond at all","1 - Does not correspond at all","3 - Corresponds a little","3 - Corresponds a little","3 - Corresponds a little","2","2","1 - Does not correspond at all","1 - Does not correspond at all","3 - Corresponds a little","2","3 - Corresponds a little","2","1 - Does not correspond at all","1 - Does not correspond at all","1 - Does not correspond at all","2","2","Sometimes","Sometimes","Often","Sometimes","Almost Always","Sometimes","Sometimes","Almost Never","Often","Often","Sometimes","Sometimes","Often","Sometimes","Sometimes","Often","Often","Often","Often","Sometimes","Almost Always","Mildly - but it didn't bother me much","Moderately - it wasn't pleasant at times","Not at all","Severely - it bothered me a lot","Not at all","Not at all","Mildly - but it didn't bother me much","Not at all","Not at all","Moderately - it wasn't pleasant at times","Not at all","Not at all","Not at all","Not at all","Not at all","Severely - it bothered me a lot","Mildly - but it didn't bother me much","Not at all","Not at all","Not at all","Not at all","3","4","2","3","4","5 - Very typical of me","5 - Very typical of me","2","2","1 - Not at all typical of me","3","5 - Very typical of me","4","4","3","3","4","Agree","Agree","Strongly Agree","Neither Agree nor Disagree","Disagree","Neither Agree nor Disagree","Agree","Agree","Strongly Agree","Agree","Strongly Agree","Strongly Disagree","Neither Agree nor Disagree","Agree","Agree","Strongly Disagree","Strongly Disagree","Disagree","Agree","Disagree","Neither Agree nor Disagree","Strongly Disagree","Neither Agree nor Disagree","Neither Agree nor Disagree","Disagree","Strongly Disagree","Agree","Neither Agree nor Disagree","Neither Agree nor Disagree","Strongly Agree","Strongly Disagree","Agree","Neither Agree nor Disagree","Strongly Agree","Strongly Agree","Strongly Agree","Strongly Agree","Strongly Disagree","Neither Agree nor Disagree","Neither Agree nor Disagree","Strongly Agree","Agree","Neither Agree nor Disagree","Agree","Agree","Agree","Neither Agree nor Disagree","Research Participation: I consent to provide data from my research experience to researchers for analysis","Participation"
"17323","22","Male","75","A little","A little","A little","A little","A little","A little","A little","Not at all","Not at all","Not at all","Not at all","Not at all","Not at all","Not at all","Not at all","Not at all","Not at all","Not at all","Not at all","Not at all","Not at all","Not at all","Not at all","Not at all","Not at all","Not at all","Not at all","Not at all","Not at all","Not at all","Not at all","7 - Corresponds exactly","3 - Corresponds a little","5 - Corresponds a lot","1 - Does not correspond at all","4 - Corresponds moderately","1 - Does not correspond at all","1 - Does not correspond at all","7 - Corresponds exactly","1 - Does not correspond at all","7 - Corresponds exactly","1 - Does not correspond at all","4 - Corresponds moderately","1 - Does not correspond at all","1 - Does not correspond at all","7 - Corresponds exactly","1 - Does not correspond at all","1 - Does not correspond at all","1 - Does not correspond at all","1 - Does not correspond at all","1 - Does not correspond at all","1 - Does not correspond at all","7 - Corresponds exactly","1 - Does not correspond at all","1 - Does not correspond at all","1 - Does not correspond at all","1 - Does not correspond at all","1 - Does not correspond at all","1 - Does not correspond at all","Often","Almost Never","Almost Never","Sometimes","Sometimes","Sometimes","Sometimes","Almost Never","Almost Never","Almost Never","Almost Never","Almost Never","Almost Never","Almost Never","Almost Never","Almost Never","Almost Never","Sometimes","Almost Never","Almost Never","Almost Never","Not at all","Not at all","Not at all","Not at all","Mildly - but it didn't bother me much","Not at all","Mildly - but it didn't bother me much","Not at all","Not at all","Not at all","Not at all","Not at all","Not at all","Not at all","Not at all","Not at all","Mildly - but it didn't bother me much","Not at all","Not at all","Not at all","Not at all","4","1 - Not at all typical of me","4","1 - Not at all typical of me","1 - Not at all typical of me","2","1 - Not at all typical of me","4","2","4","5 - Very typical of me","5 - Very typical of me","1 - Not at all typical of me","1 - Not at all typical of me","1 - Not at all typical of me","1 - Not at all typical of me","2","Agree","Agree","Neither Agree nor Disagree","Agree","Agree","Disagree","Neither Agree nor Disagree","Agree","Agree","Agree","Agree","Disagree","Disagree","Agree","Agree","Neither Agree nor Disagree","Disagree","Neither Agree nor Disagree","Agree","Neither Agree nor Disagree","","Agree","Neither Agree nor Disagree","Agree","Agree","Disagree","Strongly Agree","Strongly Agree","Strongly Agree","Strongly Agree","Strongly Disagree","Agree","Disagree","Disagree","Strongly Agree","Strongly Agree","Disagree","Strongly Disagree","Neither Agree nor Disagree","Agree","Neither Agree nor Disagree","Agree","Agree","Disagree","Agree","Disagree","Agree","Research Participation: I consent to provide data from my research experience to researchers for analysis","Participation"
"15915","18","Female","94","Much","A little","A fair amount","A fair amount","A fair amount","A little","A fair amount","A fair amount","Much","A little","Much","A fair amount","A little","A little","A little","Not at all","Not at all","Not at all","Not at all","Not at all","Not at all","Not at all","Not at all","Not at all","A little","Not at all","Not at all","Not at all","Not at all","Not at all","Not at all","2","6","7 - Corresponds exactly","5 - Corresponds a lot","1 - Does not correspond at all","5 - Corresponds a lot","5 - Corresponds a lot","7 - Corresponds exactly","7 - Corresponds exactly","7 - Corresponds exactly","4 - Corresponds moderately","1 - Does not correspond at all","5 - Corresponds a lot","5 - Corresponds a lot","5 - Corresponds a lot","7 - Corresponds exactly","5 - Corresponds a lot","4 - Corresponds moderately","1 - Does not correspond at all","6","5 - Corresponds a lot","6","7 - Corresponds exactly","5 - Corresponds a lot","6","1 - Does not correspond at all","6","6","Often","Sometimes","Sometimes","Almost Never","Almost Never","Almost Never","Almost Never","Almost Never","Sometimes","Sometimes","Sometimes","Sometimes","Sometimes","Almost Never","Almost Never","Almost Never","Sometimes","Almost Never","Sometimes","Sometimes","Almost Never","Mildly - but it didn't bother me much","Mildly - but it didn't bother me much","Mildly - but it didn't bother me much","Moderately - it wasn't pleasant at times","Moderately - it wasn't pleasant at times","Moderately - it wasn't pleasant at times","Moderately - it wasn't pleasant at times","Mildly - but it didn't bother me much","Not at all","Moderately - it wasn't pleasant at times","Not at all","Mildly - but it didn't bother me much","Mildly - but it didn't bother me much","Not at all","Not at all","Mildly - but it didn't bother me much","Mildly - but it didn't bother me much","Mildly - but it didn't bother me much","Mildly - but it didn't bother me much","Mildly - but it didn't bother me much","Mildly - but it didn't bother me much","2","4","1 - Not at all typical of me","4","4","4","4","2","3","1 - Not at all typical of me","2","5 - Very typical of me","5 - Very typical of me","4","3","4","3","Strongly Agree","Strongly Agree","Neither Agree nor Disagree","Strongly Agree","Agree","Disagree","Neither Agree nor Disagree","Agree","Strongly Agree","Strongly Agree","Agree","Disagree","Disagree","Neither Agree nor Disagree","Agree","Agree","Disagree","Agree","Agree","Neither Agree nor Disagree","Agree","Agree","Strongly Agree","Neither Agree nor Disagree","Agree","Strongly Disagree","Neither Agree nor Disagree","Agree","Agree","Agree","Disagree","Agree","Disagree","Neither Agree nor Disagree","Agree","Strongly Agree","Agree","Disagree","Neither Agree nor Disagree","Neither Agree nor Disagree","Strongly Agree","Agree","Agree","Neither Agree nor Disagree","Neither Agree nor Disagree","Agree","Agree","Research Participation: I consent to provide data from my research experience to researchers for analysis","Participation"
"11426","22","female","84","A fair amount","A fair amount","Much","Much","Much","Not at all","A little","A fair amount","Much","A fair amount","A fair amount","A fair amount","A fair amount","Much","A fair amount","A little","A little","Not at all","Not at all","A fair amount","Not at all","A fair amount","A little","A fair amount","A little","A little","Not at all","A little","A little","A little","Not at all","5 - Corresponds a lot","5 - Corresponds a lot","7 - Corresponds exactly","4 - Corresponds moderately","1 - Does not correspond at all","5 - Corresponds a lot","7 - Corresponds exactly","7 - Corresponds exactly","5 - Corresponds a lot","7 - Corresponds exactly","4 - Corresponds moderately","2","5 - Corresponds a lot","6","7 - Corresponds exactly","7 - Corresponds exactly","7 - Corresponds exactly","4 - Corresponds moderately","1 - Does not correspond at all","4 - Corresponds moderately","6","7 - Corresponds exactly","7 - Corresponds exactly","7 - Corresponds exactly","5 - Corresponds a lot","1 - Does not correspond at all","7 - Corresponds exactly","7 - Corresponds exactly","Sometimes","Sometimes","Sometimes","Sometimes","Almost Never","Often","Often","Almost Never","Often","Sometimes","Sometimes","Often","Often","Sometimes","Often","Often","Almost Always","Often","Sometimes","Almost Always","Often","Mildly - but it didn't bother me much","Mildly - but it didn't bother me much","Moderately - it wasn't pleasant at times","Moderately - it wasn't pleasant at times","Moderately - it wasn't pleasant at times","Mildly - but it didn't bother me much","Mildly - but it didn't bother me much","Moderately - it wasn't pleasant at times","Mildly - but it didn't bother me much","Moderately - it wasn't pleasant at times","Not at all","Moderately - it wasn't pleasant at times","Moderately - it wasn't pleasant at times","Not at all","Mildly - but it didn't bother me much","Not at all","Mildly - but it didn't bother me much","Not at all","Not at all","Mildly - but it didn't bother me much","Moderately - it wasn't pleasant at times","1 - Not at all typical of me","4","1 - Not at all typical of me","4","4","5 - Very typical of me","3","1 - Not at all typical of me","3","1 - Not at all typical of me","1 - Not at all typical of me","5 - Very typical of me","4","5 - Very typical of me","5 - Very typical of me","4","4","Strongly Agree","Agree","Do Not Recall","Agree","Agree","Strongly Disagree","Agree","Agree","Agree","Agree","Agree","Disagree","Disagree","Agree","Agree","Strongly Disagree","Disagree","Agree","Agree","Agree","Neither Agree nor Disagree","Agree","Agree","Agree","Agree","Strongly Disagree","Strongly Agree","Agree","Agree","Strongly Agree","Strongly Disagree","Agree","Neither Agree nor Disagree","Neither Agree nor Disagree","Strongly Agree","Strongly Agree","Neither Agree nor Disagree","Strongly Disagree","Agree","Agree","Agree","Agree","Strongly Agree","Neither Agree nor Disagree","Strongly Agree","Neither Agree nor Disagree","Agree","Research Participation: I consent to provide data from my research experience to researchers for analysis","Participation"
"14033","20","Female","97","A little","A fair amount","A fair amount","A fair amount","A little","A little","A little","A little","A fair amount","A little","A little","A little","Not at all","A little","Not at all","Not at all","Not at all","Not at all","A little","Not at all","Not at all","A little","Not at all","A little","Not at all","Not at all","Not at all","Not at all","Not at all","Not at all","Not at all","4 - Corresponds moderately","4 - Corresponds moderately","5 - Corresponds a lot","2","2","4 - Corresponds moderately","3 - Corresponds a little","5 - Corresponds a lot","3 - Corresponds a little","5 - Corresponds a lot","4 - Corresponds moderately","1 - Does not correspond at all","3 - Corresponds a little","3 - Corresponds a little","5 - Corresponds a lot","4 - Corresponds moderately","5 - Corresponds a lot","3 - Corresponds a little","1 - Does not correspond at all","3 - Corresponds a little","4 - Corresponds moderately","5 - Corresponds a lot","5 - Corresponds a lot","4 - Corresponds moderately","3 - Corresponds a little","1 - Does not correspond at all","3 - Corresponds a little","3 - Corresponds a little","Almost Always","Almost Never","Almost Never","Almost Never","Almost Never","Almost Never","Almost Never","Almost Never","Almost Never","Sometimes","Almost Never","Almost Never","Almost Never","Almost Never","Almost Never","Almost Never","Sometimes","Sometimes","Almost Never","Sometimes","Almost Never","Not at all","Not at all","Not at all","Mildly - but it didn't bother me much","Mildly - but it didn't bother me much","Not at all","Not at all","Not at all","Not at all","Mildly - but it didn't bother me much","Not at all","Not at all","Not at all","Not at all","Not at all","Not at all","Not at all","Not at all","Not at all","Not at all","Not at all","1 - Not at all typical of me","4","1 - Not at all typical of me","4","4","3","4","2","3","1 - Not at all typical of me","2","5 - Very typical of me","4","3","2","2","4","Agree","Strongly Agree","Neither Agree nor Disagree","Agree","Disagree","Disagree","Disagree","Agree","Disagree","Agree","Disagree","Disagree","Neither Agree nor Disagree","Strongly Disagree","Agree","Strongly Disagree","Disagree","Disagree","Agree","Agree","Neither Agree nor Disagree","Agree","Agree","Disagree","Agree","Strongly Disagree","Disagree","Strongly Disagree","Agree","Agree","Agree","Agree","Neither Agree nor Disagree","Strongly Disagree","Strongly Agree","Agree","Neither Agree nor Disagree","Strongly Disagree","Disagree","Disagree","Strongly Agree","Disagree","Neither Agree nor Disagree","Agree","Disagree","Agree","Agree","Research Participation: I consent to provide data from my research experience to researchers for analysis","Participation"
"12831","20","Female","90?","Much","A fair amount","Much","Very much","Very much","Much","Very much","Very much","Much","Much","Much","Much","A fair amount","A fair amount","Much","Very much","Much","A fair amount","A fair amount","A little","A little","Much","A fair amount","A little","A little","A little","Not at all","Much","Much","Much","Not at all","5 - Corresponds a lot","4 - Corresponds moderately","7 - Corresponds exactly","3 - Corresponds a little","3 - Corresponds a little","3 - Corresponds a little","4 - Corresponds moderately","6","3 - Corresponds a little","7 - Corresponds exactly","2","2","5 - Corresponds a lot","5 - Corresponds a lot","6","3 - Corresponds a little","5 - Corresponds a lot","2","1 - Does not correspond at all","6","4 - Corresponds moderately","7 - Corresponds exactly","6","6","3 - Corresponds a little","2","4 - Corresponds moderately","6","Almost Never","Often","Often","Almost Always","Often","Sometimes","Often","Almost Never","Often","Often","Often","Often","Almost Always","Often","Often","Often","Often","Often","Often","Sometimes","Almost Always","Not at all","Mildly - but it didn't bother me much","Mildly - but it didn't bother me much","Not at all","Not at all","Not at all","Not at all","Not at all","Not at all","Not at all","Not at all","Not at all","Mildly - but it didn't bother me much","Not at all","Not at all","Not at all","Not at all","Not at all","Not at all","Not at all","Not at all","2","3","2","4","2","4","4","3","2","2","4","5 - Very typical of me","2","3","2","2","4","Agree","Agree","Disagree","Agree","Agree","Disagree","Agree","Agree","Agree","Agree","Agree","Disagree","Disagree","Disagree","Agree","Disagree","Disagree","Agree","Agree","Agree","Agree","Agree","Agree","Agree","Agree","Disagree","Agree","Disagree","Agree","Agree","Agree","Agree","Disagree","Agree","Agree","Agree","Agree","Disagree","Disagree","Disagree","Agree","Strongly Agree","Agree","Agree","Neither Agree nor Disagree","Disagree","Agree","Research Participation: I consent to provide data from my research experience to researchers for analysis","Participation"
"15790","23","female/woman","89","Very much","Much","Very much","Very much","Very much","A fair amount","Very much","Very much","Very much","Much","Very much","Very much","Much","Very much","Much","Much","A little","Not at all","Not at all","A little","A little","A fair amount","A fair amount","Much","Much","A fair amount","A fair amount","A fair amount","A little","A fair amount","Not at all","4 - Corresponds moderately","7 - Corresponds exactly","7 - Corresponds exactly","5 - Corresponds a lot","1 - Does not correspond at all","7 - Corresponds exactly","4 - Corresponds moderately","7 - Corresponds exactly","5 - Corresponds a lot","7 - Corresponds exactly","3 - Corresponds a little","1 - Does not correspond at all","7 - Corresponds exactly","7 - Corresponds exactly","7 - Corresponds exactly","7 - Corresponds exactly","7 - Corresponds exactly","3 - Corresponds a little","1 - Does not correspond at all","5 - Corresponds a lot","5 - Corresponds a lot","7 - Corresponds exactly","7 - Corresponds exactly","7 - Corresponds exactly","2","1 - Does not correspond at all","5 - Corresponds a lot","4 - Corresponds moderately","Often","Sometimes","Sometimes","Almost Never","Almost Never","Almost Never","Almost Never","Almost Never","Almost Always","Often","Often","Sometimes","Often","Sometimes","Almost Never","Often","Almost Always","Almost Never","Sometimes","Almost Never","Almost Never","Not at all","Moderately - it wasn't pleasant at times","Not at all","Severely - it bothered me a lot","Moderately - it wasn't pleasant at times","Moderately - it wasn't pleasant at times","Mildly - but it didn't bother me much","Not at all","Mildly - but it didn't bother me much","Severely - it bothered me a lot","Not at all","Mildly - but it didn't bother me much","Not at all","Not at all","Not at all","Not at all","Mildly - but it didn't bother me much","Severely - it bothered me a lot","Mildly - but it didn't bother me much","Mildly - but it didn't bother me much","Moderately - it wasn't pleasant at times","2","4","1 - Not at all typical of me","5 - Very typical of me","5 - Very typical of me","5 - Very typical of me","4","1 - Not at all typical of me","4","1 - Not at all typical of me","2","5 - Very typical of me","5 - Very typical of me","5 - Very typical of me","3","4","5 - Very typical of me","Strongly Agree","Agree","Disagree","Agree","Disagree","Strongly Disagree","Agree","Agree","Disagree","Agree","Disagree","Disagree","Agree","Disagree","Agree","Disagree","Disagree","Neither Agree nor Disagree","Agree","Neither Agree nor Disagree","Agree","Agree","Agree","Disagree","Strongly Agree","Disagree","Strongly Agree","Agree","Strongly Agree","Strongly Agree","Strongly Disagree","Agree","Strongly Disagree","Agree","Strongly Agree","Strongly Agree","Strongly Agree","Strongly Disagree","Strongly Disagree","Strongly Disagree","Neither Agree nor Disagree","Disagree","Disagree","Strongly Agree","Neither Agree nor Disagree","Agree","Neither Agree nor Disagree","Research Participation: I consent to provide data from my research experience to researchers for analysis","Participation"
"15757","18","female","95","Much","A little","Much","Very much","Very much","Very much","Very much","Not at all","A little","A fair amount","Very much","A fair amount","Not at all","Not at all","Much","Not at all","Not at all","Not at all","Not at all","Not at all","Not at all","Not at all","Not at all","Not at all","A little","Not at all","Not at all","Not at all","Not at all","Not at all","Not at all","5 - Corresponds a lot","5 - Corresponds a lot","5 - Corresponds a lot","5 - Corresponds a lot","4 - Corresponds moderately","4 - Corresponds moderately","5 - Corresponds a lot","5 - Corresponds a lot","4 - Corresponds moderately","5 - Corresponds a lot","2","4 - Corresponds moderately","5 - Corresponds a lot","5 - Corresponds a lot","5 - Corresponds a lot","5 - Corresponds a lot","5 - Corresponds a lot","2","1 - Does not correspond at all","2","2","5 - Corresponds a lot","5 - Corresponds a lot","5 - Corresponds a lot","5 - Corresponds a lot","1 - Does not correspond at all","5 - Corresponds a lot","5 - Corresponds a lot","Almost Never","Almost Always","Sometimes","Sometimes","Sometimes","Sometimes","Often","Almost Never","Often","Sometimes","Almost Always","Sometimes","Almost Always","Often","Sometimes","Often","Sometimes","Almost Always","Sometimes","Often","Sometimes","Mildly - but it didn't bother me much","Mildly - but it didn't bother me much","Not at all","Moderately - it wasn't pleasant at times","Moderately - it wasn't pleasant at times","Moderately - it wasn't pleasant at times","Not at all","Not at all","Moderately - it wasn't pleasant at times","Moderately - it wasn't pleasant at times","Not at all","Moderately - it wasn't pleasant at times","Not at all","Mildly - but it didn't bother me much","Not at all","Not at all","Moderately - it wasn't pleasant at times","Not at all","Moderately - it wasn't pleasant at times","Not at all","Moderately - it wasn't pleasant at times","1 - Not at all typical of me","3","1 - Not at all typical of me","4","4","4","4","4","4","1 - Not at all typical of me","4","5 - Very typical of me","2","4","4","3","4","Strongly Agree","Strongly Agree","Strongly Disagree","Agree","Strongly Agree","Strongly Disagree","Neither Agree nor Disagree","Strongly Agree","Strongly Agree","Strongly Agree","Strongly Agree","Strongly Disagree","Strongly Disagree","Neither Agree nor Disagree","Strongly Agree","Strongly Disagree","Strongly Disagree","Strongly Agree","Strongly Agree","Strongly Agree","Neither Agree nor Disagree","Strongly Agree","Strongly Agree","Strongly Agree","Strongly Agree","Strongly Disagree","Strongly Agree","Agree","Strongly Agree","Agree","Neither Agree nor Disagree","Agree","Neither Agree nor Disagree","Disagree","Strongly Agree","Strongly Agree","Neither Agree nor Disagree","Strongly Disagree","Disagree","Neither Agree nor Disagree","Agree","Neither Agree nor Disagree","Strongly Agree","Neither Agree nor Disagree","Disagree","Neither Agree nor Disagree","Neither Agree nor Disagree","Research Participation: I consent to provide data from my research experience to researchers for analysis","Participation"
"17462","18","Female","Do not remember ","A little","Not at all","A little","A little","A little","A fair amount","A fair amount","Not at all","A little","A little","A little","Not at all","A little","Not at all","Not at all","Not at all","A little","A fair amount","A little","A little","A little","Not at all","A little","A little","A little","A little","A little","A little","Much","Much","A little","2","3 - Corresponds a little","2","2","3 - Corresponds a little","2","1 - Does not correspond at all","4 - Corresponds moderately","4 - Corresponds moderately","2","1 - Does not correspond at all","4 - Corresponds moderately","5 - Corresponds a lot","2","2","1 - Does not correspond at all","","2","4 - Corresponds moderately","4 - Corresponds moderately","3 - Corresponds a little","4 - Corresponds moderately","4 - Corresponds moderately","2","2","5 - Corresponds a lot","5 - Corresponds a lot","5 - Corresponds a lot","Sometimes","Often","Sometimes","Sometimes","Often","Often","Sometimes","Almost Never","Sometimes","Sometimes","Sometimes","Sometimes","Often","Sometimes","Sometimes","Sometimes","Sometimes","Sometimes","Sometimes","Sometimes","Sometimes","Not at all","Not at all","Mildly - but it didn't bother me much","Moderately - it wasn't pleasant at times","Moderately - it wasn't pleasant at times","Moderately - it wasn't pleasant at times","Mildly - but it didn't bother me much","Mildly - but it didn't bother me much","","Mildly - but it didn't bother me much","Mildly - but it didn't bother me much","Mildly - but it didn't bother me much","Mildly - but it didn't bother me much","Mildly - but it didn't bother me much","Mildly - but it didn't bother me much","Mildly - but it didn't bother me much","Mildly - but it didn't bother me much","Mildly - but it didn't bother me much","Moderately - it wasn't pleasant at times","Mildly - but it didn't bother me much","Mildly - but it didn't bother me much","2","1 - Not at all typical of me","","1 - Not at all typical of me","3","3","2","2","3","3","3","3","3","3","2","2","2","Strongly Disagree","Agree","Neither Agree nor Disagree","Agree","Disagree","Neither Agree nor Disagree","Neither Agree nor Disagree","Disagree","Disagree","Neither Agree nor Disagree","Neither Agree nor Disagree","Disagree","Agree","Agree","Agree","Neither Agree nor Disagree","Neither Agree nor Disagree","Strongly Agree","Agree","Strongly Agree","Strongly Agree","Strongly Agree","Strongly Agree","Strongly Agree","Strongly Agree","Strongly Agree","Neither Agree nor Disagree","Neither Agree nor Disagree","Neither Agree nor Disagree","Strongly Agree","Agree","Strongly Agree","Strongly Disagree","Neither Agree nor Disagree","Disagree","Do Not Recall","Agree","Agree","Agree","Disagree","Strongly Agree","Disagree","Agree","Agree","Neither Agree nor Disagree","Strongly Agree","Neither Agree nor Disagree","Research Participation: I consent to provide data from my research experience to researchers for analysis","Participation"
"17385","26","Female ","70","A little","A fair amount","Much","A fair amount","A fair amount","A little","Much","A fair amount","A fair amount","A little","A little","A fair amount","A little","A fair amount","A fair amount","A little","A little","A little","Much","A fair amount","A fair amount","A fair amount","A fair amount","A fair amount","A little","A little","A little","A fair amount","Much","A little","A little","1 - Does not correspond at all","5 - Corresponds a lot","5 - Corresponds a lot","5 - Corresponds a lot","1 - Does not correspond at all","5 - Corresponds a lot","5 - Corresponds a lot","5 - Corresponds a lot","5 - Corresponds a lot","5 - Corresponds a lot","5 - Corresponds a lot","5 - Corresponds a lot","5 - Corresponds a lot","5 - Corresponds a lot","5 - Corresponds a lot","5 - Corresponds a lot","5 - Corresponds a lot","5 - Corresponds a lot","5 - Corresponds a lot","5 - Corresponds a lot","4 - Corresponds moderately","5 - Corresponds a lot","5 - Corresponds a lot","5 - Corresponds a lot","4 - Corresponds moderately","1 - Does not correspond at all","5 - Corresponds a lot","5 - Corresponds a lot","Sometimes","Almost Never","Sometimes","Sometimes","Sometimes","Often","Sometimes","Sometimes","Sometimes","Sometimes","Sometimes","Sometimes","Sometimes","Sometimes","Sometimes","Sometimes","Sometimes","Sometimes","Sometimes","Sometimes","Sometimes","Not at all","Mildly - but it didn't bother me much","Mildly - but it didn't bother me much","Mildly - but it didn't bother me much","Mildly - but it didn't bother me much","Mildly - but it didn't bother me much","Mildly - but it didn't bother me much","Mildly - but it didn't bother me much","Mildly - but it didn't bother me much","Mildly - but it didn't bother me much","Mildly - but it didn't bother me much","Mildly - but it didn't bother me much","Mildly - but it didn't bother me much","Mildly - but it didn't bother me much","Mildly - but it didn't bother me much","Mildly - but it didn't bother me much","Mildly - but it didn't bother me much","Mildly - but it didn't bother me much","Mildly - but it didn't bother me much","Mildly - but it didn't bother me much","Mildly - but it didn't bother me much","3","3","4","3","4","3","3","3","3","3","3","4","3","4","3","4","4","Neither Agree nor Disagree","Strongly Disagree","Strongly Disagree","Strongly Agree","Strongly Agree","Strongly Disagree","Neither Agree nor Disagree","Strongly Agree","Strongly Agree","Strongly Agree","Strongly Agree","Neither Agree nor Disagree","Neither Agree nor Disagree","Strongly Agree","Neither Agree nor Disagree","Strongly Agree","Neither Agree nor Disagree","Strongly Agree","Strongly Agree","Strongly Agree","Strongly Agree","Neither Agree nor Disagree","Strongly Agree","Strongly Agree","Strongly Agree","Strongly Disagree","Strongly Agree","Strongly Agree","Strongly Agree","Strongly Agree","Disagree","Agree","Strongly Disagree","Strongly Agree","Strongly Agree","Strongly Agree","Strongly Agree","Strongly Disagree","Strongly Agree","Strongly Agree","Neither Agree nor Disagree","Neither Agree nor Disagree","Agree","Strongly Disagree","Strongly Agree","Strongly Disagree","Strongly Agree","Research Participation: I consent to provide data from my research experience to researchers for analysis","Participation"
"15951","19","Female ","94","Much","A little","Much","A little","A fair amount","Very much","Very much","A little","A fair amount","A fair amount","Much","A fair amount","A little","A little","Much","Very much","Not at all","Not at all","A fair amount","A fair amount","A little","A fair amount","A fair amount","","A little","A fair amount","A little","A fair amount","A fair amount","A little","Not at all","5 - Corresponds a lot","7 - Corresponds exactly","7 - Corresponds exactly","4 - Corresponds moderately","1 - Does not correspond at all","4 - Corresponds moderately","7 - Corresponds exactly","7 - Corresponds exactly","7 - Corresponds exactly","7 - Corresponds exactly","4 - Corresponds moderately","1 - Does not correspond at all","5 - Corresponds a lot","7 - Corresponds exactly","7 - Corresponds exactly","7 - Corresponds exactly","7 - Corresponds exactly","4 - Corresponds moderately","1 - Does not correspond at all","7 - Corresponds exactly","7 - Corresponds exactly","7 - Corresponds exactly","7 - Corresponds exactly","7 - Corresponds exactly","5 - Corresponds a lot","1 - Does not correspond at all","7 - Corresponds exactly","7 - Corresponds exactly","Sometimes","Often","Sometimes","Almost Never","Almost Never","Almost Never","Often","Almost Never","Almost Always","Almost Always","Almost Always","Almost Always","Often","Often","Almost Never","Often","Almost Always","Almost Always","Sometimes","Sometimes","Almost Never","Mildly - but it didn't bother me much","Moderately - it wasn't pleasant at times","Not at all","Severely - it bothered me a lot","Severely - it bothered me a lot","Severely - it bothered me a lot","Mildly - but it didn't bother me much","Mildly - but it didn't bother me much","Severely - it bothered me a lot","Severely - it bothered me a lot","Not at all","Not at all","Moderately - it wasn't pleasant at times","Severely - it bothered me a lot","Mildly - but it didn't bother me much","Severely - it bothered me a lot","Severely - it bothered me a lot","Not at all","Moderately - it wasn't pleasant at times","Mildly - but it didn't bother me much","Not at all","1 - Not at all typical of me","5 - Very typical of me","1 - Not at all typical of me","5 - Very typical of me","4","5 - Very typical of me","5 - Very typical of me","1 - Not at all typical of me","4","1 - Not at all typical of me","1 - Not at all typical of me","5 - Very typical of me","5 - Very typical of me","4","3","4","5 - Very typical of me","Agree","Strongly Agree","Agree","Strongly Agree","Neither Agree nor Disagree","Disagree","Agree","Strongly Agree","Strongly Agree","Strongly Agree","Disagree","Disagree","Agree","Disagree","Agree","Disagree","Disagree","Neither Agree nor Disagree","Agree","Agree","Strongly Agree","Strongly Agree","Strongly Agree","Agree","Strongly Agree","Strongly Disagree","Disagree","Disagree","Agree","Agree","Agree","Agree","Disagree","Disagree","Agree","Agree","Disagree","Disagree","Agree","Agree","Strongly Agree","Agree","Disagree","Strongly Agree","Disagree","Strongly Agree","Agree","Research Participation: I consent to provide data from my research experience to researchers for analysis","Participation"
"15270","19","Female","90","Much","Very much","Very much","Very much","Much","Much","Much","Much","A fair amount","Very much","A fair amount","Much","A little","Very much","A fair amount","A fair amount","Not at all","Much","Much","Very much","Not at all","A little","Not at all","A little","A fair amount","Very much","Not at all","Not at all","Not at all","Not at all","Not at all","7 - Corresponds exactly","3 - Corresponds a little","4 - Corresponds moderately","2","6","7 - Corresponds exactly","7 - Corresponds exactly","7 - Corresponds exactly","4 - Corresponds moderately","7 - Corresponds exactly","3 - Corresponds a little","5 - Corresponds a lot","7 - Corresponds exactly","7 - Corresponds exactly","7 - Corresponds exactly","4 - Corresponds moderately","6","3 - Corresponds a little","2","7 - Corresponds exactly","7 - Corresponds exactly","7 - Corresponds exactly","6","7 - Corresponds exactly","4 - Corresponds moderately","6","4 - Corresponds moderately","7 - Corresponds exactly","Almost Never","Almost Always","Often","Often","Almost Always","Almost Always","Almost Always","Almost Never","Almost Always","Almost Always","Often","Almost Always","Sometimes","Almost Always","Almost Always","Almost Always","Almost Always","Almost Never","Almost Always","Almost Always","Almost Always","Moderately - it wasn't pleasant at times","Moderately - it wasn't pleasant at times","Moderately - it wasn't pleasant at times","Severely - it bothered me a lot","Severely - it bothered me a lot","Severely - it bothered me a lot","Severely - it bothered me a lot","Severely - it bothered me a lot","Severely - it bothered me a lot","Severely - it bothered me a lot","Severely - it bothered me a lot","Mildly - but it didn't bother me much","Severely - it bothered me a lot","Severely - it bothered me a lot","Severely - it bothered me a lot","Not at all","Severely - it bothered me a lot","Severely - it bothered me a lot","Severely - it bothered me a lot","Severely - it bothered me a lot","Moderately - it wasn't pleasant at times","1 - Not at all typical of me","5 - Very typical of me","1 - Not at all typical of me","5 - Very typical of me","5 - Very typical of me","5 - Very typical of me","5 - Very typical of me","1 - Not at all typical of me","5 - Very typical of me","1 - Not at all typical of me","1 - Not at all typical of me","5 - Very typical of me","5 - Very typical of me","5 - Very typical of me","5 - Very typical of me","5 - Very typical of me","5 - Very typical of me","Strongly Agree","Strongly Agree","Disagree","Strongly Agree","Disagree","Disagree","Agree","Strongly Agree","Disagree","Agree","Disagree","Strongly Agree","Disagree","Strongly Disagree","Strongly Agree","Disagree","Strongly Disagree","Strongly Agree","Strongly Agree","Strongly Agree","Strongly Agree","Neither Agree nor Disagree","Strongly Agree","Agree","Strongly Agree","Strongly Disagree","Disagree","Disagree","Disagree","Agree","Agree","Agree","Neither Agree nor Disagree","Strongly Disagree","Agree","Strongly Agree","Strongly Disagree","Strongly Disagree","Disagree","Strongly Disagree","Agree","Agree","Agree","Agree","Strongly Disagree","Strongly Agree","Neither Agree nor Disagree","Research Participation: I consent to provide data from my research experience to researchers for analysis","Participation"
"16479","18","Female","90","Very much","Much","Very much","Very much","Very much","Much","Very much","A fair amount","Very much","Much","Very much","Very much","Much","Very much","A fair amount","A fair amount","Much","Very much","Very much","A little","A fair amount","Very much","Much","Much","A fair amount","A fair amount","Not at all","A little","A little","A little","Not at all","6","3 - Corresponds a little","2","3 - Corresponds a little","2","4 - Corresponds moderately","4 - Corresponds moderately","4 - Corresponds moderately","3 - Corresponds a little","4 - Corresponds moderately","2","3 - Corresponds a little","4 - Corresponds moderately","4 - Corresponds moderately","6","3 - Corresponds a little","4 - Corresponds moderately","2","2","4 - Corresponds moderately","4 - Corresponds moderately","5 - Corresponds a lot","3 - Corresponds a little","5 - Corresponds a lot","2","2","3 - Corresponds a little","4 - Corresponds moderately","Almost Never","Almost Always","Almost Always","Almost Always","Almost Always","Often","Almost Always","Almost Never","Almost Always","Almost Always","Almost Always","Almost Always","Almost Always","Almost Always","Often","Almost Always","Almost Always","Almost Always","Almost Always","Almost Always","Almost Always","Not at all","Severely - it bothered me a lot","Moderately - it wasn't pleasant at times","Severely - it bothered me a lot","Severely - it bothered me a lot","Mildly - but it didn't bother me much","Severely - it bothered me a lot","Moderately - it wasn't pleasant at times","Severely - it bothered me a lot","Severely - it bothered me a lot","Not at all","Moderately - it wasn't pleasant at times","Moderately - it wasn't pleasant at times","Moderately - it wasn't pleasant at times","Not at all","Not at all","Severely - it bothered me a lot","Severely - it bothered me a lot","Not at all","Severely - it bothered me a lot","Severely - it bothered me a lot","1 - Not at all typical of me","5 - Very typical of me","1 - Not at all typical of me","5 - Very typical of me","5 - Very typical of me","5 - Very typical of me","5 - Very typical of me","1 - Not at all typical of me","5 - Very typical of me","1 - Not at all typical of me","2","5 - Very typical of me","5 - Very typical of me","5 - Very typical of me","5 - Very typical of me","5 - Very typical of me","5 - Very typical of me","Agree","Disagree","Agree","Agree","Disagree","Disagree","Disagree","Agree","Agree","Agree","Neither Agree nor Disagree","Agree","Strongly Agree","Disagree","Neither Agree nor Disagree","Disagree","Neither Agree nor Disagree","Neither Agree nor Disagree","Neither Agree nor Disagree","Disagree","Agree","Neither Agree nor Disagree","Disagree","Neither Agree nor Disagree","Agree","Strongly Disagree","Agree","Neither Agree nor Disagree","Strongly Agree","Strongly Agree","Disagree","Agree","Neither Agree nor Disagree","Disagree","Agree","Strongly Agree","Disagree","Disagree","Neither Agree nor Disagree","Neither Agree nor Disagree","Agree","Agree","Neither Agree nor Disagree","Agree","Disagree","Agree","Agree","Research Participation: I consent to provide data from my research experience to researchers for analysis","Participation"
"11549","23","female","90","Much","Very much","Very much","Very much","Very much","A fair amount","Very much","A fair amount","Very much","Much","Very much","Very much","A fair amount","Very much","A fair amount","Very much","Very much","A fair amount","Very much","Very much","A fair amount","Very much","Very much","A fair amount","A little","A fair amount","A little","Very much","Much","Very much","Not at all","4 - Corresponds moderately","3 - Corresponds a little","4 - Corresponds moderately","3 - Corresponds a little","1 - Does not correspond at all","1 - Does not correspond at all","4 - Corresponds moderately","4 - Corresponds moderately","4 - Corresponds moderately","4 - Corresponds moderately","5 - Corresponds a lot","2","2","5 - Corresponds a lot","7 - Corresponds exactly","5 - Corresponds a lot","7 - Corresponds exactly","7 - Corresponds exactly","1 - Does not correspond at all","5 - Corresponds a lot","5 - Corresponds a lot","7 - Corresponds exactly","7 - Corresponds exactly","5 - Corresponds a lot","5 - Corresponds a lot","1 - Does not correspond at all","5 - Corresponds a lot","7 - Corresponds exactly","Sometimes","Often","Sometimes","Sometimes","Sometimes","Sometimes","Often","Almost Never","Almost Always","Almost Always","Almost Always","Almost Always","Almost Always","Sometimes","Sometimes","Often","Almost Always","Sometimes","Sometimes","Sometimes","Sometimes","Not at all","Not at all","Not at all","Moderately - it wasn't pleasant at times","Moderately - it wasn't pleasant at times","Mildly - but it didn't bother me much","Not at all","Not at all","Moderately - it wasn't pleasant at times","Moderately - it wasn't pleasant at times","Not at all","Not at all","Not at all","Moderately - it wasn't pleasant at times","Mildly - but it didn't bother me much","Not at all","Mildly - but it didn't bother me much","Not at all","Not at all","Not at all","Not at all","1 - Not at all typical of me","4","1 - Not at all typical of me","4","5 - Very typical of me","4","4","1 - Not at all typical of me","3","1 - Not at all typical of me","1 - Not at all typical of me","5 - Very typical of me","4","4","4","3","2","Agree","Agree","Agree","Agree","Agree","Disagree","Disagree","Agree","Agree","Agree","Disagree","Agree","Disagree","Disagree","Disagree","Disagree","Strongly Disagree","Agree","Agree","Agree","Agree","Agree","Agree","Disagree","Neither Agree nor Disagree","Agree","Neither Agree nor Disagree","Strongly Disagree","Agree","Disagree","Strongly Agree","Agree","Disagree","Disagree","Agree","Neither Agree nor Disagree","Disagree","Agree","Disagree","Neither Agree nor Disagree","Disagree","Neither Agree nor Disagree","Agree","Neither Agree nor Disagree","Strongly Agree","Disagree","Strongly Agree","Research Participation: I consent to provide data from my research experience to researchers for analysis","Participation"
"17480","20","Male","90","A little","A fair amount","Very much","Very much","Much","A little","Very much","Very much","Much","A fair amount","Very much","Much","A little","A fair amount","A little","Not at all","Not at all","Not at all","Not at all","A little","Not at all","Not at all","Not at all","A little","A fair amount","A little","Not at all","Not at all","Not at all","Not at all","Not at all","2","6","7 - Corresponds exactly","6","2","6","4 - Corresponds moderately","6","6","5 - Corresponds a lot","5 - Corresponds a lot","2","6","5 - Corresponds a lot","5 - Corresponds a lot","6","5 - Corresponds a lot","5 - Corresponds a lot","1 - Does not correspond at all","5 - Corresponds a lot","6","7 - Corresponds exactly","7 - Corresponds exactly","7 - Corresponds exactly","4 - Corresponds moderately","2","6","7 - Corresponds exactly","Often","Sometimes","Almost Always","Sometimes","Almost Never","Sometimes","Often","Almost Never","Often","Sometimes","Sometimes","Almost Never","Sometimes","Almost Never","Sometimes","Almost Never","Sometimes","Almost Never","Sometimes","Almost Always","Often","Not at all","Moderately - it wasn't pleasant at times","Mildly - but it didn't bother me much","Mildly - but it didn't bother me much","Severely - it bothered me a lot","Not at all","Not at all","Not at all","Mildly - but it didn't bother me much","Severely - it bothered me a lot","Not at all","Mildly - but it didn't bother me much","Mildly - but it didn't bother me much","Mildly - but it didn't bother me much","Moderately - it wasn't pleasant at times","Not at all","Mildly - but it didn't bother me much","Not at all","Not at all","Moderately - it wasn't pleasant at times","Moderately - it wasn't pleasant at times","1 - Not at all typical of me","3","3","3","2","2","2","2","4","2","2","5 - Very typical of me","2","3","3","2","4","Agree","Strongly Agree","Agree","Agree","Neither Agree nor Disagree","Neither Agree nor Disagree","Disagree","Neither Agree nor Disagree","Agree","Agree","Disagree","Neither Agree nor Disagree","Disagree","Agree","Agree","Strongly Disagree","Agree","Neither Agree nor Disagree","Neither Agree nor Disagree","Agree","Neither Agree nor Disagree","Agree","Neither Agree nor Disagree","Neither Agree nor Disagree","Agree","Disagree","Strongly Agree","Agree","Agree","Strongly Agree","Strongly Disagree","Agree","Disagree","Strongly Agree","Strongly Agree","Agree","Strongly Agree","Disagree","Disagree","Neither Agree nor Disagree","Strongly Agree","Neither Agree nor Disagree","Disagree","Neither Agree nor Disagree","Disagree","Agree","Neither Agree nor Disagree","Research Participation: I consent to provide data from my research experience to researchers for analysis","Participation"
"11447","21","Female","90","Much","Much","Much","Very much","Very much","Very much","Much","Much","A fair amount","Very much","Much","Much","A fair amount","A fair amount","Much","Not at all","Not at all","Not at all","Not at all","Not at all","Not at all","Not at all","Not at all","A little","Not at all","Not at all","Not at all","Not at all","Not at all","Not at all","Not at all","7 - Corresponds exactly","7 - Corresponds exactly","7 - Corresponds exactly","5 - Corresponds a lot","1 - Does not correspond at all","5 - Corresponds a lot","5 - Corresponds a lot","7 - Corresponds exactly","5 - Corresponds a lot","7 - Corresponds exactly","4 - Corresponds moderately","1 - Does not correspond at all","5 - Corresponds a lot","4 - Corresponds moderately","7 - Corresponds exactly","4 - Corresponds moderately","4 - Corresponds moderately","4 - Corresponds moderately","1 - Does not correspond at all","4 - Corresponds moderately","3 - Corresponds a little","7 - Corresponds exactly","7 - Corresponds exactly","7 - Corresponds exactly","7 - Corresponds exactly","1 - Does not correspond at all","4 - Corresponds moderately","3 - Corresponds a little","Sometimes","Almost Never","Often","Sometimes","Almost Never","Sometimes","Often","Almost Never","Sometimes","Often","Sometimes","Sometimes","Often","Almost Never","Sometimes","Sometimes","Sometimes","Almost Never","Sometimes","Often","Sometimes","Mildly - but it didn't bother me much","Moderately - it wasn't pleasant at times","Mildly - but it didn't bother me much","Moderately - it wasn't pleasant at times","Severely - it bothered me a lot","Mildly - but it didn't bother me much","Moderately - it wasn't pleasant at times","Mildly - but it didn't bother me much","Mildly - but it didn't bother me much","Severely - it bothered me a lot","Mildly - but it didn't bother me much","Mildly - but it didn't bother me much","Mildly - but it didn't bother me much","Moderately - it wasn't pleasant at times","Mildly - but it didn't bother me much","Moderately - it wasn't pleasant at times","Severely - it bothered me a lot","Mildly - but it didn't bother me much","Not at all","Not at all","Mildly - but it didn't bother me much","2","4","2","5 - Very typical of me","4","3","5 - Very typical of me","2","4","1 - Not at all typical of me","3","2","4","5 - Very typical of me","4","5 - Very typical of me","4","Strongly Agree","Strongly Agree","Do Not Recall","Strongly Agree","Strongly Agree","Strongly Disagree","Strongly Agree","Strongly Agree","Strongly Agree","Strongly Agree","Strongly Agree","Neither Agree nor Disagree","Strongly Disagree","Strongly Agree","Strongly Agree","Strongly Disagree","Strongly Disagree","Strongly Agree","Strongly Agree","Strongly Agree","Strongly Agree","Strongly Agree","Strongly Agree","Strongly Agree","Strongly Agree","Strongly Disagree","Disagree","Neither Agree nor Disagree","Disagree","Agree","Disagree","Agree","Strongly Disagree","Agree","Strongly Agree","Agree","Agree","Strongly Disagree","Strongly Agree","Strongly Agree","Strongly Agree","Strongly Agree","Strongly Agree","Disagree","Strongly Agree","Disagree","Do Not Recall","Research Participation: I consent to provide data from my research experience to researchers for analysis","Participation"
"8801","21","Male","75","Much","A fair amount","","Much","Much","A little","A fair amount","A fair amount","Much","A fair amount","Much","Much","A little","Much","Much","A fair amount","Not at all","Not at all","Not at all","A little","A little","A little","Not at all","Not at all","A little","A little","Not at all","A fair amount","Not at all","A little","Not at all","5 - Corresponds a lot","5 - Corresponds a lot","5 - Corresponds a lot","4 - Corresponds moderately","3 - Corresponds a little","4 - Corresponds moderately","6","6","6","6","5 - Corresponds a lot","3 - Corresponds a little","5 - Corresponds a lot","5 - Corresponds a lot","5 - Corresponds a lot","5 - Corresponds a lot","6","5 - Corresponds a lot","1 - Does not correspond at all","4 - Corresponds moderately","7 - Corresponds exactly","6","6","6","5 - Corresponds a lot","2","5 - Corresponds a lot","5 - Corresponds a lot","Almost Always","Almost Never","Often","Almost Never","Almost Never","Almost Never","Sometimes","Almost Never","Sometimes","Sometimes","Sometimes","Often","Almost Never","Almost Never","Almost Never","Almost Never","Sometimes","Sometimes","Often","Almost Never","Almost Never","Not at all","Not at all","Mildly - but it didn't bother me much","Mildly - but it didn't bother me much","Mildly - but it didn't bother me much","Not at all","Not at all","Not at all","Not at all","Not at all","Not at all","Not at all","Not at all","Not at all","Not at all","Not at all","Not at all","Not at all","Not at all","Not at all","Mildly - but it didn't bother me much","4","1 - Not at all typical of me","5 - Very typical of me","1 - Not at all typical of me","1 - Not at all typical of me","2","2","3","2","4","4","5 - Very typical of me","1 - Not at all typical of me","1 - Not at all typical of me","1 - Not at all typical of me","1 - Not at all typical of me","1 - Not at all typical of me","Agree","Agree","Agree","Strongly Agree","Neither Agree nor Disagree","Strongly Disagree","Neither Agree nor Disagree","Agree","Strongly Agree","Agree","Agree","Disagree","Strongly Disagree","Agree","Neither Agree nor Disagree","Disagree","Disagree","Agree","Agree","Agree","Agree","Strongly Agree","Agree","Agree","Strongly Agree","Neither Agree nor Disagree","Disagree","Strongly Disagree","Neither Agree nor Disagree","Strongly Agree","Agree","Agree","Strongly Agree","Disagree","Agree","Neither Agree nor Disagree","Disagree","Neither Agree nor Disagree","Disagree","Agree","Neither Agree nor Disagree","Agree","Neither Agree nor Disagree","Disagree","Agree","Disagree","Agree","Research Participation: I consent to provide data from my research experience to researchers for analysis","Participation"
"17363","21","Female","75","Very much","Much","Very much","Very much","Very much","Much","Very much","Very much","Very much","Very much","Very much","Very much","A little","A fair amount","Very much","Very much","A little","Not at all","A little","Very much","A little","Very much","Very much","Very much","Very much","Very much","Not at all","A fair amount","Not at all","A fair amount","Not at all","3 - Corresponds a little","3 - Corresponds a little","5 - Corresponds a lot","2","2","4 - Corresponds moderately","5 - Corresponds a lot","6","3 - Corresponds a little","6","1 - Does not correspond at all","4 - Corresponds moderately","3 - Corresponds a little","3 - Corresponds a little","6","2","6","2","1 - Does not correspond at all","2","3 - Corresponds a little","5 - Corresponds a lot","2","3 - Corresponds a little","1 - Does not correspond at all","1 - Does not correspond at all","2","5 - Corresponds a lot","Almost Never","Almost Always","Sometimes","Almost Always","Almost Always","Almost Always","Almost Always","Almost Never","Almost Always","Almost Always","Often","Almost Always","Almost Always","Often","Often","Almost Always","Almost Always","Almost Always","Almost Always","Almost Always","Almost Always","Moderately - it wasn't pleasant at times","Mildly - but it didn't bother me much","Mildly - but it didn't bother me much","Moderately - it wasn't pleasant at times","Severely - it bothered me a lot","Moderately - it wasn't pleasant at times","Moderately - it wasn't pleasant at times","Moderately - it wasn't pleasant at times","Severely - it bothered me a lot","Severely - it bothered me a lot","Moderately - it wasn't pleasant at times","Severely - it bothered me a lot","Severely - it bothered me a lot","Moderately - it wasn't pleasant at times","Moderately - it wasn't pleasant at times","Severely - it bothered me a lot","Severely - it bothered me a lot","Mildly - but it didn't bother me much","Moderately - it wasn't pleasant at times","Moderately - it wasn't pleasant at times","Moderately - it wasn't pleasant at times","1 - Not at all typical of me","5 - Very typical of me","1 - Not at all typical of me","4","5 - Very typical of me","5 - Very typical of me","5 - Very typical of me","1 - Not at all typical of me","4","1 - Not at all typical of me","1 - Not at all typical of me","5 - Very typical of me","5 - Very typical of me","4","5 - Very typical of me","5 - Very typical of me","5 - Very typical of me","Agree","Agree","Agree","Agree","Disagree","Disagree","Disagree","Neither Agree nor Disagree","Disagree","Neither Agree nor Disagree","Agree","Strongly Agree","Disagree","Disagree","Neither Agree nor Disagree","Agree","Agree","Neither Agree nor Disagree","Neither Agree nor Disagree","Disagree","Agree","Disagree","Strongly Disagree","Strongly Disagree","Agree","Disagree","Disagree","Disagree","Disagree","Agree","Neither Agree nor Disagree","Agree","Neither Agree nor Disagree","Disagree","Neither Agree nor Disagree","Agree","Disagree","Disagree","Disagree","Neither Agree nor Disagree","Neither Agree nor Disagree","Agree","Disagree","Agree","Strongly Disagree","Agree","Disagree","Research Participation: I consent to provide data from my research experience to researchers for analysis","Participation"
"15629","20","Female","92","Very much","A fair amount","Much","Very much","Very much","A fair amount","Much","Very much","Very much","A fair amount","Very much","Very much","A fair amount","Much","A little","A fair amount","A little","Not at all","A little","A fair amount","A little","Much","A fair amount","Much","A fair amount","A fair amount","Not at all","Much","Not at all","A little","Not at all","7 - Corresponds exactly","4 - Corresponds moderately","7 - Corresponds exactly","3 - Corresponds a little","1 - Does not correspond at all","2","3 - Corresponds a little","7 - Corresponds exactly","4 - Corresponds moderately","7 - Corresponds exactly","2","1 - Does not correspond at all","5 - Corresponds a lot","4 - Corresponds moderately","7 - Corresponds exactly","5 - Corresponds a lot","7 - Corresponds exactly","2","1 - Does not correspond at all","3 - Corresponds a little","5 - Corresponds a lot","7 - Corresponds exactly","5 - Corresponds a lot","7 - Corresponds exactly","4 - Corresponds moderately","1 - Does not correspond at all","6","6","Almost Never","Often","Often","Sometimes","Sometimes","Often","Almost Always","Almost Never","Almost Always","Often","Almost Always","Almost Always","Almost Always","Sometimes","Sometimes","Almost Always","Almost Always","Often","Often","Almost Always","Almost Always","Mildly - but it didn't bother me much","Moderately - it wasn't pleasant at times","Not at all","Severely - it bothered me a lot","Severely - it bothered me a lot","Severely - it bothered me a lot","Mildly - but it didn't bother me much","Severely - it bothered me a lot","Mildly - but it didn't bother me much","Severely - it bothered me a lot","Not at all","Moderately - it wasn't pleasant at times","Moderately - it wasn't pleasant at times","Severely - it bothered me a lot","Not at all","Not at all","Moderately - it wasn't pleasant at times","Severely - it bothered me a lot","Severely - it bothered me a lot","Mildly - but it didn't bother me much","Moderately - it wasn't pleasant at times","1 - Not at all typical of me","4","1 - Not at all typical of me","3","5 - Very typical of me","5 - Very typical of me","3","1 - Not at all typical of me","3","1 - Not at all typical of me","1 - Not at all typical of me","5 - Very typical of me","5 - Very typical of me","4","5 - Very typical of me","5 - Very typical of me","5 - Very typical of me","Disagree","Strongly Disagree","Strongly Agree","Strongly Disagree","Neither Agree nor Disagree","Agree","Disagree","Strongly Disagree","Strongly Disagree","Strongly Disagree","Strongly Disagree","Agree","Agree","Disagree","Strongly Disagree","Agree","Agree","Strongly Disagree","Strongly Disagree","Disagree","Neither Agree nor Disagree","Disagree","Agree","Disagree","Disagree","Neither Agree nor Disagree","Agree","Agree","Strongly Agree","Strongly Agree","Disagree","Agree","Neither Agree nor Disagree","Disagree","Neither Agree nor Disagree","Strongly Agree","Disagree","Disagree","Neither Agree nor Disagree","Disagree","Agree","Agree","Agree","Strongly Agree","Agree","Strongly Agree","Agree","Research Participation: I consent to provide data from my research experience to researchers for analysis","Participation"
"13036","23","female","76","Very much","Very much","Very much","Very much","Very much","Very much","Very much","Very much","Very much","Very much","Very much","Very much","Very much","Very much","Very much","A fair amount","Not at all","Not at all","Not at all","Much","Much","Very much","Very much","Very much","Very much","A fair amount","Not at all","A little","Not at all","Not at all","Not at all","7 - Corresponds exactly","7 - Corresponds exactly","7 - Corresponds exactly","7 - Corresponds exactly","2","7 - Corresponds exactly","7 - Corresponds exactly","7 - Corresponds exactly","7 - Corresponds exactly","7 - Corresponds exactly","7 - Corresponds exactly","1 - Does not correspond at all","7 - Corresponds exactly","5 - Corresponds a lot","","7 - Corresponds exactly","7 - Corresponds exactly","7 - Corresponds exactly","1 - Does not correspond at all","7 - Corresponds exactly","7 - Corresponds exactly","7 - Corresponds exactly","7 - Corresponds exactly","7 - Corresponds exactly","7 - Corresponds exactly","1 - Does not correspond at all","7 - Corresponds exactly","7 - Corresponds exactly","Sometimes","Almost Always","Almost Always","Almost Always","Sometimes","Almost Always","Almost Always","Almost Never","Almost Always","Almost Always","Almost Always","Almost Always","Almost Always","Almost Always","Almost Always","Almost Always","Almost Always","Almost Always","Almost Always","Almost Always","Almost Always","Severely - it bothered me a lot","Moderately - it wasn't pleasant at times","Mildly - but it didn't bother me much","Severely - it bothered me a lot","Severely - it bothered me a lot","Severely - it bothered me a lot","Severely - it bothered me a lot","Severely - it bothered me a lot","Severely - it bothered me a lot","Severely - it bothered me a lot","Severely - it bothered me a lot","Severely - it bothered me a lot","Severely - it bothered me a lot","Severely - it bothered me a lot","Severely - it bothered me a lot","Severely - it bothered me a lot","Severely - it bothered me a lot","Severely - it bothered me a lot","Severely - it bothered me a lot","Severely - it bothered me a lot","Severely - it bothered me a lot","1 - Not at all typical of me","4","1 - Not at all typical of me","4","4","5 - Very typical of me","3","2","5 - Very typical of me","1 - Not at all typical of me","1 - Not at all typical of me","5 - Very typical of me","3","3","5 - Very typical of me","4","5 - Very typical of me","Strongly Disagree","Strongly Disagree","Agree","Strongly Disagree","Strongly Disagree","Neither Agree nor Disagree","Strongly Disagree","Strongly Disagree","Strongly Disagree","Strongly Disagree","Strongly Disagree","Strongly Agree","Strongly Agree","Strongly Disagree","Strongly Disagree","Strongly Agree","Strongly Agree","Strongly Disagree","Strongly Disagree","Strongly Disagree","Strongly Agree","Strongly Disagree","Strongly Disagree","Strongly Disagree","Strongly Agree","Strongly Agree","Agree","Strongly Agree","Strongly Agree","Strongly Agree","Strongly Disagree","Agree","Strongly Disagree","Strongly Agree","Strongly Agree","Strongly Agree","Strongly Agree","Strongly Disagree","Agree","Neither Agree nor Disagree","Neither Agree nor Disagree","Agree","Agree","Strongly Agree","Strongly Agree","Strongly Agree","Strongly Agree","Research Participation: I consent to provide data from my research experience to researchers for analysis","Participation"
"16143","18","Femalr","70","Very much","Much","Very much","Much","Much","A fair amount","A fair amount","Very much","Very much","A fair amount","Very much","Much","A fair amount","Very much","A fair amount","Not at all","Not at all","Not at all","Not at all","Not at all","Not at all","Very much","A little","Not at all","Not at all","Not at all","Not at all","A little","Not at all","Not at all","Not at all","3 - Corresponds a little","3 - Corresponds a little","3 - Corresponds a little","1 - Does not correspond at all","1 - Does not correspond at all","2","3 - Corresponds a little","3 - Corresponds a little","7 - Corresponds exactly","7 - Corresponds exactly","5 - Corresponds a lot","1 - Does not correspond at all","3 - Corresponds a little","2","2","7 - Corresponds exactly","2","5 - Corresponds a lot","1 - Does not correspond at all","2","2","3 - Corresponds a little","7 - Corresponds exactly","3 - Corresponds a little","5 - Corresponds a lot","1 - Does not correspond at all","3 - Corresponds a little","3 - Corresponds a little","Almost Never","Almost Always","Almost Always","Almost Always","Often","Often","Almost Always","Almost Never","Almost Always","Almost Always","Often","Almost Always","Almost Always","Almost Always","Often","Almost Always","Almost Always","Almost Always","Almost Always","Almost Always","Almost Always","Not at all","Moderately - it wasn't pleasant at times","Mildly - but it didn't bother me much","Severely - it bothered me a lot","Mildly - but it didn't bother me much","Mildly - but it didn't bother me much","Severely - it bothered me a lot","Not at all","Not at all","Severely - it bothered me a lot","Mildly - but it didn't bother me much","Moderately - it wasn't pleasant at times","Not at all","Not at all","Severely - it bothered me a lot","Not at all","Moderately - it wasn't pleasant at times","Severely - it bothered me a lot","Not at all","Moderately - it wasn't pleasant at times","Moderately - it wasn't pleasant at times","1 - Not at all typical of me","5 - Very typical of me","4","4","4","3","3","2","5 - Very typical of me","1 - Not at all typical of me","1 - Not at all typical of me","5 - Very typical of me","5 - Very typical of me","4","5 - Very typical of me","4","4","Strongly Agree","Disagree","Strongly Agree","Neither Agree nor Disagree","Strongly Disagree","Disagree","Disagree","Neither Agree nor Disagree","Strongly Disagree","Neither Agree nor Disagree","Disagree","Strongly Agree","Strongly Agree","Strongly Agree","Disagree","Strongly Agree","Strongly Agree","Neither Agree nor Disagree","Neither Agree nor Disagree","Disagree","Disagree","Disagree","Disagree","Neither Agree nor Disagree","Strongly Agree","Neither Agree nor Disagree","Neither Agree nor Disagree","Disagree","Disagree","Strongly Agree","Strongly Agree","Agree","Strongly Agree","Disagree","Agree","Strongly Agree","Disagree","Neither Agree nor Disagree","Strongly Agree","Strongly Agree","Agree","Strongly Agree","Strongly Agree","Agree","Strongly Agree","Neither Agree nor Disagree","Strongly Agree","Research Participation: I consent to provide data from my research experience to researchers for analysis","Participation"
"9417","22","Male","82","Much","A fair amount","A fair amount","Much","Much","A little","Much","A fair amount","Much","A fair amount","Much","Much","A fair amount","A fair amount","A fair amount","A little","Not at all","Not at all","Not at all","A little","Not at all","Not at all","A little","A little","A little","Not at all","Not at all","A little","Not at all","Not at all","Not at all","7 - Corresponds exactly","4 - Corresponds moderately","7 - Corresponds exactly","3 - Corresponds a little","1 - Does not correspond at all","","3 - Corresponds a little","7 - Corresponds exactly","5 - Corresponds a lot","7 - Corresponds exactly","4 - Corresponds moderately","1 - Does not correspond at all","4 - Corresponds moderately","3 - Corresponds a little","7 - Corresponds exactly","6","7 - Corresponds exactly","3 - Corresponds a little","1 - Does not correspond at all","5 - Corresponds a lot","5 - Corresponds a lot","7 - Corresponds exactly","5 - Corresponds a lot","7 - Corresponds exactly","3 - Corresponds a little","1 - Does not correspond at all","3 - Corresponds a little","3 - Corresponds a little","Sometimes","Sometimes","Sometimes","Sometimes","Almost Never","Almost Never","Almost Never","Almost Never","Almost Never","Almost Never","Sometimes","Almost Never","Almost Never","Almost Never","Almost Never","Almost Never","Sometimes","Sometimes","Almost Never","Sometimes","Sometimes","Mildly - but it didn't bother me much","Not at all","Not at all","Mildly - but it didn't bother me much","Not at all","Not at all","Not at all","Not at all","Not at all","Mildly - but it didn't bother me much","Not at all","Not at all","Not at all","Not at all","Not at all","Not at all","Not at all","Mildly - but it didn't bother me much","Not at all","Not at all","Not at all","2","3","4","2","2","2","2","4","3","1 - Not at all typical of me","5 - Very typical of me","5 - Very typical of me","1 - Not at all typical of me","3","2","2","3","Agree","Agree","Disagree","Neither Agree nor Disagree","Neither Agree nor Disagree","Strongly Disagree","Agree","Agree","Disagree","Agree","Agree","Strongly Agree","Agree","Agree","Agree","Disagree","Disagree","Neither Agree nor Disagree","Agree","Agree","Strongly Agree","Neither Agree nor Disagree","Agree","Agree","Agree","Agree","Agree","Agree","Agree","Agree","Disagree","Agree","Neither Agree nor Disagree","Agree","Agree","Strongly Agree","Agree","Strongly Disagree","Neither Agree nor Disagree","Disagree","Neither Agree nor Disagree","Agree","Agree","Disagree","Agree","Disagree","Agree","Research Participation: I consent to provide data from my research experience to researchers for analysis","Participation"
"13133","20","Girl","85","Very much","A fair amount","Much","Very much","Very much","Very much","Very much","Very much","Very much","A fair amount","Much","Much","Not at all","Very much","A fair amount","Very much","Not at all","Not at all","Not at all","Not at all","Not at all","Not at all","Not at all","Very much","Not at all","Not at all","Not at all","Not at all","Not at all","Not at all","Not at all","1 - Does not correspond at all","7 - Corresponds exactly","7 - Corresponds exactly","4 - Corresponds moderately","1 - Does not correspond at all","6","7 - Corresponds exactly","6","7 - Corresponds exactly","7 - Corresponds exactly","1 - Does not correspond at all","1 - Does not correspond at all","7 - Corresponds exactly","1 - Does not correspond at all","4 - Corresponds moderately","7 - Corresponds exactly","7 - Corresponds exactly","1 - Does not correspond at all","1 - Does not correspond at all","7 - Corresponds exactly","7 - Corresponds exactly","7 - Corresponds exactly","7 - Corresponds exactly","7 - Corresponds exactly","1 - Does not correspond at all","1 - Does not correspond at all","7 - Corresponds exactly","7 - Corresponds exactly","Sometimes","Often","Sometimes","Sometimes","Sometimes","Sometimes","Often","Almost Never","Almost Always","Often","Almost Always","Almost Always","Almost Always","Almost Always","Almost Always","Almost Always","Almost Always","Almost Always","Almost Always","Sometimes","Almost Always","Moderately - it wasn't pleasant at times","Severely - it bothered me a lot","Severely - it bothered me a lot","Severely - it bothered me a lot","Severely - it bothered me a lot","Severely - it bothered me a lot","Severely - it bothered me a lot","Severely - it bothered me a lot","Severely - it bothered me a lot","Severely - it bothered me a lot","Moderately - it wasn't pleasant at times","Severely - it bothered me a lot","Severely - it bothered me a lot","Severely - it bothered me a lot","Severely - it bothered me a lot","Mildly - but it didn't bother me much","Severely - it bothered me a lot","Severely - it bothered me a lot","Severely - it bothered me a lot","Severely - it bothered me a lot","Severely - it bothered me a lot","1 - Not at all typical of me","5 - Very typical of me","1 - Not at all typical of me","5 - Very typical of me","3","3","3","1 - Not at all typical of me","5 - Very typical of me","1 - Not at all typical of me","1 - Not at all typical of me","5 - Very typical of me","5 - Very typical of me","5 - Very typical of me","5 - Very typical of me","5 - Very typical of me","5 - Very typical of me","Strongly Agree","Strongly Agree","Disagree","Strongly Agree","Strongly Agree","Strongly Disagree","Strongly Disagree","Strongly Agree","Strongly Agree","Strongly Agree","Strongly Agree","Strongly Agree","Strongly Agree","Strongly Agree","Strongly Agree","Strongly Agree","Strongly Agree","Strongly Agree","Strongly Agree","Strongly Agree","Strongly Agree","Strongly Agree","Strongly Agree","Strongly Agree","Strongly Agree","Strongly Disagree","Strongly Agree","Disagree","Neither Agree nor Disagree","Strongly Agree","Strongly Disagree","Agree","Neither Agree nor Disagree","Strongly Agree","Strongly Agree","Strongly Agree","Strongly Agree","Strongly Disagree","Agree","Strongly Agree","Strongly Agree","Neither Agree nor Disagree","Strongly Agree","Agree","Neither Agree nor Disagree","Agree","Agree","Research Participation: I consent to provide data from my research experience to researchers for analysis","Participation"
"12957","21","Male","93","Not at all","Not at all","Not at all","Not at all","Not at all","Not at all","Not at all","Not at all","Not at all","Not at all","Not at all","Not at all","Not at all","Not at all","Not at all","Not at all","Not at all","","Not at all","A fair amount","Not at all","Not at all","Not at all","Not at all","Not at all","Not at all","Not at all","Not at all","Not at all","Not at all","Not at all","7 - Corresponds exactly","1 - Does not correspond at all","1 - Does not correspond at all","1 - Does not correspond at all","7 - Corresponds exactly","1 - Does not correspond at all","1 - Does not correspond at all","7 - Corresponds exactly","1 - Does not correspond at all","7 - Corresponds exactly","1 - Does not correspond at all","7 - Corresponds exactly","1 - Does not correspond at all","1 - Does not correspond at all","7 - Corresponds exactly","1 - Does not correspond at all","1 - Does not correspond at all","1 - Does not correspond at all","7 - Corresponds exactly","1 - Does not correspond at all","1 - Does not correspond at all","7 - Corresponds exactly","1 - Does not correspond at all","1 - Does not correspond at all","1 - Does not correspond at all","7 - Corresponds exactly","1 - Does not correspond at all","1 - Does not correspond at all","Often","Sometimes","Sometimes","Almost Never","Almost Never","Almost Never","Often","Almost Never","Sometimes","Often","Sometimes","Sometimes","Almost Always","Almost Never","Almost Always","Almost Never","Often","Sometimes","Almost Never","Sometimes","Often","Severely - it bothered me a lot","Mildly - but it didn't bother me much","Moderately - it wasn't pleasant at times","Severely - it bothered me a lot","Severely - it bothered me a lot","Severely - it bothered me a lot","Severely - it bothered me a lot","Severely - it bothered me a lot","Severely - it bothered me a lot","Severely - it bothered me a lot","Mildly - but it didn't bother me much","Severely - it bothered me a lot","Severely - it bothered me a lot","Severely - it bothered me a lot","Severely - it bothered me a lot","Severely - it bothered me a lot","Severely - it bothered me a lot","Not at all","Moderately - it wasn't pleasant at times","Mildly - but it didn't bother me much","Mildly - but it didn't bother me much","5 - Very typical of me","5 - Very typical of me","1 - Not at all typical of me","5 - Very typical of me","4","3","4","2","3","2","5 - Very typical of me","5 - Very typical of me","4","4","4","4","5 - Very typical of me","Strongly Agree","Strongly Agree","Neither Agree nor Disagree","Strongly Agree","Agree","Strongly Disagree","Strongly Agree","Strongly Agree","Strongly Agree","Strongly Agree","Strongly Agree","Disagree","Agree","Strongly Agree","Strongly Agree","Strongly Agree","Strongly Disagree","Neither Agree nor Disagree","Agree","Strongly Agree","Strongly Agree","Strongly Agree","Agree","Strongly Agree","Strongly Agree","Strongly Disagree","Strongly Agree","Agree","Agree","Strongly Agree","Strongly Disagree","Agree","Neither Agree nor Disagree","Strongly Disagree","Agree","Strongly Agree","Strongly Disagree","Strongly Disagree","Strongly Agree","Disagree","Strongly Agree","Strongly Agree","Strongly Agree","Neither Agree nor Disagree","Agree","Agree","Strongly Agree","Research Participation: I consent to provide data from my research experience to researchers for analysis","Participation"
"8750","21","Female","94","Very much","A fair amount","Very much","Very much","Very much","Much","Very much","Much","A fair amount","A fair amount","Very much","A fair amount","A little","Much","A little","Not at all","Not at all","Not at all","Not at all","A little","A little","A fair amount","A little","A fair amount","A little","A fair amount","Not at all","Not at all","Not at all","Not at all","Not at all","3 - Corresponds a little","5 - Corresponds a lot","7 - Corresponds exactly","3 - Corresponds a little","1 - Does not correspond at all","6","7 - Corresponds exactly","7 - Corresponds exactly","7 - Corresponds exactly","7 - Corresponds exactly","5 - Corresponds a lot","1 - Does not correspond at all","5 - Corresponds a lot","6","5 - Corresponds a lot","7 - Corresponds exactly","7 - Corresponds exactly","4 - Corresponds moderately","1 - Does not correspond at all","5 - Corresponds a lot","6","5 - Corresponds a lot","7 - Corresponds exactly","6","3 - Corresponds a little","1 - Does not correspond at all","3 - Corresponds a little","6","Almost Never","Almost Always","Often","Almost Always","Sometimes","Sometimes","Almost Always","Almost Never","Almost Always","Almost Always","Almost Always","Almost Always","Almost Always","Almost Always","Almost Always","Often","Almost Always","Often","Almost Always","Often","Almost Always","Mildly - but it didn't bother me much","Moderately - it wasn't pleasant at times","Mildly - but it didn't bother me much","Severely - it bothered me a lot","Severely - it bothered me a lot","Moderately - it wasn't pleasant at times","Moderately - it wasn't pleasant at times","Mildly - but it didn't bother me much","Mildly - but it didn't bother me much","Severely - it bothered me a lot","Mildly - but it didn't bother me much","Severely - it bothered me a lot","Mildly - but it didn't bother me much","Mildly - but it didn't bother me much","Moderately - it wasn't pleasant at times","Not at all","Not at all","Not at all","Mildly - but it didn't bother me much","Mildly - but it didn't bother me much","Mildly - but it didn't bother me much","1 - Not at all typical of me","5 - Very typical of me","2","5 - Very typical of me","5 - Very typical of me","4","5 - Very typical of me","1 - Not at all typical of me","4","1 - Not at all typical of me","1 - Not at all typical of me","5 - Very typical of me","5 - Very typical of me","5 - Very typical of me","5 - Very typical of me","5 - Very typical of me","5 - Very typical of me","Strongly Agree","Strongly Agree","Agree","Agree","Strongly Agree","Strongly Disagree","Agree","Agree","Strongly Agree","Strongly Agree","Agree","Do Not Recall","Disagree","Disagree","Agree","Disagree","Disagree","Agree","Strongly Agree","Strongly Agree","Agree","Strongly Agree","Agree","Agree","Strongly Agree","Disagree","Agree","Neither Agree nor Disagree","Strongly Agree","Strongly Agree","Disagree","Agree","Neither Agree nor Disagree","Strongly Agree","Strongly Agree","Strongly Agree","Strongly Agree","Strongly Disagree","Neither Agree nor Disagree","Agree","Strongly Agree","Agree","Agree","Agree","Agree","Strongly Agree","Disagree","Research Participation: I consent to provide data from my research experience to researchers for analysis","Participation"
"17487","22","Female","85-90%","Much","A fair amount","Much","Much","A fair amount","A fair amount","A fair amount","A little","A fair amount","A little","A fair amount","A fair amount","A fair amount","Much","A fair amount","A little","A little","Not at all","Not at all","Not at all","A little","A fair amount","A little","A fair amount","A fair amount","A little","Not at all","A little","A little","A little","Not at all","5 - Corresponds a lot","4 - Corresponds moderately","5 - Corresponds a lot","2","3 - Corresponds a little","3 - Corresponds a little","5 - Corresponds a lot","5 - Corresponds a lot","3 - Corresponds a little","6","1 - Does not correspond at all","2","3 - Corresponds a little","5 - Corresponds a lot","5 - Corresponds a lot","3 - Corresponds a little","5 - Corresponds a lot","2","1 - Does not correspond at all","3 - Corresponds a little","4 - Corresponds moderately","6","3 - Corresponds a little","5 - Corresponds a lot","2","1 - Does not correspond at all","3 - Corresponds a little","5 - Corresponds a lot","Often","Sometimes","Almost Never","Almost Never","Almost Never","Almost Never","Almost Never","Almost Never","Often","Sometimes","Almost Always","Sometimes","Often","Almost Never","Almost Never","Sometimes","Sometimes","Almost Never","Almost Never","Sometimes","Almost Never","Not at all","Mildly - but it didn't bother me much","Not at all","Moderately - it wasn't pleasant at times","Moderately - it wasn't pleasant at times","Not at all","Mildly - but it didn't bother me much","Not at all","Mildly - but it didn't bother me much","Moderately - it wasn't pleasant at times","Not at all","Not at all","Not at all","Not at all","Not at all","Not at all","Mildly - but it didn't bother me much","Not at all","Not at all","Not at all","Not at all","3","3","2","3","4","3","4","2","3","1 - Not at all typical of me","2","5 - Very typical of me","2","3","2","3","2","Agree","Agree","Agree","Strongly Agree","Neither Agree nor Disagree","Strongly Disagree","Agree","Strongly Agree","Strongly Agree","Strongly Agree","Neither Agree nor Disagree","Neither Agree nor Disagree","Disagree","Agree","Agree","Strongly Disagree","Disagree","Agree","Agree","Agree","Agree","Agree","Agree","Agree","Agree","Disagree","Agree","Disagree","Agree","Agree","Agree","Agree","Neither Agree nor Disagree","Agree","Neither Agree nor Disagree","Agree","Agree","Disagree","Strongly Disagree","Agree","Neither Agree nor Disagree","Disagree","Disagree","Agree","Agree","Neither Agree nor Disagree","Agree","Research Participation: I consent to provide data from my research experience to researchers for analysis","Participation"
"10560","22","Female","96","A little","A little","A little","A little","A little","Not at all","A fair amount","Not at all","A fair amount","A little","A little","A little","Not at all","A fair amount","Not at all","A little","Not at all","Not at all","A little","A little","Not at all","A little","Not at all","A little","Not at all","A little","Not at all","A little","Not at all","Not at all","Not at all","3 - Corresponds a little","4 - Corresponds moderately","7 - Corresponds exactly","1 - Does not correspond at all","1 - Does not correspond at all","3 - Corresponds a little","1 - Does not correspond at all","3 - Corresponds a little","3 - Corresponds a little","7 - Corresponds exactly","3 - Corresponds a little","1 - Does not correspond at all","4 - Corresponds moderately","3 - Corresponds a little","3 - Corresponds a little","4 - Corresponds moderately","4 - Corresponds moderately","1 - Does not correspond at all","1 - Does not correspond at all","4 - Corresponds moderately","3 - Corresponds a little","4 - Corresponds moderately","4 - Corresponds moderately","4 - Corresponds moderately","3 - Corresponds a little","1 - Does not correspond at all","5 - Corresponds a lot","4 - Corresponds moderately","Often","Almost Never","Almost Never","Almost Never","Almost Never","Almost Never","Almost Never","Almost Never","Almost Never","Almost Never","Often","Sometimes","Almost Never","Sometimes","Almost Never","Almost Never","Almost Never","Almost Never","Almost Never","Sometimes","Almost Never","Moderately - it wasn't pleasant at times","Not at all","Mildly - but it didn't bother me much","Moderately - it wasn't pleasant at times","Severely - it bothered me a lot","Mildly - but it didn't bother me much","Moderately - it wasn't pleasant at times","Not at all","Mildly - but it didn't bother me much","Severely - it bothered me a lot","Moderately - it wasn't pleasant at times","Not at all","Not at all","Not at all","Mildly - but it didn't bother me much","Severely - it bothered me a lot","Mildly - but it didn't bother me much","Not at all","Mildly - but it didn't bother me much","Not at all","Not at all","3","4","1 - Not at all typical of me","2","5 - Very typical of me","4","5 - Very typical of me","2","3","1 - Not at all typical of me","1 - Not at all typical of me","5 - Very typical of me","5 - Very typical of me","5 - Very typical of me","4","4","2","Strongly Agree","Agree","Disagree","Agree","Disagree","Strongly Disagree","Disagree","Agree","Agree","Agree","Neither Agree nor Disagree","Disagree","Disagree","Agree","Agree","Strongly Disagree","Disagree","Agree","Agree","Agree","Strongly Agree","Strongly Agree","Strongly Agree","Agree","Strongly Agree","Strongly Agree","Strongly Agree","Agree","Strongly Agree","Strongly Agree","Strongly Disagree","Agree","Agree","Strongly Agree","Strongly Agree","Strongly Agree","Strongly Agree","Strongly Disagree","Disagree","Agree","Strongly Agree","Strongly Agree","Agree","Agree","Disagree","Agree","Neither Agree nor Disagree","Research Participation: I consent to provide data from my research experience to researchers for analysis","Participation"
"17469","20","Female","96","Very much","Much","Very much","Very much","Very much","A fair amount","Very much","Much","Much","A fair amount","Very much","Much","A fair amount","Much","A fair amount","Much","A fair amount","A fair amount","Very much","Much","A fair amount","A fair amount","Much","Very much","A little","Much","Not at all","A fair amount","A little","Much","Not at all","4 - Corresponds moderately","4 - Corresponds moderately","7 - Corresponds exactly","5 - Corresponds a lot","1 - Does not correspond at all","3 - Corresponds a little","5 - Corresponds a lot","5 - Corresponds a lot","6","7 - Corresponds exactly","6","1 - Does not correspond at all","5 - Corresponds a lot","7 - Corresponds exactly","7 - Corresponds exactly","7 - Corresponds exactly","7 - Corresponds exactly","5 - Corresponds a lot","2","6","6","6","7 - Corresponds exactly","7 - Corresponds exactly","4 - Corresponds moderately","1 - Does not correspond at all","5 - Corresponds a lot","6","Sometimes","Often","Almost Always","Almost Never","Almost Never","Almost Never","Sometimes","Almost Never","Often","Often","Almost Always","Almost Always","Almost Always","Often","Sometimes","Often","Often","Often","Sometimes","Sometimes","Often","Not at all","Mildly - but it didn't bother me much","Not at all","Severely - it bothered me a lot","Severely - it bothered me a lot","Mildly - but it didn't bother me much","Moderately - it wasn't pleasant at times","Moderately - it wasn't pleasant at times","Severely - it bothered me a lot","Severely - it bothered me a lot","Not at all","Mildly - but it didn't bother me much","Mildly - but it didn't bother me much","Not at all","Not at all","Mildly - but it didn't bother me much","Severely - it bothered me a lot","Not at all","Mildly - but it didn't bother me much","Severely - it bothered me a lot","Mildly - but it didn't bother me much","1 - Not at all typical of me","3","3","3","3","4","4","2","2","2","2","5 - Very typical of me","4","4","3","3","4","Strongly Agree","Strongly Agree","Disagree","Strongly Agree","Strongly Agree","Disagree","Strongly Agree","Strongly Agree","Strongly Agree","Strongly Agree","Strongly Agree","Disagree","Disagree","Agree","Agree","Disagree","Disagree","Agree","Agree","Strongly Agree","Strongly Agree","Agree","Agree","Agree","Agree","Disagree","Disagree","Agree","Agree","Strongly Agree","Strongly Disagree","Agree","Neither Agree nor Disagree","Strongly Disagree","Strongly Agree","Strongly Agree","Disagree","Strongly Agree","Disagree","Disagree","Disagree","Agree","Agree","Disagree","Disagree","Agree","Strongly Agree","Research Participation: I consent to provide data from my research experience to researchers for analysis","Participation"
"12892","22","Female","3.8","Very much","Much","Very much","Very much","Very much","Very much","Very much","Much","Much","Much","Much","Much","A little","Much","Much","Very much","A little","Not at all","Not at all","Much","A little","A fair amount","A little","A fair amount","Not at all","A fair amount","Not at all","A fair amount","Not at all","A little","Not at all","7 - Corresponds exactly","7 - Corresponds exactly","7 - Corresponds exactly","3 - Corresponds a little","1 - Does not correspond at all","5 - Corresponds a lot","5 - Corresponds a lot","7 - Corresponds exactly","7 - Corresponds exactly","7 - Corresponds exactly","4 - Corresponds moderately","2","7 - Corresponds exactly","7 - Corresponds exactly","7 - Corresponds exactly","7 - Corresponds exactly","7 - Corresponds exactly","7 - Corresponds exactly","1 - Does not correspond at all","7 - Corresponds exactly","7 - Corresponds exactly","7 - Corresponds exactly","7 - Corresponds exactly","3 - Corresponds a little","7 - Corresponds exactly","1 - Does not correspond at all","7 - Corresponds exactly","7 - Corresponds exactly","Sometimes","Almost Always","Almost Always","Almost Always","Almost Always","Sometimes","Almost Always","Almost Never","Often","Almost Always","Almost Always","Almost Always","Almost Always","Almost Never","Sometimes","Almost Always","Almost Always","Almost Always","Often","Often","Almost Always","Moderately - it wasn't pleasant at times","Moderately - it wasn't pleasant at times","Moderately - it wasn't pleasant at times","Severely - it bothered me a lot","Severely - it bothered me a lot","Severely - it bothered me a lot","Moderately - it wasn't pleasant at times","Moderately - it wasn't pleasant at times","Not at all","Moderately - it wasn't pleasant at times","Not at all","Severely - it bothered me a lot","Severely - it bothered me a lot","Moderately - it wasn't pleasant at times","Mildly - but it didn't bother me much","Not at all","Mildly - but it didn't bother me much","Not at all","Severely - it bothered me a lot","Moderately - it wasn't pleasant at times","Mildly - but it didn't bother me much","1 - Not at all typical of me","5 - Very typical of me","5 - Very typical of me","5 - Very typical of me","5 - Very typical of me","5 - Very typical of me","5 - Very typical of me","1 - Not at all typical of me","4","1 - Not at all typical of me","2","5 - Very typical of me","3","5 - Very typical of me","5 - Very typical of me","5 - Very typical of me","4","Agree","Neither Agree nor Disagree","Disagree","Agree","Disagree","Disagree","Agree","Agree","Disagree","Agree","Agree","Agree","Strongly Disagree","Agree","Agree","Disagree","Disagree","Neither Agree nor Disagree","Agree","Agree","Agree","Strongly Agree","Strongly Agree","Agree","Strongly Agree","Strongly Disagree","Agree","Disagree","Agree","Strongly Agree","Strongly Agree","Agree","Neither Agree nor Disagree","Strongly Disagree","Agree","Neither Agree nor Disagree","Neither Agree nor Disagree","Strongly Disagree","Strongly Disagree","Strongly Disagree","Strongly Agree","Disagree","Disagree","Strongly Agree","Agree","Strongly Agree","Neither Agree nor Disagree","Research Participation: I consent to provide data from my research experience to researchers for analysis","Participation"
"15673","20","female ","99","Very much","Much","Much","Much","Much","Much","Much","Not at all","Not at all","A fair amount","Much","A little","Not at all","A little","Much","Not at all","Not at all","Not at all","Not at all","Not at all","Not at all","Not at all","Not at all","Not at all","Not at all","Not at all","Not at all","Not at all","Not at all","Not at all","Not at all","7 - Corresponds exactly","4 - Corresponds moderately","6","2","2","5 - Corresponds a lot","5 - Corresponds a lot","5 - Corresponds a lot","3 - Corresponds a little","5 - Corresponds a lot","2","1 - Does not correspond at all","4 - Corresponds moderately","5 - Corresponds a lot","7 - Corresponds exactly","4 - Corresponds moderately","5 - Corresponds a lot","1 - Does not correspond at all","2","6","7 - Corresponds exactly","7 - Corresponds exactly","5 - Corresponds a lot","6","2","2","2","5 - Corresponds a lot","Sometimes","Sometimes","Almost Always","Sometimes","Almost Never","Sometimes","Sometimes","Almost Never","Almost Always","Sometimes","Almost Always","Sometimes","Almost Always","Sometimes","Sometimes","Sometimes","Often","Almost Always","Often","Often","Sometimes","Not at all","Moderately - it wasn't pleasant at times","Moderately - it wasn't pleasant at times","Moderately - it wasn't pleasant at times","Moderately - it wasn't pleasant at times","Mildly - but it didn't bother me much","Moderately - it wasn't pleasant at times","Moderately - it wasn't pleasant at times","Mildly - but it didn't bother me much","Severely - it bothered me a lot","Mildly - but it didn't bother me much","Moderately - it wasn't pleasant at times","Moderately - it wasn't pleasant at times","Severely - it bothered me a lot","Mildly - but it didn't bother me much","Not at all","Mildly - but it didn't bother me much","Severely - it bothered me a lot","Moderately - it wasn't pleasant at times","Severely - it bothered me a lot","Moderately - it wasn't pleasant at times","1 - Not at all typical of me","1 - Not at all typical of me","1 - Not at all typical of me","5 - Very typical of me","4","4","4","2","4","2","3","5 - Very typical of me","4","4","4","4","4","Strongly Agree","Neither Agree nor Disagree","Disagree","Strongly Agree","Strongly Agree","Disagree","Strongly Agree","Strongly Agree","Strongly Agree","Strongly Agree","Agree","Disagree","Disagree","Strongly Agree","Agree","Disagree","Disagree","Strongly Agree","Agree","Agree","Agree","Strongly Agree","Agree","Strongly Agree","Strongly Agree","Disagree","Neither Agree nor Disagree","Neither Agree nor Disagree","Strongly Agree","Strongly Agree","Neither Agree nor Disagree","Agree","Disagree","Neither Agree nor Disagree","Agree","Strongly Agree","Neither Agree nor Disagree","Disagree","Strongly Agree","Strongly Agree","Strongly Agree","Strongly Agree","Strongly Agree","Disagree","Disagree","Disagree","Strongly Agree","Research Participation: I consent to provide data from my research experience to researchers for analysis","Participation"
"11523","22","Female","93","Very much","Much","Very much","Very much","Very much","Much","Much","A fair amount","A fair amount","A fair amount","A fair amount","A fair amount","A little","A little","A little","A little","Not at all","Not at all","Not at all","Not at all","Not at all","A little","Not at all","A little","A little","A little","Not at all","A little","Not at all","Not at all","Not at all","1 - Does not correspond at all","4 - Corresponds moderately","7 - Corresponds exactly","2","1 - Does not correspond at all","3 - Corresponds a little","4 - Corresponds moderately","6","6","7 - Corresponds exactly","2","1 - Does not correspond at all","6","7 - Corresponds exactly","7 - Corresponds exactly","7 - Corresponds exactly","7 - Corresponds exactly","1 - Does not correspond at all","1 - Does not correspond at all","7 - Corresponds exactly","7 - Corresponds exactly","7 - Corresponds exactly","7 - Corresponds exactly","7 - Corresponds exactly","3 - Corresponds a little","1 - Does not correspond at all","3 - Corresponds a little","7 - Corresponds exactly","Almost Never","Often","Often","Sometimes","Sometimes","Sometimes","Sometimes","Almost Never","Often","Almost Always","Almost Always","Almost Always","Almost Always","Often","Sometimes","Often","Often","Often","Sometimes","Almost Always","Sometimes","Not at all","Mildly - but it didn't bother me much","Mildly - but it didn't bother me much","Moderately - it wasn't pleasant at times","Severely - it bothered me a lot","Mildly - but it didn't bother me much","Mildly - but it didn't bother me much","Severely - it bothered me a lot","Severely - it bothered me a lot","Severely - it bothered me a lot","Mildly - but it didn't bother me much","Not at all","Mildly - but it didn't bother me much","Mildly - but it didn't bother me much","Mildly - but it didn't bother me much","Mildly - but it didn't bother me much","Mildly - but it didn't bother me much","Mildly - but it didn't bother me much","Moderately - it wasn't pleasant at times","Severely - it bothered me a lot","Not at all","1 - Not at all typical of me","5 - Very typical of me","1 - Not at all typical of me","5 - Very typical of me","5 - Very typical of me","5 - Very typical of me","5 - Very typical of me","5 - Very typical of me","5 - Very typical of me","1 - Not at all typical of me","1 - Not at all typical of me","5 - Very typical of me","5 - Very typical of me","5 - Very typical of me","5 - Very typical of me","5 - Very typical of me","5 - Very typical of me","Agree","Agree","Neither Agree nor Disagree","Agree","Neither Agree nor Disagree","Disagree","Agree","Agree","Agree","Agree","Neither Agree nor Disagree","Do Not Recall","Do Not Recall","Do Not Recall","Agree","Disagree","Neither Agree nor Disagree","Neither Agree nor Disagree","Agree","Agree","Neither Agree nor Disagree","Do Not Recall","Agree","Strongly Agree","Strongly Agree","Neither Agree nor Disagree","Strongly Agree","Agree","Agree","Strongly Agree","Strongly Disagree","Agree","Neither Agree nor Disagree","Agree","Agree","Agree","Agree","Disagree","Disagree","Neither Agree nor Disagree","Neither Agree nor Disagree","Agree","Neither Agree nor Disagree","Agree","Neither Agree nor Disagree","Agree","Neither Agree nor Disagree","Research Participation: I consent to provide data from my research experience to researchers for analysis","Participation"
"17491","20","Male","80","Much","Very much","Much","Very much","Much","Very much","Much","Very much","A fair amount","A fair amount","Much","Much","A fair amount","A fair amount","A fair amount","Not at all","Not at all","Not at all","Not at all","Not at all","Not at all","Not at all","Not at all","Not at all","Not at all","Not at all","Not at all","Not at all","Not at all","Not at all","Not at all","1 - Does not correspond at all","3 - Corresponds a little","7 - Corresponds exactly","5 - Corresponds a lot","3 - Corresponds a little","4 - Corresponds moderately","5 - Corresponds a lot","7 - Corresponds exactly","5 - Corresponds a lot","5 - Corresponds a lot","4 - Corresponds moderately","4 - Corresponds moderately","4 - Corresponds moderately","4 - Corresponds moderately","4 - Corresponds moderately","4 - Corresponds moderately","4 - Corresponds moderately","4 - Corresponds moderately","4 - Corresponds moderately","4 - Corresponds moderately","4 - Corresponds moderately","4 - Corresponds moderately","4 - Corresponds moderately","5 - Corresponds a lot","4 - Corresponds moderately","4 - Corresponds moderately","4 - Corresponds moderately","4 - Corresponds moderately","Sometimes","Often","Often","Sometimes","Sometimes","Often","Often","Almost Never","Often","Often","Often","Often","Often","Almost Always","Often","Often","Often","Often","Often","Almost Always","Almost Always","Moderately - it wasn't pleasant at times","Moderately - it wasn't pleasant at times","Moderately - it wasn't pleasant at times","Moderately - it wasn't pleasant at times","Moderately - it wasn't pleasant at times","Mildly - but it didn't bother me much","Moderately - it wasn't pleasant at times","Severely - it bothered me a lot","Moderately - it wasn't pleasant at times","Moderately - it wasn't pleasant at times","Moderately - it wasn't pleasant at times","Moderately - it wasn't pleasant at times","Moderately - it wasn't pleasant at times","Moderately - it wasn't pleasant at times","Not at all","Not at all","Mildly - but it didn't bother me much","Not at all","Not at all","Not at all","Mildly - but it didn't bother me much","1 - Not at all typical of me","5 - Very typical of me","2","3","3","4","4","2","3","3","3","3","3","3","3","3","3","Neither Agree nor Disagree","Neither Agree nor Disagree","Disagree","Agree","Neither Agree nor Disagree","Disagree","Agree","Neither Agree nor Disagree","Disagree","Neither Agree nor Disagree","Neither Agree nor Disagree","Agree","Neither Agree nor Disagree","Disagree","Disagree","Neither Agree nor Disagree","Neither Agree nor Disagree","Disagree","Disagree","Neither Agree nor Disagree","Agree","Disagree","Disagree","Disagree","Disagree","Neither Agree nor Disagree","Strongly Agree","Agree","Neither Agree nor Disagree","Neither Agree nor Disagree","Disagree","Agree","Neither Agree nor Disagree","Agree","Agree","Agree","Agree","Disagree","Agree","Agree","Neither Agree nor Disagree","Agree","Neither Agree nor Disagree","Agree","Agree","Agree","Neither Agree nor Disagree","Research Participation: I consent to provide data from my research experience to researchers for analysis","Participation"
"11361","22","female","85","A fair amount","A little","A little","A fair amount","A fair amount","Not at all","A fair amount","Much","A fair amount","A fair amount","A fair amount","A fair amount","A little","A fair amount","A little","A little","Not at all","Not at all","Not at all","Not at all","Not at all","A little","Not at all","Not at all","Not at all","Not at all","Not at all","A little","Not at all","Not at all","","7 - Corresponds exactly","5 - Corresponds a lot","7 - Corresponds exactly","1 - Does not correspond at all","1 - Does not correspond at all","1 - Does not correspond at all","6","6","5 - Corresponds a lot","6","6","1 - Does not correspond at all","6","6","6","7 - Corresponds exactly","7 - Corresponds exactly","7 - Corresponds exactly","1 - Does not correspond at all","7 - Corresponds exactly","7 - Corresponds exactly","5 - Corresponds a lot","6","6","1 - Does not correspond at all","1 - Does not correspond at all","5 - Corresponds a lot","6","Sometimes","Sometimes","Almost Never","Sometimes","Sometimes","Almost Never","Almost Never","Almost Never","Sometimes","Almost Never","Sometimes","Sometimes","Sometimes","Almost Never","Almost Never","Almost Never","Almost Never","Often","Almost Never","Almost Never","Sometimes","Not at all","Mildly - but it didn't bother me much","Not at all","Moderately - it wasn't pleasant at times","Moderately - it wasn't pleasant at times","Not at all","Mildly - but it didn't bother me much","Not at all","Not at all","Moderately - it wasn't pleasant at times","Mildly - but it didn't bother me much","Not at all","Not at all","Not at all","Mildly - but it didn't bother me much","Not at all","Mildly - but it didn't bother me much","Not at all","Not at all","Mildly - but it didn't bother me much","Not at all","1 - Not at all typical of me","4","1 - Not at all typical of me","3","3","3","4","2","4","1 - Not at all typical of me","3","5 - Very typical of me","4","4","2","3","4","Strongly Agree","Agree","Agree","Agree","Disagree","Strongly Disagree","Agree","Strongly Agree","Strongly Agree","Strongly Agree","Strongly Agree","Disagree","Strongly Disagree","Strongly Disagree","Agree","Strongly Disagree","Strongly Disagree","Agree","Agree","Agree","Strongly Agree","Strongly Agree","Agree","Neither Agree nor Disagree","Neither Agree nor Disagree","Strongly Disagree","Agree","Strongly Agree","Agree","Agree","Strongly Disagree","Agree","Disagree","Neither Agree nor Disagree","Agree","Agree","Agree","Strongly Disagree","Neither Agree nor Disagree","Neither Agree nor Disagree","Neither Agree nor Disagree","Agree","Agree","Disagree","Neither Agree nor Disagree","Disagree","Agree","Research Participation: I consent to provide data from my research experience to researchers for analysis","Participation"
"14400","20","male","96","A fair amount","A little","A fair amount","A fair amount","A fair amount","Not at all","A little","A little","A fair amount","A little","A fair amount","A fair amount","Not at all","A fair amount","Not at all","Not at all","Not at all","Not at all","Not at all","A little","Not at all","A little","Not at all","A little","A little","A little","Not at all","Not at all","Not at all","Not at all","Not at all","5 - Corresponds a lot","4 - Corresponds moderately","7 - Corresponds exactly","1 - Does not correspond at all","3 - Corresponds a little","1 - Does not correspond at all","5 - Corresponds a lot","7 - Corresponds exactly","1 - Does not correspond at all","7 - Corresponds exactly","1 - Does not correspond at all","1 - Does not correspond at all","4 - Corresponds moderately","3 - Corresponds a little","7 - Corresponds exactly","4 - Corresponds moderately","3 - Corresponds a little","1 - Does not correspond at all","1 - Does not correspond at all","6","2","7 - Corresponds exactly","3 - Corresponds a little","1 - Does not correspond at all","1 - Does not correspond at all","1 - Does not correspond at all","1 - Does not correspond at all","4 - Corresponds moderately","Sometimes","Sometimes","Almost Never","Sometimes","Almost Never","Almost Never","Sometimes","Almost Never","Almost Always","Often","Almost Never","Often","Almost Always","Sometimes","Almost Never","Almost Never","Often","Almost Never","Almost Never","Almost Never","Sometimes","Not at all","Mildly - but it didn't bother me much","Not at all","Mildly - but it didn't bother me much","Mildly - but it didn't bother me much","Not at all","Not at all","Mildly - but it didn't bother me much","Not at all","Not at all","Not at all","Not at all","Mildly - but it didn't bother me much","Not at all","Not at all","Not at all","Mildly - but it didn't bother me much","Mildly - but it didn't bother me much","Not at all","Mildly - but it didn't bother me much","Not at all","1 - Not at all typical of me","1 - Not at all typical of me","3","2","1 - Not at all typical of me","3","1 - Not at all typical of me","4","5 - Very typical of me","1 - Not at all typical of me","4","5 - Very typical of me","1 - Not at all typical of me","2","1 - Not at all typical of me","1 - Not at all typical of me","4","Strongly Agree","Neither Agree nor Disagree","Agree","Agree","Disagree","Strongly Disagree","Disagree","Agree","Neither Agree nor Disagree","Agree","Strongly Agree","Strongly Disagree","Disagree","Strongly Agree","Agree","Strongly Disagree","Disagree","Agree","Agree","Neither Agree nor Disagree","Strongly Agree","Strongly Agree","Strongly Agree","Disagree","Strongly Agree","Strongly Disagree","Strongly Agree","Disagree","Disagree","Strongly Agree","Disagree","Agree","Disagree","Disagree","Strongly Agree","Strongly Agree","Disagree","Strongly Disagree","Neither Agree nor Disagree","Agree","Strongly Agree","Strongly Agree","Disagree","Strongly Agree","Agree","Strongly Agree","Strongly Agree","Research Participation: I consent to provide data from my research experience to researchers for analysis","Participation"
"17492","21","Female ","94","Very much","Much","Very much","Very much","Very much","Very much","Very much","Very much","Very much","A fair amount","A fair amount","Much","A little","Much","A fair amount","A fair amount","A fair amount","A fair amount","A fair amount","A fair amount","A little","A little","A fair amount","A fair amount","A fair amount","A little","A fair amount","A fair amount","A fair amount","A fair amount","Not at all","3 - Corresponds a little","5 - Corresponds a lot","7 - Corresponds exactly","5 - Corresponds a lot","1 - Does not correspond at all","5 - Corresponds a lot","5 - Corresponds a lot","7 - Corresponds exactly","5 - Corresponds a lot","7 - Corresponds exactly","3 - Corresponds a little","1 - Does not correspond at all","4 - Corresponds moderately","4 - Corresponds moderately","7 - Corresponds exactly","5 - Corresponds a lot","7 - Corresponds exactly","4 - Corresponds moderately","1 - Does not correspond at all","4 - Corresponds moderately","2","5 - Corresponds a lot","7 - Corresponds exactly","7 - Corresponds exactly","5 - Corresponds a lot","1 - Does not correspond at all","7 - Corresponds exactly","7 - Corresponds exactly","Sometimes","Often","Often","Sometimes","Sometimes","Almost Always","Sometimes","Almost Never","Sometimes","Sometimes","Sometimes","Sometimes","Almost Always","Sometimes","Sometimes","Sometimes","Sometimes","Almost Always","Often","Almost Always","Sometimes","Mildly - but it didn't bother me much","Mildly - but it didn't bother me much","Not at all","Moderately - it wasn't pleasant at times","Moderately - it wasn't pleasant at times","Not at all","Mildly - but it didn't bother me much","Mildly - but it didn't bother me much","Moderately - it wasn't pleasant at times","Moderately - it wasn't pleasant at times","Not at all","Mildly - but it didn't bother me much","Mildly - but it didn't bother me much","Mildly - but it didn't bother me much","Not at all","Not at all","Mildly - but it didn't bother me much","Not at all","Mildly - but it didn't bother me much","Mildly - but it didn't bother me much","Mildly - but it didn't bother me much","1 - Not at all typical of me","4","1 - Not at all typical of me","5 - Very typical of me","4","3","3","2","3","1 - Not at all typical of me","2","5 - Very typical of me","3","3","3","3","5 - Very typical of me","Agree","Agree","Disagree","Agree","Disagree","Disagree","Disagree","Agree","Neither Agree nor Disagree","Agree","Agree","Agree","Disagree","Agree","Agree","Disagree","Disagree","Agree","Agree","Agree","Agree","Neither Agree nor Disagree","Agree","Agree","Agree","Disagree","Agree","Disagree","Disagree","Agree","Neither Agree nor Disagree","Agree","Neither Agree nor Disagree","Disagree","Agree","Agree","Neither Agree nor Disagree","Disagree","Neither Agree nor Disagree","Agree","Neither Agree nor Disagree","Agree","Agree","Neither Agree nor Disagree","Disagree","Agree","Neither Agree nor Disagree","Research Participation: I consent to provide data from my research experience to researchers for analysis","Participation"
"14426","24","Male","80 percent","A little","A little","A fair amount","A little","Not at all","Much","A little","A fair amount","A little","A little","A fair amount","A fair amount","A little","A little","A little","A little","A little","A little","A little","A little","A little","A little","A little","A little","A little","A little","A little","A little","A little","A little","Not at all","","","","","","","","","","","","","","","","","1 - Does not correspond at all","2","3 - Corresponds a little","4 - Corresponds moderately","3 - Corresponds a little","3 - Corresponds a little","4 - Corresponds moderately","3 - Corresponds a little","2","2","3 - Corresponds a little","2","Sometimes","Often","Often","Sometimes","Sometimes","Sometimes","Sometimes","Sometimes","Almost Never","Sometimes","Sometimes","Almost Never","Sometimes","Almost Never","Sometimes","Sometimes","Sometimes","Almost Never","Sometimes","Sometimes","Sometimes","Moderately - it wasn't pleasant at times","Not at all","Moderately - it wasn't pleasant at times","Severely - it bothered me a lot","Severely - it bothered me a lot","Moderately - it wasn't pleasant at times","Severely - it bothered me a lot","Moderately - it wasn't pleasant at times","Moderately - it wasn't pleasant at times","Severely - it bothered me a lot","Severely - it bothered me a lot","Moderately - it wasn't pleasant at times","Severely - it bothered me a lot","Severely - it bothered me a lot","Moderately - it wasn't pleasant at times","Moderately - it wasn't pleasant at times","Moderately - it wasn't pleasant at times","Moderately - it wasn't pleasant at times","Moderately - it wasn't pleasant at times","Moderately - it wasn't pleasant at times","Not at all","5 - Very typical of me","1 - Not at all typical of me","1 - Not at all typical of me","2","3","1 - Not at all typical of me","3","2","3","3","1 - Not at all typical of me","2","1 - Not at all typical of me","2","2","2","3","Agree","Strongly Agree","Disagree","Strongly Agree","Agree","Strongly Disagree","Neither Agree nor Disagree","Agree","Neither Agree nor Disagree","Neither Agree nor Disagree","Agree","Neither Agree nor Disagree","Disagree","Disagree","Agree","Agree","Neither Agree nor Disagree","Neither Agree nor Disagree","Neither Agree nor Disagree","Strongly Agree","Agree","Neither Agree nor Disagree","Agree","Neither Agree nor Disagree","Agree","Neither Agree nor Disagree","Strongly Agree","Agree","Strongly Agree","Strongly Agree","Disagree","Disagree","Neither Agree nor Disagree","Agree","Agree","Neither Agree nor Disagree","Agree","Disagree","Agree","Agree","Strongly Agree","Neither Agree nor Disagree","Agree","Neither Agree nor Disagree","Agree","Strongly Agree","Agree","Research Participation: I consent to provide data from my research experience to researchers for analysis","Participation"
"10823","21","Female ","90","Much","A fair amount","A fair amount","A fair amount","Much","A fair amount","A fair amount","A fair amount","Much","A fair amount","A fair amount","Much","A little","Much","A fair amount","A fair amount","A little","Not at all","A little","Not at all","A little","A fair amount","A little","A little","A little","A little","A little","A fair amount","A little","A little","Not at all","4 - Corresponds moderately","7 - Corresponds exactly","7 - Corresponds exactly","4 - Corresponds moderately","1 - Does not correspond at all","3 - Corresponds a little","7 - Corresponds exactly","4 - Corresponds moderately","7 - Corresponds exactly","7 - Corresponds exactly","4 - Corresponds moderately","1 - Does not correspond at all","7 - Corresponds exactly","7 - Corresponds exactly","6","7 - Corresponds exactly","7 - Corresponds exactly","3 - Corresponds a little","1 - Does not correspond at all","7 - Corresponds exactly","7 - Corresponds exactly","4 - Corresponds moderately","7 - Corresponds exactly","4 - Corresponds moderately","4 - Corresponds moderately","1 - Does not correspond at all","7 - Corresponds exactly","7 - Corresponds exactly","Sometimes","Almost Never","Sometimes","Sometimes","Sometimes","Almost Never","Sometimes","Almost Never","Often","Often","Sometimes","Sometimes","Sometimes","Almost Never","Almost Never","Often","Often","Sometimes","Often","Sometimes","Sometimes","Not at all","Mildly - but it didn't bother me much","Mildly - but it didn't bother me much","Moderately - it wasn't pleasant at times","Moderately - it wasn't pleasant at times","Not at all","Mildly - but it didn't bother me much","Mildly - but it didn't bother me much","Mildly - but it didn't bother me much","Mildly - but it didn't bother me much","Not at all","Not at all","Not at all","Not at all","Not at all","Not at all","Mildly - but it didn't bother me much","Not at all","Not at all","Not at all","Not at all","2","5 - Very typical of me","1 - Not at all typical of me","5 - Very typical of me","5 - Very typical of me","5 - Very typical of me","5 - Very typical of me","1 - Not at all typical of me","5 - Very typical of me","1 - Not at all typical of me","1 - Not at all typical of me","5 - Very typical of me","4","5 - Very typical of me","4","5 - Very typical of me","5 - Very typical of me","Strongly Agree","Strongly Agree","Disagree","Strongly Agree","Neither Agree nor Disagree","Disagree","Disagree","Strongly Agree","Strongly Agree","Strongly Agree","Strongly Agree","Disagree","Disagree","Disagree","Agree","Strongly Disagree","Disagree","Strongly Agree","Strongly Agree","Strongly Agree","Neither Agree nor Disagree","Strongly Agree","Strongly Agree","Disagree","Strongly Agree","Disagree","Neither Agree nor Disagree","Disagree","Agree","Agree","Neither Agree nor Disagree","Agree","Neither Agree nor Disagree","Disagree","Agree","Agree","Disagree","Disagree","Agree","Neither Agree nor Disagree","Agree","Agree","Agree","Neither Agree nor Disagree","Agree","Agree","Agree","Research Participation: I consent to provide data from my research experience to researchers for analysis","Participation"
"15499","23","female ","98","Very much","A fair amount","Very much","Very much","Very much","A fair amount","A little","A fair amount","A fair amount","Very much","Very much","Very much","A little","A fair amount","A fair amount","Very much","A little","A little","Not at all","Not at all","A little","A fair amount","Much","Very much","Very much","Much","Not at all","A fair amount","A little","Very much","Not at all","1 - Does not correspond at all","3 - Corresponds a little","7 - Corresponds exactly","1 - Does not correspond at all","1 - Does not correspond at all","1 - Does not correspond at all","7 - Corresponds exactly","7 - Corresponds exactly","1 - Does not correspond at all","7 - Corresponds exactly","1 - Does not correspond at all","1 - Does not correspond at all","3 - Corresponds a little","1 - Does not correspond at all","7 - Corresponds exactly","5 - Corresponds a lot","1 - Does not correspond at all","1 - Does not correspond at all","1 - Does not correspond at all","1 - Does not correspond at all","1 - Does not correspond at all","7 - Corresponds exactly","1 - Does not correspond at all","1 - Does not correspond at all","1 - Does not correspond at all","1 - Does not correspond at all","1 - Does not correspond at all","5 - Corresponds a lot","Almost Never","Often","Sometimes","Sometimes","Sometimes","Almost Always","Often","Almost Never","Often","Almost Always","Often","Often","Almost Always","Often","Almost Always","Almost Always","Almost Always","Almost Always","Almost Always","Often","Almost Always","Moderately - it wasn't pleasant at times","","Not at all","Severely - it bothered me a lot","","Moderately - it wasn't pleasant at times","Severely - it bothered me a lot","Mildly - but it didn't bother me much","Not at all","Severely - it bothered me a lot","Not at all","Moderately - it wasn't pleasant at times","Moderately - it wasn't pleasant at times","Severely - it bothered me a lot","Moderately - it wasn't pleasant at times","Severely - it bothered me a lot","Mildly - but it didn't bother me much","Mildly - but it didn't bother me much","Moderately - it wasn't pleasant at times","","Moderately - it wasn't pleasant at times","1 - Not at all typical of me","5 - Very typical of me","1 - Not at all typical of me","5 - Very typical of me","5 - Very typical of me","5 - Very typical of me","5 - Very typical of me","1 - Not at all typical of me","5 - Very typical of me","1 - Not at all typical of me","1 - Not at all typical of me","5 - Very typical of me","5 - Very typical of me","5 - Very typical of me","4","5 - Very typical of me","5 - Very typical of me","Strongly Agree","Disagree","Disagree","Strongly Agree","Strongly Agree","Strongly Disagree","Agree","Strongly Agree","Strongly Agree","Strongly Agree","Agree","Disagree","Strongly Disagree","Strongly Disagree","Strongly Agree","Strongly Disagree","Strongly Disagree","Strongly Agree","Strongly Agree","Strongly Agree","Strongly Agree","Strongly Agree","Strongly Agree","Strongly Agree","Strongly Agree","Strongly Disagree","Agree","Strongly Disagree","Disagree","Strongly Agree","Strongly Agree","Agree","Neither Agree nor Disagree","Disagree","Neither Agree nor Disagree","Disagree","Agree","Agree","Neither Agree nor Disagree","Neither Agree nor Disagree","Agree","Agree","Neither Agree nor Disagree","Neither Agree nor Disagree","Strongly Disagree","Agree","Neither Agree nor Disagree","Research Participation: I consent to provide data from my research experience to researchers for analysis","Participation"
"6205","21","male","80","A fair amount","Very much","Much","A fair amount","A fair amount","Much","Very much","Very much","A fair amount","A fair amount","A fair amount","A fair amount","A fair amount","A fair amount","Much","Not at all","Not at all","Not at all","Not at all","Not at all","Not at all","A fair amount","Not at all","Not at all","Not at all","Not at all","Not at all","Not at all","Not at all","Not at all","Not at all","4 - Corresponds moderately","3 - Corresponds a little","5 - Corresponds a lot","1 - Does not correspond at all","3 - Corresponds a little","3 - Corresponds a little","3 - Corresponds a little","5 - Corresponds a lot","3 - Corresponds a little","5 - Corresponds a lot","1 - Does not correspond at all","1 - Does not correspond at all","3 - Corresponds a little","5 - Corresponds a lot","5 - Corresponds a lot","3 - Corresponds a little","5 - Corresponds a lot","1 - Does not correspond at all","1 - Does not correspond at all","3 - Corresponds a little","3 - Corresponds a little","5 - Corresponds a lot","3 - Corresponds a little","5 - Corresponds a lot","1 - Does not correspond at all","1 - Does not correspond at all","3 - Corresponds a little","4 - Corresponds moderately","Sometimes","Often","Often","Sometimes","Almost Never","Almost Never","Sometimes","Almost Never","Sometimes","Sometimes","Often","Sometimes","Often","Sometimes","Sometimes","Sometimes","Sometimes","Sometimes","Sometimes","Sometimes","Sometimes","Not at all","Mildly - but it didn't bother me much","Mildly - but it didn't bother me much","Mildly - but it didn't bother me much","Mildly - but it didn't bother me much","Not at all","Moderately - it wasn't pleasant at times","Mildly - but it didn't bother me much","Moderately - it wasn't pleasant at times","Moderately - it wasn't pleasant at times","Mildly - but it didn't bother me much","Moderately - it wasn't pleasant at times","Moderately - it wasn't pleasant at times","Mildly - but it didn't bother me much","Moderately - it wasn't pleasant at times","Not at all","Moderately - it wasn't pleasant at times","Mildly - but it didn't bother me much","Not at all","Mildly - but it didn't bother me much","Mildly - but it didn't bother me much","3","3","2","2","2","4","3","3","2","2","3","5 - Very typical of me","2","3","2","2","3","Agree","Agree","Agree","Agree","Neither Agree nor Disagree","Neither Agree nor Disagree","Neither Agree nor Disagree","Agree","Agree","Agree","Neither Agree nor Disagree","Neither Agree nor Disagree","Neither Agree nor Disagree","Agree","Neither Agree nor Disagree","Agree","Neither Agree nor Disagree","Neither Agree nor Disagree","Agree","Agree","Agree","Neither Agree nor Disagree","Neither Agree nor Disagree","Neither Agree nor Disagree","Neither Agree nor Disagree","Neither Agree nor Disagree","Agree","Neither Agree nor Disagree","Agree","Agree","Disagree","Agree","Neither Agree nor Disagree","Neither Agree nor Disagree","Agree","Agree","Neither Agree nor Disagree","Neither Agree nor Disagree","Agree","Neither Agree nor Disagree","Agree","Agree","Agree","Neither Agree nor Disagree","Agree","Agree","Neither Agree nor Disagree","Research Participation: I consent to provide data from my research experience to researchers for analysis","Participation"
"13029","19","female ","90%","Very much","A fair amount","Very much","Very much","Very much","Very much","Not at all","Not at all","Not at all","A little","Not at all","A fair amount","A fair amount","Much","A little","Not at all","Not at all","Not at all","Not at all","Not at all","Not at all","Not at all","Not at all","A little","Not at all","Not at all","Not at all","Not at all","Not at all","Not at all","Not at all","7 - Corresponds exactly","4 - Corresponds moderately","7 - Corresponds exactly","2","1 - Does not correspond at all","2","3 - Corresponds a little","7 - Corresponds exactly","2","7 - Corresponds exactly","2","1 - Does not correspond at all","2","4 - Corresponds moderately","7 - Corresponds exactly","4 - Corresponds moderately","7 - Corresponds exactly","1 - Does not correspond at all","1 - Does not correspond at all","3 - Corresponds a little","4 - Corresponds moderately","7 - Corresponds exactly","4 - Corresponds moderately","7 - Corresponds exactly","3 - Corresponds a little","1 - Does not correspond at all","2","3 - Corresponds a little","Sometimes","Often","Sometimes","Almost Never","Almost Never","Almost Never","Almost Never","Almost Never","Sometimes","Sometimes","Often","Sometimes","Almost Always","Almost Never","Almost Never","Sometimes","Often","Sometimes","Sometimes","Sometimes","Sometimes","Not at all","Moderately - it wasn't pleasant at times","Mildly - but it didn't bother me much","Moderately - it wasn't pleasant at times","Moderately - it wasn't pleasant at times","Mildly - but it didn't bother me much","Moderately - it wasn't pleasant at times","Mildly - but it didn't bother me much","Mildly - but it didn't bother me much","Severely - it bothered me a lot","Not at all","Mildly - but it didn't bother me much","Mildly - but it didn't bother me much","Not at all","Mildly - but it didn't bother me much","Moderately - it wasn't pleasant at times","Moderately - it wasn't pleasant at times","Mildly - but it didn't bother me much","Moderately - it wasn't pleasant at times","Moderately - it wasn't pleasant at times","Severely - it bothered me a lot","2","5 - Very typical of me","1 - Not at all typical of me","2","5 - Very typical of me","1 - Not at all typical of me","5 - Very typical of me","1 - Not at all typical of me","1 - Not at all typical of me","1 - Not at all typical of me","2","5 - Very typical of me","5 - Very typical of me","5 - Very typical of me","4","4","4","Strongly Agree","Strongly Agree","Disagree","Strongly Agree","Strongly Agree","Strongly Disagree","Strongly Agree","Strongly Agree","Strongly Agree","Strongly Agree","Agree","Strongly Disagree","Strongly Disagree","Strongly Agree","Strongly Agree","Agree","Disagree","Strongly Agree","Strongly Agree","Strongly Agree","Strongly Agree","Strongly Agree","Strongly Agree","Strongly Agree","Strongly Agree","Strongly Disagree","Strongly Agree","Agree","Strongly Agree","Strongly Agree","Strongly Disagree","Agree","Disagree","Strongly Agree","Strongly Agree","Strongly Agree","Strongly Agree","Strongly Disagree","Disagree","Disagree","Strongly Agree","Strongly Agree","Neither Agree nor Disagree","Strongly Agree","Strongly Disagree","Agree","Disagree","Research Participation: I consent to provide data from my research experience to researchers for analysis","Participation"
"18297","19","Female","98%","A little","Not at all","A little","A little","A fair amount","A little","A fair amount","Not at all","Much","A little","A little","A little","A little","Not at all","Not at all","A little","Not at all","Not at all","Not at all","Not at all","Not at all","Not at all","Not at all","Not at all","Not at all","Not at all","Not at all","A little","Not at all","Not at all","Not at all","7 - Corresponds exactly","6","7 - Corresponds exactly","5 - Corresponds a lot","1 - Does not correspond at all","6","4 - Corresponds moderately","7 - Corresponds exactly","6","7 - Corresponds exactly","3 - Corresponds a little","2","7 - Corresponds exactly","6","7 - Corresponds exactly","6","7 - Corresponds exactly","3 - Corresponds a little","1 - Does not correspond at all","5 - Corresponds a lot","7 - Corresponds exactly","7 - Corresponds exactly","6","4 - Corresponds moderately","5 - Corresponds a lot","1 - Does not correspond at all","7 - Corresponds exactly","7 - Corresponds exactly","Almost Always","Almost Never","Almost Never","Almost Never","Almost Never","Sometimes","Sometimes","Almost Never","","Almost Never","Sometimes","Almost Never","Almost Never","Almost Never","Almost Never","Almost Never","Almost Never","Almost Never","Almost Never","Almost Never","Almost Never","Not at all","Moderately - it wasn't pleasant at times","Mildly - but it didn't bother me much","Moderately - it wasn't pleasant at times","Not at all","Moderately - it wasn't pleasant at times","Mildly - but it didn't bother me much","Not at all","Not at all","Mildly - but it didn't bother me much","Not at all","Mildly - but it didn't bother me much","Mildly - but it didn't bother me much","Not at all","Mildly - but it didn't bother me much","Not at all","Not at all","Severely - it bothered me a lot","Not at all","Mildly - but it didn't bother me much","Mildly - but it didn't bother me much","5 - Very typical of me","4","5 - Very typical of me","2","1 - Not at all typical of me","2","1 - Not at all typical of me","5 - Very typical of me","1 - Not at all typical of me","3","5 - Very typical of me","5 - Very typical of me","2","2","1 - Not at all typical of me","1 - Not at all typical of me","2","Strongly Agree","Agree","Disagree","Agree","Strongly Agree","Disagree","Strongly Agree","Strongly Agree","Strongly Agree","Strongly Agree","Agree","Neither Agree nor Disagree","Strongly Disagree","Agree","Agree","Disagree","Strongly Disagree","Neither Agree nor Disagree","Agree","Agree","Strongly Agree","Strongly Agree","Agree","Strongly Agree","Strongly Agree","Strongly Disagree","Strongly Agree","Neither Agree nor Disagree","Strongly Agree","Strongly Agree","Disagree","Agree","Strongly Disagree","Neither Agree nor Disagree","Strongly Agree","Strongly Agree","Strongly Agree","Strongly Disagree","Agree","Agree","Strongly Agree","Strongly Agree","Agree","Neither Agree nor Disagree","Disagree","Disagree","Strongly Agree","Research Participation: I consent to provide data from my research experience to researchers for analysis","Participation"
"18296","18","Female","90","Very much","A fair amount","Very much","Very much","Very much","Very much","Very much","Very much","Very much","Very much","Very much","Much","A little","Very much","Very much","Not at all","Not at all","Not at all","Not at all","A fair amount","Not at all","A fair amount","A little","A little","A fair amount","A fair amount","Not at all","A little","Not at all","A little","Not at all","2","3 - Corresponds a little","7 - Corresponds exactly","2","1 - Does not correspond at all","3 - Corresponds a little","7 - Corresponds exactly","7 - Corresponds exactly","2","7 - Corresponds exactly","2","1 - Does not correspond at all","3 - Corresponds a little","5 - Corresponds a lot","5 - Corresponds a lot","5 - Corresponds a lot","6","2","1 - Does not correspond at all","2","4 - Corresponds moderately","4 - Corresponds moderately","5 - Corresponds a lot","2","2","1 - Does not correspond at all","6","6","Sometimes","Sometimes","Almost Never","Sometimes","Sometimes","Sometimes","Almost Always","Almost Never","Sometimes","Almost Never","Almost Always","Sometimes","Almost Always","Almost Always","Often","Sometimes","Almost Always","Almost Always","Almost Always","Almost Always","Almost Always","Moderately - it wasn't pleasant at times","Moderately - it wasn't pleasant at times","Mildly - but it didn't bother me much","Severely - it bothered me a lot","Severely - it bothered me a lot","Severely - it bothered me a lot","Severely - it bothered me a lot","Severely - it bothered me a lot","Severely - it bothered me a lot","Severely - it bothered me a lot","Severely - it bothered me a lot","Mildly - but it didn't bother me much","Mildly - but it didn't bother me much","Mildly - but it didn't bother me much","Mildly - but it didn't bother me much","Not at all","Severely - it bothered me a lot","Severely - it bothered me a lot","Severely - it bothered me a lot","Severely - it bothered me a lot","Severely - it bothered me a lot","1 - Not at all typical of me","1 - Not at all typical of me","1 - Not at all typical of me","5 - Very typical of me","5 - Very typical of me","5 - Very typical of me","5 - Very typical of me","5 - Very typical of me","4","1 - Not at all typical of me","1 - Not at all typical of me","5 - Very typical of me","5 - Very typical of me","5 - Very typical of me","5 - Very typical of me","5 - Very typical of me","5 - Very typical of me","Agree","Agree","Neither Agree nor Disagree","Agree","Agree","Disagree","Agree","Agree","Agree","Agree","Agree","Neither Agree nor Disagree","Disagree","Neither Agree nor Disagree","Agree","Disagree","Neither Agree nor Disagree","Agree","Agree","Agree","Neither Agree nor Disagree","Neither Agree nor Disagree","Agree","Agree","Agree","Disagree","Strongly Agree","Neither Agree nor Disagree","Agree","Strongly Agree","Neither Agree nor Disagree","Agree","Neither Agree nor Disagree","Agree","Strongly Agree","Strongly Agree","Agree","Disagree","Agree","Agree","Neither Agree nor Disagree","Agree","Agree","Neither Agree nor Disagree","Agree","Disagree","Agree","Research Participation: I consent to provide data from my research experience to researchers for analysis","Participation"
"11472","39","Male","85","Much","Much","Much","Much","Much","A fair amount","A fair amount","A fair amount","A fair amount","Much","A fair amount","A fair amount","A little","A fair amount","A fair amount","A fair amount","Not at all","Not at all","Not at all","Much","A little","A fair amount","Much","Much","A fair amount","A little","Not at all","A little","Not at all","A little","Not at all","6","6","7 - Corresponds exactly","2","1 - Does not correspond at all","2","2","6","4 - Corresponds moderately","6","3 - Corresponds a little","1 - Does not correspond at all","1 - Does not correspond at all","1 - Does not correspond at all","6","5 - Corresponds a lot","5 - Corresponds a lot","4 - Corresponds moderately","1 - Does not correspond at all","3 - Corresponds a little","1 - Does not correspond at all","6","4 - Corresponds moderately","6","4 - Corresponds moderately","1 - Does not correspond at all","3 - Corresponds a little","1 - Does not correspond at all","Sometimes","Sometimes","Often","Almost Never","Almost Never","Almost Never","Sometimes","Almost Never","Almost Never","Almost Never","Sometimes","Sometimes","Often","Often","Sometimes","Sometimes","Sometimes","Almost Never","Almost Never","Often","Almost Never","Not at all","Mildly - but it didn't bother me much","Mildly - but it didn't bother me much","Moderately - it wasn't pleasant at times","Not at all","Not at all","Mildly - but it didn't bother me much","Not at all","Not at all","Mildly - but it didn't bother me much","Not at all","Not at all","Not at all","Not at all","Not at all","Not at all","Not at all","Mildly - but it didn't bother me much","Not at all","Not at all","Not at all","3","2","4","4","4","2","4","3","2","2","4","5 - Very typical of me","3","3","2","2","4","Agree","Agree","Disagree","Strongly Agree","Disagree","Neither Agree nor Disagree","Disagree","Neither Agree nor Disagree","Agree","Neither Agree nor Disagree","Agree","Agree","Neither Agree nor Disagree","Do Not Recall","Disagree","Strongly Disagree","Disagree","Neither Agree nor Disagree","Agree","Disagree","Neither Agree nor Disagree","Agree","Disagree","Disagree","Neither Agree nor Disagree","Strongly Disagree","Agree","Disagree","Disagree","Agree","Agree","Agree","Strongly Disagree","Neither Agree nor Disagree","Agree","Agree","Neither Agree nor Disagree","Disagree","Disagree","Disagree","Neither Agree nor Disagree","Neither Agree nor Disagree","Agree","Agree","Disagree","Agree","Strongly Agree","Research Participation: I consent to provide data from my research experience to researchers for analysis","Participation"
"12614","27","Female","80","A little","Not at all","Not at all","Not at all","A little","A little","Not at all","A little","A little","Not at all","A little","A little","Not at all","Not at all","Not at all","Not at all","Not at all","Not at all","Not at all","Not at all","Not at all","A little","Not at all","Not at all","Not at all","Not at all","Not at all","Not at all","Not at all","Not at all","Not at all","3 - Corresponds a little","5 - Corresponds a lot","5 - Corresponds a lot","1 - Does not correspond at all","1 - Does not correspond at all","4 - Corresponds moderately","5 - Corresponds a lot","4 - Corresponds moderately","3 - Corresponds a little","6","2","1 - Does not correspond at all","3 - Corresponds a little","1 - Does not correspond at all","1 - Does not correspond at all","6","3 - Corresponds a little","1 - Does not correspond at all","1 - Does not correspond at all","4 - Corresponds moderately","5 - Corresponds a lot","5 - Corresponds a lot","6","2","1 - Does not correspond at all","1 - Does not correspond at all","4 - Corresponds moderately","4 - Corresponds moderately","Sometimes","Sometimes","Almost Never","Sometimes","Almost Never","Sometimes","Almost Never","Almost Never","Sometimes","Almost Never","Almost Never","Almost Never","Often","Almost Never","Almost Never","Sometimes","Almost Never","Almost Never","Sometimes","Almost Never","Sometimes","Not at all","Not at all","Not at all","Mildly - but it didn't bother me much","Mildly - but it didn't bother me much","Not at all","Mildly - but it didn't bother me much","Not at all","Not at all","Mildly - but it didn't bother me much","Not at all","Not at all","Not at all","Not at all","Not at all","Not at all","Not at all","Not at all","Not at all","Not at all","Not at all","4","2","2","1 - Not at all typical of me","1 - Not at all typical of me","2","1 - Not at all typical of me","4","1 - Not at all typical of me","1 - Not at all typical of me","1 - Not at all typical of me","5 - Very typical of me","2","1 - Not at all typical of me","1 - Not at all typical of me","1 - Not at all typical of me","1 - Not at all typical of me","Neither Agree nor Disagree","Agree","Agree","Neither Agree nor Disagree","Disagree","Disagree","Strongly Disagree","Neither Agree nor Disagree","Neither Agree nor Disagree","Neither Agree nor Disagree","Disagree","Agree","Disagree","Disagree","Neither Agree nor Disagree","Disagree","Neither Agree nor Disagree","Neither Agree nor Disagree","Neither Agree nor Disagree","Neither Agree nor Disagree","Neither Agree nor Disagree","Neither Agree nor Disagree","Disagree","Strongly Disagree","Disagree","Disagree","Disagree","Disagree","Neither Agree nor Disagree","Disagree","Agree","Agree","Agree","Disagree","Disagree","Disagree","Disagree","Disagree","Disagree","Disagree","Neither Agree nor Disagree","Neither Agree nor Disagree","Neither Agree nor Disagree","Neither Agree nor Disagree","Neither Agree nor Disagree","Neither Agree nor Disagree","Neither Agree nor Disagree","Research Participation: I consent to provide data from my research experience to researchers for analysis","Participation"
"17287","30","Female ","90","A little","Not at all","A little","A little","A little","Not at all","A little","A fair amount","Not at all","Not at all","A little","A little","Not at all","Not at all","Not at all","Not at all","Not at all","Not at all","Not at all","Not at all","Not at all","Not at all","Not at all","Not at all","Not at all","Not at all","Not at all","Not at all","Not at all","Not at all","Not at all","5 - Corresponds a lot","7 - Corresponds exactly","7 - Corresponds exactly","1 - Does not correspond at all","1 - Does not correspond at all","4 - Corresponds moderately","5 - Corresponds a lot","5 - Corresponds a lot","6","6","4 - Corresponds moderately","1 - Does not correspond at all","6","4 - Corresponds moderately","6","7 - Corresponds exactly","6","5 - Corresponds a lot","1 - Does not correspond at all","6","3 - Corresponds a little","6","6","5 - Corresponds a lot","4 - Corresponds moderately","1 - Does not correspond at all","6","4 - Corresponds moderately","Almost Always","Almost Never","Almost Never","Almost Never","Almost Never","Almost Never","Almost Never","Almost Never","Almost Never","Almost Never","Sometimes","Almost Never","Almost Never","Almost Never","Almost Never","Almost Never","Almost Never","Almost Never","Almost Never","Almost Never","Almost Never","Not at all","Mildly - but it didn't bother me much","Not at all","Not at all","Moderately - it wasn't pleasant at times","Not at all","Not at all","Not at all","Not at all","Not at all","Not at all","Not at all","Not at all","Not at all","Not at all","Not at all","Mildly - but it didn't bother me much","Not at all","Not at all","Moderately - it wasn't pleasant at times","Not at all","3","2","3","2","3","2","3","2","3","1 - Not at all typical of me","4","5 - Very typical of me","5 - Very typical of me","3","2","1 - Not at all typical of me","2","Strongly Agree","Strongly Agree","Disagree","Strongly Agree","Agree","Strongly Disagree","Agree","Strongly Agree","Strongly Agree","Strongly Agree","Neither Agree nor Disagree","Strongly Disagree","Disagree","Do Not Recall","Agree","Strongly Disagree","Strongly Disagree","Agree","Strongly Agree","Agree","Strongly Agree","Strongly Agree","Strongly Agree","Agree","Neither Agree nor Disagree","Strongly Disagree","Strongly Disagree","Strongly Disagree","Neither Agree nor Disagree","Neither Agree nor Disagree","Strongly Agree","Agree","Neither Agree nor Disagree","Strongly Disagree","Neither Agree nor Disagree","Neither Agree nor Disagree","Strongly Disagree","Neither Agree nor Disagree","Agree","Do Not Recall","Strongly Agree","Agree","Neither Agree nor Disagree","Neither Agree nor Disagree","Disagree","Disagree","Strongly Agree","Research Participation: I consent to provide data from my research experience to researchers for analysis","Participation"
"17368","20","female","91","Very much","A little","A fair amount","Much","Very much","A little","A fair amount","Very much","Much","A little","","A fair amount","Not at all","Much","A little","A little","Not at all","Not at all","Not at all","A little","A little","Much","A fair amount","A fair amount","A fair amount","A little","Not at all","A little","A little","Not at all","Not at all","7 - Corresponds exactly","4 - Corresponds moderately","7 - Corresponds exactly","2","1 - Does not correspond at all","3 - Corresponds a little","3 - Corresponds a little","5 - Corresponds a lot","5 - Corresponds a lot","7 - Corresponds exactly","3 - Corresponds a little","1 - Does not correspond at all","4 - Corresponds moderately","5 - Corresponds a lot","5 - Corresponds a lot","4 - Corresponds moderately","3 - Corresponds a little","2","1 - Does not correspond at all","3 - Corresponds a little","3 - Corresponds a little","6","4 - Corresponds moderately","6","4 - Corresponds moderately","1 - Does not correspond at all","3 - Corresponds a little","3 - Corresponds a little","Sometimes","Sometimes","Often","Often","Sometimes","Almost Never","Often","Almost Never","Often","Often","Often","Sometimes","Often","Sometimes","Sometimes","Sometimes","Often","Often","Often","Sometimes","Often","Not at all","Severely - it bothered me a lot","Mildly - but it didn't bother me much","Moderately - it wasn't pleasant at times","Mildly - but it didn't bother me much","Not at all","Severely - it bothered me a lot","Mildly - but it didn't bother me much","Mildly - but it didn't bother me much","Moderately - it wasn't pleasant at times","Moderately - it wasn't pleasant at times","Not at all","Mildly - but it didn't bother me much","Not at all","Moderately - it wasn't pleasant at times","Not at all","Moderately - it wasn't pleasant at times","Moderately - it wasn't pleasant at times","Not at all","Severely - it bothered me a lot","Severely - it bothered me a lot","1 - Not at all typical of me","4","2","4","5 - Very typical of me","4","3","2","2","1 - Not at all typical of me","1 - Not at all typical of me","5 - Very typical of me","2","3","2","4","4","Disagree","Agree","Disagree","Neither Agree nor Disagree","Disagree","Strongly Agree","Disagree","Neither Agree nor Disagree","Disagree","Neither Agree nor Disagree","Disagree","Strongly Disagree","Do Not Recall","Strongly Disagree","Agree","Disagree","Disagree","Disagree","Neither Agree nor Disagree","Do Not Recall","Neither Agree nor Disagree","Disagree","Do Not Recall","Disagree","Disagree","Disagree","Agree","Strongly Disagree","Disagree","Agree","Strongly Agree","Agree","Strongly Agree","Strongly Disagree","Agree","Neither Agree nor Disagree","Strongly Disagree","Disagree","Neither Agree nor Disagree","Agree","Strongly Agree","Agree","Agree","Neither Agree nor Disagree","Agree","Do Not Recall","Strongly Agree","Research Participation: I consent to provide data from my research experience to researchers for analysis","Participation"
"18323","20","Female","93","Very much","Very much","Very much","A fair amount","A fair amount","Very much","Very much","Much","Very much","Much","Much","Much","Not at all","A little","A fair amount","Not at all","Not at all","Not at all","Not at all","Not at all","Not at all","Not at all","Not at all","Very much","A little","Not at all","Not at all","Not at all","Not at all","Not at all","Not at all","6","6","7 - Corresponds exactly","4 - Corresponds moderately","1 - Does not correspond at all","3 - Corresponds a little","6","7 - Corresponds exactly","5 - Corresponds a lot","7 - Corresponds exactly","4 - Corresponds moderately","2","3 - Corresponds a little","2","6","4 - Corresponds moderately","6","5 - Corresponds a lot","1 - Does not correspond at all","3 - Corresponds a little","2","7 - Corresponds exactly","7 - Corresponds exactly","7 - Corresponds exactly","1 - Does not correspond at all","1 - Does not correspond at all","7 - Corresponds exactly","4 - Corresponds moderately","Almost Never","Almost Always","Almost Always","Often","Almost Always","Sometimes","Almost Always","Almost Never","Almost Always","Almost Always","Almost Always","Almost Always","Almost Always","Almost Always","Almost Always","Almost Always","Almost Always","Almost Always","Almost Always","Almost Always","Often","Moderately - it wasn't pleasant at times","Moderately - it wasn't pleasant at times","Moderately - it wasn't pleasant at times","Severely - it bothered me a lot","Severely - it bothered me a lot","Severely - it bothered me a lot","Severely - it bothered me a lot","Severely - it bothered me a lot","Mildly - but it didn't bother me much","Severely - it bothered me a lot","Not at all","Severely - it bothered me a lot","Mildly - but it didn't bother me much","Mildly - but it didn't bother me much","Moderately - it wasn't pleasant at times","Not at all","Mildly - but it didn't bother me much","Severely - it bothered me a lot","Severely - it bothered me a lot","Severely - it bothered me a lot","Severely - it bothered me a lot","1 - Not at all typical of me","5 - Very typical of me","1 - Not at all typical of me","5 - Very typical of me","5 - Very typical of me","5 - Very typical of me","5 - Very typical of me","2","4","1 - Not at all typical of me","1 - Not at all typical of me","5 - Very typical of me","5 - Very typical of me","5 - Very typical of me","5 - Very typical of me","5 - Very typical of me","4","Strongly Agree","Agree","Disagree","Strongly Agree","Agree","Strongly Disagree","Agree","Strongly Agree","Strongly Agree","Strongly Agree","Strongly Agree","Neither Agree nor Disagree","Disagree","Disagree","Strongly Agree","Strongly Disagree","Strongly Disagree","Agree","Strongly Agree","Strongly Agree","Strongly Agree","Strongly Agree","Agree","Disagree","Strongly Agree","Strongly Disagree","Agree","Disagree","Strongly Agree","Strongly Agree","Neither Agree nor Disagree","Agree","Neither Agree nor Disagree","Disagree","Strongly Agree","Strongly Agree","Agree","Strongly Disagree","Strongly Disagree","Agree","Strongly Agree","Agree","Neither Agree nor Disagree","Strongly Agree","Disagree","Strongly Agree","Agree","Research Participation: I consent to provide data from my research experience to researchers for analysis","Participation"
"18308","21","Female","65","Very much","Very much","Very much","Very much","Very much","Very much","Very much","Very much","Very much","Very much","Very much","Very much","Very much","Very much","Very much","Very much","Very much","A little","A little","Much","Very much","Very much","Much","Very much","Much","Much","Not at all","Very much","Very much","Very much","Not at all","7 - Corresponds exactly","5 - Corresponds a lot","7 - Corresponds exactly","1 - Does not correspond at all","1 - Does not correspond at all","2","7 - Corresponds exactly","3 - Corresponds a little","5 - Corresponds a lot","7 - Corresponds exactly","3 - Corresponds a little","4 - Corresponds moderately","3 - Corresponds a little","6","7 - Corresponds exactly","3 - Corresponds a little","7 - Corresponds exactly","2","1 - Does not correspond at all","1 - Does not correspond at all","7 - Corresponds exactly","6","5 - Corresponds a lot","2","1 - Does not correspond at all","3 - Corresponds a little","4 - Corresponds moderately","7 - Corresponds exactly","Almost Never","Almost Always","Often","Almost Always","Almost Always","Often","Often","Almost Never","Almost Always","Almost Always","Almost Always","Almost Always","Almost Always","Almost Always","Almost Always","Almost Always","Almost Always","Almost Always","Almost Always","Often","Often","Moderately - it wasn't pleasant at times","Moderately - it wasn't pleasant at times","Mildly - but it didn't bother me much","Severely - it bothered me a lot","Severely - it bothered me a lot","Moderately - it wasn't pleasant at times","Mildly - but it didn't bother me much","Mildly - but it didn't bother me much","Moderately - it wasn't pleasant at times","Severely - it bothered me a lot","Not at all","Moderately - it wasn't pleasant at times","Moderately - it wasn't pleasant at times","Severely - it bothered me a lot","Mildly - but it didn't bother me much","Mildly - but it didn't bother me much","Severely - it bothered me a lot","Not at all","Moderately - it wasn't pleasant at times","Moderately - it wasn't pleasant at times","Moderately - it wasn't pleasant at times","1 - Not at all typical of me","5 - Very typical of me","1 - Not at all typical of me","5 - Very typical of me","5 - Very typical of me","4","4","1 - Not at all typical of me","4","1 - Not at all typical of me","2","5 - Very typical of me","4","4","5 - Very typical of me","4","5 - Very typical of me","Strongly Disagree","Agree","Agree","Strongly Disagree","Strongly Disagree","Strongly Agree","Strongly Disagree","Strongly Disagree","Strongly Disagree","Strongly Disagree","Strongly Disagree","Strongly Agree","Agree","Strongly Disagree","Strongly Disagree","Strongly Agree","Strongly Agree","Strongly Disagree","Strongly Disagree","Disagree","Agree","Strongly Disagree","Agree","Disagree","Disagree","Strongly Agree","Strongly Disagree","Strongly Disagree","Strongly Disagree","Strongly Disagree","Disagree","Agree","Strongly Disagree","Agree","Strongly Disagree","Agree","Strongly Disagree","Strongly Agree","Disagree","Strongly Disagree","Strongly Disagree","Agree","Strongly Disagree","Disagree","Strongly Disagree","Agree","Agree","Research Participation: I consent to provide data from my research experience to researchers for analysis","Participation"
"18325","22","Male","90","A little","Not at all","A little","A little","A little","Not at all","Not at all","Not at all","Not at all","Not at all","Not at all","Not at all","A little","A little","Not at all","Not at all","Not at all","Not at all","Not at all","Not at all","Not at all","Not at all","Not at all","Not at all","A little","Not at all","Not at all","Not at all","Not at all","Not at all","Not at all","7 - Corresponds exactly","5 - Corresponds a lot","7 - Corresponds exactly","3 - Corresponds a little","1 - Does not correspond at all","5 - Corresponds a lot","5 - Corresponds a lot","7 - Corresponds exactly","5 - Corresponds a lot","7 - Corresponds exactly","4 - Corresponds moderately","1 - Does not correspond at all","6","7 - Corresponds exactly","7 - Corresponds exactly","6","7 - Corresponds exactly","4 - Corresponds moderately","1 - Does not correspond at all","6","7 - Corresponds exactly","7 - Corresponds exactly","7 - Corresponds exactly","7 - Corresponds exactly","6","1 - Does not correspond at all","7 - Corresponds exactly","7 - Corresponds exactly","Often","Sometimes","Sometimes","Almost Never","Almost Never","Almost Never","Almost Never","Almost Never","Sometimes","Sometimes","Sometimes","Almost Never","Almost Never","Often","Almost Never","Almost Never","Sometimes","Almost Never","Almost Never","Almost Never","Almost Never","Not at all","Not at all","Not at all","Mildly - but it didn't bother me much","Not at all","Not at all","Not at all","Not at all","Not at all","Mildly - but it didn't bother me much","Not at all","Not at all","Not at all","Mildly - but it didn't bother me much","Not at all","Not at all","Not at all","Moderately - it wasn't pleasant at times","Not at all","Not at all","Mildly - but it didn't bother me much","3","2","3","2","2","2","2","5 - Very typical of me","4","3","5 - Very typical of me","5 - Very typical of me","3","3","2","1 - Not at all typical of me","3","Strongly Agree","Strongly Agree","Strongly Disagree","Strongly Agree","Disagree","Strongly Disagree","Disagree","Strongly Agree","Agree","Strongly Agree","Disagree","Neither Agree nor Disagree","Strongly Disagree","Disagree","Agree","Neither Agree nor Disagree","Neither Agree nor Disagree","Agree","Agree","Strongly Agree","Strongly Agree","Strongly Agree","Strongly Agree","Strongly Agree","Strongly Agree","Strongly Disagree","Disagree","Agree","Agree","Neither Agree nor Disagree","Disagree","Agree","Neither Agree nor Disagree","Disagree","Strongly Agree","Strongly Agree","Neither Agree nor Disagree","Strongly Disagree","Agree","Agree","Disagree","Agree","Agree","Disagree","Agree","Neither Agree nor Disagree","Strongly Agree","Research Participation: I consent to provide data from my research experience to researchers for analysis","Participation"
"18324","34","Female","90%","Not at all","Not at all","A little","A fair amount","Much","Very much","Very much","Not at all","A fair amount","A fair amount","Very much","A fair amount","Not at all","A fair amount","Not at all","Not at all","Not at all","Not at all","Not at all","A little","Not at all","A fair amount","A little","Not at all","A fair amount","Not at all","Not at all","Not at all","Not at all","Not at all","Not at all","1 - Does not correspond at all","7 - Corresponds exactly","7 - Corresponds exactly","1 - Does not correspond at all","1 - Does not correspond at all","5 - Corresponds a lot","7 - Corresponds exactly","4 - Corresponds moderately","6","7 - Corresponds exactly","1 - Does not correspond at all","1 - Does not correspond at all","3 - Corresponds a little","1 - Does not correspond at all","3 - Corresponds a little","5 - Corresponds a lot","7 - Corresponds exactly","1 - Does not correspond at all","1 - Does not correspond at all","3 - Corresponds a little","7 - Corresponds exactly","7 - Corresponds exactly","7 - Corresponds exactly","7 - Corresponds exactly","1 - Does not correspond at all","1 - Does not correspond at all","3 - Corresponds a little","7 - Corresponds exactly","Sometimes","Often","Often","Often","Almost Always","Almost Always","Sometimes","Almost Never","Often","Almost Always","Almost Always","Often","Often","Almost Never","Almost Never","Often","Often","Sometimes","Almost Never","Sometimes","Often","Not at all","Not at all","Not at all","Severely - it bothered me a lot","Severely - it bothered me a lot","Not at all","Not at all","Not at all","Moderately - it wasn't pleasant at times","Moderately - it wasn't pleasant at times","Not at all","Not at all","Not at all","Mildly - but it didn't bother me much","Not at all","Not at all","Severely - it bothered me a lot","Not at all","Not at all","Not at all","Not at all","5 - Very typical of me","4","1 - Not at all typical of me","4","4","5 - Very typical of me","5 - Very typical of me","2","4","1 - Not at all typical of me","2","5 - Very typical of me","5 - Very typical of me","5 - Very typical of me","3","4","5 - Very typical of me","Strongly Disagree","Agree","Strongly Agree","Disagree","Strongly Disagree","Strongly Agree","Strongly Disagree","Strongly Disagree","Strongly Disagree","Strongly Disagree","Strongly Disagree","Neither Agree nor Disagree","Do Not Recall","Strongly Disagree","Strongly Disagree","Neither Agree nor Disagree","Strongly Disagree","Neither Agree nor Disagree","Disagree","Strongly Disagree","Strongly Agree","Neither Agree nor Disagree","Agree","Strongly Disagree","Strongly Disagree","Neither Agree nor Disagree","Strongly Agree","Agree","Strongly Agree","Strongly Agree","Disagree","Agree","Strongly Disagree","Agree","Strongly Agree","Strongly Agree","Agree","Strongly Disagree","Neither Agree nor Disagree","Disagree","Strongly Agree","Neither Agree nor Disagree","Strongly Disagree","Strongly Agree","Strongly Disagree","Strongly Agree","Neither Agree nor Disagree","Research Participation: I consent to provide data from my research experience to researchers for analysis","Participation"
"17413","26","female","88-92","A little","Not at all","A little","A fair amount","Much","Much","Much","Much","A little","A fair amount","Much","A fair amount","Not at all","A fair amount","A little","Not at all","Not at all","Not at all","Not at all","Not at all","Not at all","Not at all","Not at all","A little","A little","Not at all","Not at all","Not at all","Not at all","Not at all","A little","7 - Corresponds exactly","5 - Corresponds a lot","5 - Corresponds a lot","1 - Does not correspond at all","1 - Does not correspond at all","5 - Corresponds a lot","5 - Corresponds a lot","7 - Corresponds exactly","5 - Corresponds a lot","5 - Corresponds a lot","4 - Corresponds moderately","1 - Does not correspond at all","5 - Corresponds a lot","5 - Corresponds a lot","5 - Corresponds a lot","5 - Corresponds a lot","5 - Corresponds a lot","3 - Corresponds a little","1 - Does not correspond at all","5 - Corresponds a lot","5 - Corresponds a lot","7 - Corresponds exactly","5 - Corresponds a lot","5 - Corresponds a lot","4 - Corresponds moderately","1 - Does not correspond at all","2","4 - Corresponds moderately","Often","Sometimes","Sometimes","Sometimes","Almost Never","Almost Never","Almost Never","Almost Never","Sometimes","Almost Never","Almost Never","Sometimes","Almost Never","Almost Never","Almost Never","Almost Never","Almost Never","Almost Never","Almost Never","Almost Never","Almost Never","Not at all","Not at all","Not at all","Mildly - but it didn't bother me much","Not at all","Not at all","Not at all","Not at all","Not at all","Mildly - but it didn't bother me much","Not at all","Not at all","Not at all","Not at all","Not at all","Not at all","Not at all","Not at all","Not at all","Not at all","Not at all","3","2","4","1 - Not at all typical of me","1 - Not at all typical of me","2","1 - Not at all typical of me","5 - Very typical of me","1 - Not at all typical of me","3","2","5 - Very typical of me","1 - Not at all typical of me","1 - Not at all typical of me","1 - Not at all typical of me","1 - Not at all typical of me","2","Strongly Agree","Strongly Agree","Disagree","Strongly Agree","Disagree","Strongly Disagree","Agree","Strongly Agree","Strongly Agree","Strongly Agree","Strongly Agree","Disagree","Disagree","Agree","Strongly Agree","Disagree","Disagree","Strongly Agree","Strongly Agree","Strongly Agree","Agree","Agree","Agree","Agree","Agree","Disagree","Strongly Agree","Agree","Strongly Agree","Strongly Agree","Disagree","Agree","Disagree","Strongly Agree","Strongly Agree","Strongly Agree","Strongly Agree","Disagree","Neither Agree nor Disagree","Neither Agree nor Disagree","Agree","Agree","Neither Agree nor Disagree","Agree","Agree","Disagree","Agree","Research Participation: I consent to provide data from my research experience to researchers for analysis","Participation"
"15053","21","Male","93%","","","","","","","","","","","","","","","","","","","","","","","","","","","","","","","","","","","","","","","","","","","","","","","","","","","","","","","","","","","","Often","","","","","","","","","","","","","","","","","","","","","","","","","","","","","","","","","","","","","","","","","","","","","","","","","","","","","","","","","","","Disagree","Strongly Disagree","Strongly Agree","Strongly Disagree","Strongly Disagree","Agree","Strongly Disagree","Disagree","Strongly Disagree","Neither Agree nor Disagree","Strongly Disagree","Strongly Agree","Agree","Do Not Recall","Strongly Disagree","Strongly Agree","Agree","Strongly Disagree","Disagree","Strongly Disagree","Do Not Recall","Neither Agree nor Disagree","Disagree","Strongly Disagree","Disagree","Strongly Agree","Strongly Agree","Agree","Strongly Agree","Strongly Agree","Disagree","Agree","Strongly Disagree","Agree","Strongly Agree","Strongly Agree","Strongly Agree","Strongly Disagree","Neither Agree nor Disagree","Neither Agree nor Disagree","Agree","Disagree","Neither Agree nor Disagree","Agree","Disagree","Strongly Agree","Agree","Research Participation: I consent to provide data from my research experience to researchers for analysis","Participation"
"17610","27","F","80","Very much","A fair amount","Much","Much","A fair amount","Not at all","Much","A fair amount","Very much","Very much","Very much","Very much","A fair amount","Very much","A fair amount","A fair amount","Not at all","Not at all","Not at all","A little","Not at all","A little","Not at all","A little","A little","A little","Not at all","A little","Not at all","Not at all","Not at all","7 - Corresponds exactly","4 - Corresponds moderately","7 - Corresponds exactly","5 - Corresponds a lot","5 - Corresponds a lot","4 - Corresponds moderately","6","6","4 - Corresponds moderately","7 - Corresponds exactly","4 - Corresponds moderately","6","2","2","6","5 - Corresponds a lot","5 - Corresponds a lot","3 - Corresponds a little","2","2","5 - Corresponds a lot","7 - Corresponds exactly","5 - Corresponds a lot","5 - Corresponds a lot","3 - Corresponds a little","4 - Corresponds moderately","3 - Corresponds a little","4 - Corresponds moderately","Almost Never","Often","Almost Always","Often","Almost Always","Often","Almost Always","Almost Never","Almost Always","Often","Almost Always","Almost Always","Almost Always","Almost Always","Often","Sometimes","Often","Almost Always","Often","Often","Almost Always","Severely - it bothered me a lot","Mildly - but it didn't bother me much","Mildly - but it didn't bother me much","Moderately - it wasn't pleasant at times","Moderately - it wasn't pleasant at times","Severely - it bothered me a lot","Mildly - but it didn't bother me much","Moderately - it wasn't pleasant at times","Moderately - it wasn't pleasant at times","Moderately - it wasn't pleasant at times","Not at all","Not at all","Moderately - it wasn't pleasant at times","Severely - it bothered me a lot","Severely - it bothered me a lot","Not at all","Mildly - but it didn't bother me much","Severely - it bothered me a lot","Moderately - it wasn't pleasant at times","Mildly - but it didn't bother me much","Moderately - it wasn't pleasant at times","2","4","2","4","5 - Very typical of me","5 - Very typical of me","4","3","4","1 - Not at all typical of me","4","4","4","4","4","4","3","Neither Agree nor Disagree","Strongly Agree","Neither Agree nor Disagree","Strongly Disagree","Neither Agree nor Disagree","Disagree","Do Not Recall","Neither Agree nor Disagree","Disagree","Disagree","Agree","Agree","Disagree","Disagree","Disagree","Strongly Disagree","Neither Agree nor Disagree","Neither Agree nor Disagree","Neither Agree nor Disagree","Agree","Neither Agree nor Disagree","Disagree","Agree","Neither Agree nor Disagree","Neither Agree nor Disagree","Agree","Disagree","Agree","Strongly Agree","Agree","Disagree","Agree","Disagree","Neither Agree nor Disagree","Neither Agree nor Disagree","Strongly Agree","Disagree","Disagree","Neither Agree nor Disagree","Agree","Agree","Neither Agree nor Disagree","Neither Agree nor Disagree","Agree","Neither Agree nor Disagree","Agree","Neither Agree nor Disagree","Research Participation: I consent to provide data from my research experience to researchers for analysis","Participation"
"15616","22","female","80% but i take less then 5 courses. I have severe ADHD and anxiety","Very much","Very much","Very much","Very much","Very much","Very much","Very much","Very much","Very much","Very much","Very much","Very much","Very much","Very much","Very much","Very much","A fair amount","A fair amount","A fair amount","A fair amount","A fair amount","Very much","A fair amount","A fair amount","A fair amount","A fair amount","A little","Very much","Very much","A fair amount","Not at all","7 - Corresponds exactly","7 - Corresponds exactly","7 - Corresponds exactly","1 - Does not correspond at all","1 - Does not correspond at all","7 - Corresponds exactly","7 - Corresponds exactly","7 - Corresponds exactly","7 - Corresponds exactly","7 - Corresponds exactly","4 - Corresponds moderately","1 - Does not correspond at all","7 - Corresponds exactly","7 - Corresponds exactly","7 - Corresponds exactly","7 - Corresponds exactly","7 - Corresponds exactly","4 - Corresponds moderately","1 - Does not correspond at all","5 - Corresponds a lot","7 - Corresponds exactly","7 - Corresponds exactly","7 - Corresponds exactly","7 - Corresponds exactly","7 - Corresponds exactly","1 - Does not correspond at all","","7 - Corresponds exactly","Almost Never","Often","Almost Always","Almost Always","Almost Always","Almost Always","Almost Always","Almost Never","Often","Almost Always","Almost Always","Almost Always","Almost Always","Almost Always","Almost Always","Almost Always","Almost Always","Almost Always","Almost Always","Almost Always","Almost Always","Not at all","Severely - it bothered me a lot","Severely - it bothered me a lot","Severely - it bothered me a lot","Mildly - but it didn't bother me much","Severely - it bothered me a lot","Severely - it bothered me a lot","Mildly - but it didn't bother me much","Not at all","Severely - it bothered me a lot","Not at all","Not at all","Not at all","Not at all","Not at all","Not at all","Not at all","Not at all","Not at all","Not at all","Not at all","1 - Not at all typical of me","5 - Very typical of me","1 - Not at all typical of me","5 - Very typical of me","5 - Very typical of me","5 - Very typical of me","5 - Very typical of me","1 - Not at all typical of me","5 - Very typical of me","1 - Not at all typical of me","1 - Not at all typical of me","5 - Very typical of me","5 - Very typical of me","5 - Very typical of me","5 - Very typical of me","5 - Very typical of me","5 - Very typical of me","Agree","Neither Agree nor Disagree","Strongly Agree","Agree","Neither Agree nor Disagree","Disagree","Strongly Agree","Agree","Strongly Agree","Strongly Agree","Strongly Agree","Disagree","Disagree","Disagree","Strongly Agree","Disagree","Disagree","Strongly Agree","Agree","Agree","Agree","Neither Agree nor Disagree","Agree","Disagree","Agree","Neither Agree nor Disagree","Disagree","Disagree","Agree","Strongly Agree","Strongly Agree","Strongly Agree","Strongly Agree","Disagree","Agree","Strongly Agree","Strongly Disagree","Disagree","Disagree","Agree","Strongly Disagree","Strongly Agree","Agree","Agree","Neither Agree nor Disagree","Agree","Strongly Agree","Research Participation: I consent to provide data from my research experience to researchers for analysis","Participation"
"15801","19","Female","94","Very much","A little","A fair amount","Much","Much","Not at all","A little","Very much","A little","Not at all","A little","A little","Not at all","A little","Not at all","Much","Much","Much","Much","Not at all","A little","Much","Much","A little","Not at all","Not at all","Not at all","A fair amount","A fair amount","A fair amount","Not at all","7 - Corresponds exactly","2","6","1 - Does not correspond at all","1 - Does not correspond at all","1 - Does not correspond at all","7 - Corresponds exactly","7 - Corresponds exactly","2","6","1 - Does not correspond at all","1 - Does not correspond at all","4 - Corresponds moderately","4 - Corresponds moderately","6","4 - Corresponds moderately","6","1 - Does not correspond at all","1 - Does not correspond at all","6","6","7 - Corresponds exactly","3 - Corresponds a little","1 - Does not correspond at all","1 - Does not correspond at all","1 - Does not correspond at all","4 - Corresponds moderately","4 - Corresponds moderately","Sometimes","Sometimes","Almost Never","Often","Often","Almost Never","Almost Never","Almost Never","Almost Never","Sometimes","Sometimes","Sometimes","Sometimes","Almost Never","Almost Never","Almost Never","Almost Never","Sometimes","Almost Never","Almost Never","Almost Never","Not at all","Mildly - but it didn't bother me much","Not at all","Not at all","Not at all","Not at all","Mildly - but it didn't bother me much","Not at all","Not at all","Moderately - it wasn't pleasant at times","Not at all","Not at all","Not at all","Not at all","Not at all","Not at all","Not at all","Not at all","Not at all","Not at all","Not at all","1 - Not at all typical of me","1 - Not at all typical of me","5 - Very typical of me","1 - Not at all typical of me","1 - Not at all typical of me","3","1 - Not at all typical of me","2","1 - Not at all typical of me","3","5 - Very typical of me","5 - Very typical of me","2","2","1 - Not at all typical of me","1 - Not at all typical of me","1 - Not at all typical of me","Disagree","Neither Agree nor Disagree","Do Not Recall","Neither Agree nor Disagree","Disagree","Agree","","Neither Agree nor Disagree","Disagree","Disagree","Strongly Disagree","Strongly Agree","Agree","Do Not Recall","Disagree","Do Not Recall","Neither Agree nor Disagree","Neither Agree nor Disagree","Neither Agree nor Disagree","Disagree","Strongly Agree","Agree","Agree","Disagree","Agree","Disagree","Strongly Agree","Disagree","Agree","Strongly Agree","Strongly Disagree","Agree","Neither Agree nor Disagree","Agree","Agree","Strongly Agree","Strongly Agree","Disagree","Agree","Neither Agree nor Disagree","Strongly Agree","Strongly Agree","Neither Agree nor Disagree","Agree","Agree","Disagree","Strongly Agree","Research Participation: I consent to provide data from my research experience to researchers for analysis","Participation"
"15662","19","male","82","Much","Much","Very much","Very much","Very much","Much","Very much","A little","A fair amount","A fair amount","A fair amount","A fair amount","A fair amount","A fair amount","A fair amount","Not at all","Not at all","Not at all","Not at all","A fair amount","Not at all","Much","A fair amount","A little","A little","Not at all","Not at all","Not at all","Not at all","Not at all","Not at all","6","7 - Corresponds exactly","7 - Corresponds exactly","6","3 - Corresponds a little","4 - Corresponds moderately","6","6","7 - Corresponds exactly","6","2","4 - Corresponds moderately","6","5 - Corresponds a lot","5 - Corresponds a lot","5 - Corresponds a lot","5 - Corresponds a lot","3 - Corresponds a little","2","5 - Corresponds a lot","4 - Corresponds moderately","4 - Corresponds moderately","6","6","5 - Corresponds a lot","2","5 - Corresponds a lot","7 - Corresponds exactly","Often","Almost Always","Almost Always","Almost Always","Almost Never","Sometimes","Sometimes","Almost Never","Sometimes","Sometimes","Often","Sometimes","Often","Sometimes","Sometimes","Sometimes","Almost Never","Often","Almost Always","Almost Never","Sometimes","Mildly - but it didn't bother me much","Not at all","Moderately - it wasn't pleasant at times","Mildly - but it didn't bother me much","Mildly - but it didn't bother me much","Not at all","Moderately - it wasn't pleasant at times","Mildly - but it didn't bother me much","Mildly - but it didn't bother me much","Moderately - it wasn't pleasant at times","Not at all","Not at all","Not at all","Not at all","Not at all","Not at all","Not at all","Not at all","Mildly - but it didn't bother me much","Mildly - but it didn't bother me much","Mildly - but it didn't bother me much","2","2","5 - Very typical of me","2","1 - Not at all typical of me","2","1 - Not at all typical of me","5 - Very typical of me","2","4","5 - Very typical of me","5 - Very typical of me","1 - Not at all typical of me","2","1 - Not at all typical of me","1 - Not at all typical of me","2","Strongly Agree","Neither Agree nor Disagree","Agree","Strongly Agree","Agree","Disagree","Agree","Agree","Agree","Agree","Agree","Agree","Strongly Agree","Disagree","Agree","Strongly Agree","Neither Agree nor Disagree","Neither Agree nor Disagree","Agree","Neither Agree nor Disagree","Neither Agree nor Disagree","Disagree","Agree","Neither Agree nor Disagree","Strongly Agree","Agree","Strongly Agree","Strongly Agree","Strongly Agree","Strongly Agree","Strongly Disagree","Agree","Strongly Disagree","Agree","Strongly Agree","Strongly Agree","Strongly Agree","Strongly Disagree","Neither Agree nor Disagree","Neither Agree nor Disagree","Disagree","Neither Agree nor Disagree","Agree","Strongly Disagree","Agree","Strongly Disagree","Strongly Agree","Research Participation: I consent to provide data from my research experience to researchers for analysis","Participation"
"18343","19","female","99.8%","Much","A fair amount","Very much","Very much","Very much","Very much","Very much","Very much","Very much","A fair amount","Much","Much","A little","Very much","Very much","A little","A little","Not at all","Much","A fair amount","Not at all","Very much","A fair amount","Much","Much","A fair amount","Not at all","A little","A little","Not at all","Not at all","5 - Corresponds a lot","5 - Corresponds a lot","7 - Corresponds exactly","1 - Does not correspond at all","1 - Does not correspond at all","4 - Corresponds moderately","7 - Corresponds exactly","7 - Corresponds exactly","7 - Corresponds exactly","7 - Corresponds exactly","1 - Does not correspond at all","1 - Does not correspond at all","7 - Corresponds exactly","7 - Corresponds exactly","7 - Corresponds exactly","7 - Corresponds exactly","6","1 - Does not correspond at all","1 - Does not correspond at all","7 - Corresponds exactly","7 - Corresponds exactly","5 - Corresponds a lot","7 - Corresponds exactly","7 - Corresponds exactly","4 - Corresponds moderately","1 - Does not correspond at all","7 - Corresponds exactly","7 - Corresponds exactly","Sometimes","Sometimes","Often","Sometimes","Sometimes","Often","Often","Almost Never","Almost Always","Often","Almost Always","Often","Almost Always","Almost Always","Often","Often","Almost Always","Almost Always","Sometimes","Almost Always","Often","Mildly - but it didn't bother me much","Moderately - it wasn't pleasant at times","Moderately - it wasn't pleasant at times","Severely - it bothered me a lot","Severely - it bothered me a lot","Severely - it bothered me a lot","Severely - it bothered me a lot","Moderately - it wasn't pleasant at times","Moderately - it wasn't pleasant at times","Severely - it bothered me a lot","Severely - it bothered me a lot","Moderately - it wasn't pleasant at times","Not at all","Severely - it bothered me a lot","Severely - it bothered me a lot","Severely - it bothered me a lot","Severely - it bothered me a lot","Severely - it bothered me a lot","Severely - it bothered me a lot","Moderately - it wasn't pleasant at times","Severely - it bothered me a lot","1 - Not at all typical of me","5 - Very typical of me","1 - Not at all typical of me","5 - Very typical of me","5 - Very typical of me","5 - Very typical of me","5 - Very typical of me","1 - Not at all typical of me","5 - Very typical of me","1 - Not at all typical of me","1 - Not at all typical of me","5 - Very typical of me","5 - Very typical of me","5 - Very typical of me","5 - Very typical of me","5 - Very typical of me","5 - Very typical of me","Strongly Agree","Strongly Agree","Disagree","Agree","Strongly Agree","Strongly Disagree","Strongly Agree","Strongly Agree","Strongly Agree","Strongly Agree","Agree","Disagree","Strongly Disagree","Strongly Agree","Strongly Agree","Disagree","Neither Agree nor Disagree","Agree","Strongly Agree","Strongly Agree","Strongly Agree","Agree","Strongly Agree","Strongly Agree","Neither Agree nor Disagree","Strongly Disagree","Strongly Disagree","Strongly Disagree","Strongly Disagree","Strongly Disagree","Strongly Agree","Agree","Strongly Agree","Strongly Disagree","Strongly Disagree","Neither Agree nor Disagree","Strongly Disagree","Neither Agree nor Disagree","Strongly Disagree","Disagree","Strongly Agree","Strongly Disagree","Strongly Disagree","Strongly Agree","Strongly Disagree","Agree","Disagree","Research Participation: I consent to provide data from my research experience to researchers for analysis","Participation"
"18362","18","female","98","A fair amount","A little","Much","Very much","Very much","A fair amount","Very much","A little","Very much","A fair amount","Much","A little","Not at all","Much","A fair amount","A little","A little","Not at all","Not at all","A little","Not at all","Much","Much","Very much","A fair amount","Much","A little","A fair amount","A little","A little","Not at all","5 - Corresponds a lot","4 - Corresponds moderately","7 - Corresponds exactly","3 - Corresponds a little","1 - Does not correspond at all","2","3 - Corresponds a little","7 - Corresponds exactly","4 - Corresponds moderately","6","1 - Does not correspond at all","1 - Does not correspond at all","2","3 - Corresponds a little","7 - Corresponds exactly","5 - Corresponds a lot","7 - Corresponds exactly","2","1 - Does not correspond at all","2","3 - Corresponds a little","7 - Corresponds exactly","5 - Corresponds a lot","3 - Corresponds a little","2","1 - Does not correspond at all","2","3 - Corresponds a little","Sometimes","Almost Always","Sometimes","Sometimes","Sometimes","Almost Never","Often","Almost Never","Almost Always","Almost Always","Often","Almost Always","Almost Always","Sometimes","Often","Almost Always","Almost Always","Often","Sometimes","Almost Always","Sometimes","Not at all","Mildly - but it didn't bother me much","Moderately - it wasn't pleasant at times","Severely - it bothered me a lot","Severely - it bothered me a lot","Not at all","Mildly - but it didn't bother me much","Moderately - it wasn't pleasant at times","Severely - it bothered me a lot","Severely - it bothered me a lot","Not at all","Not at all","Moderately - it wasn't pleasant at times","Not at all","Mildly - but it didn't bother me much","Not at all","Severely - it bothered me a lot","Severely - it bothered me a lot","Not at all","Not at all","Moderately - it wasn't pleasant at times","1 - Not at all typical of me","4","1 - Not at all typical of me","3","4","4","3","2","5 - Very typical of me","1 - Not at all typical of me","3","5 - Very typical of me","5 - Very typical of me","4","5 - Very typical of me","5 - Very typical of me","5 - Very typical of me","Strongly Agree","Strongly Agree","Neither Agree nor Disagree","Strongly Agree","Agree","Disagree","Agree","Agree","Agree","Strongly Agree","Agree","Strongly Disagree","Disagree","Neither Agree nor Disagree","Strongly Agree","Strongly Disagree","Disagree","Agree","Agree","Neither Agree nor Disagree","Strongly Agree","Neither Agree nor Disagree","Strongly Agree","Agree","Agree","Strongly Disagree","Strongly Disagree","Strongly Disagree","Agree","Agree","Strongly Disagree","Agree","Disagree","Strongly Disagree","Agree","Agree","Strongly Disagree","Strongly Disagree","Disagree","Neither Agree nor Disagree","Strongly Agree","Agree","Agree","Disagree","Neither Agree nor Disagree","Agree","Agree","Research Participation: I consent to provide data from my research experience to researchers for analysis","Participation"
"18294","19","Male","98","A fair amount","A fair amount","Much","A little","Much","Not at all","A little","Not at all","Not at all","A little","A little","Not at all","Not at all","A little","A little","A fair amount","Not at all","A little","Not at all","Not at all","A little","A little","A fair amount","A fair amount","Not at all","Not at all","Not at all","A little","Not at all","Not at all","Not at all","1 - Does not correspond at all","7 - Corresponds exactly","5 - Corresponds a lot","4 - Corresponds moderately","1 - Does not correspond at all","4 - Corresponds moderately","4 - Corresponds moderately","5 - Corresponds a lot","7 - Corresponds exactly","5 - Corresponds a lot","3 - Corresponds a little","1 - Does not correspond at all","4 - Corresponds moderately","4 - Corresponds moderately","3 - Corresponds a little","7 - Corresponds exactly","5 - Corresponds a lot","3 - Corresponds a little","1 - Does not correspond at all","7 - Corresponds exactly","3 - Corresponds a little","4 - Corresponds moderately","7 - Corresponds exactly","3 - Corresponds a little","3 - Corresponds a little","1 - Does not correspond at all","5 - Corresponds a lot","4 - Corresponds moderately","Often","Sometimes","Sometimes","Almost Never","Almost Never","Almost Never","Almost Never","Almost Never","Almost Never","Sometimes","Sometimes","Sometimes","Almost Never","Almost Never","Sometimes","Almost Never","Sometimes","Almost Never","Sometimes","Sometimes","Sometimes","Mildly - but it didn't bother me much","Not at all","Mildly - but it didn't bother me much","Moderately - it wasn't pleasant at times","Mildly - but it didn't bother me much","Not at all","Not at all","Not at all","Moderately - it wasn't pleasant at times","Moderately - it wasn't pleasant at times","Not at all","Mildly - but it didn't bother me much","Not at all","Not at all","Not at all","Moderately - it wasn't pleasant at times","Moderately - it wasn't pleasant at times","Not at all","Not at all","Not at all","Not at all","2","3","3","4","5 - Very typical of me","3","4","2","5 - Very typical of me","2","4","5 - Very typical of me","5 - Very typical of me","5 - Very typical of me","3","4","4","Agree","Agree","Agree","Strongly Agree","Agree","Disagree","Disagree","Neither Agree nor Disagree","Agree","Strongly Agree","Agree","Neither Agree nor Disagree","Disagree","Agree","Disagree","Strongly Disagree","Disagree","Neither Agree nor Disagree","Agree","Agree","Agree","Disagree","Agree","Neither Agree nor Disagree","Strongly Agree","Strongly Disagree","Agree","Agree","Agree","Agree","Disagree","Agree","Disagree","Agree","Strongly Agree","Agree","Agree","Strongly Disagree","Disagree","Agree","Strongly Agree","Agree","Disagree","Agree","Strongly Disagree","Agree","Agree","Research Participation: I consent to provide data from my research experience to researchers for analysis","Participation"
"18361","20","female","95","A little","Not at all","A fair amount","A fair amount","A fair amount","A little","Much","Much","Much","A little","Much","A fair amount","A little","A little","A little","A fair amount","A little","A fair amount","A fair amount","A fair amount","A fair amount","A little","A little","A little","A little","Much","A fair amount","A fair amount","A fair amount","A fair amount","A fair amount","7 - Corresponds exactly","7 - Corresponds exactly","7 - Corresponds exactly","7 - Corresponds exactly","7 - Corresponds exactly","7 - Corresponds exactly","7 - Corresponds exactly","7 - Corresponds exactly","7 - Corresponds exactly","7 - Corresponds exactly","7 - Corresponds exactly","7 - Corresponds exactly","6","6","7 - Corresponds exactly","6","6","7 - Corresponds exactly","6","6","7 - Corresponds exactly","7 - Corresponds exactly","7 - Corresponds exactly","6","6","1 - Does not correspond at all","6","7 - Corresponds exactly","Sometimes","Sometimes","Almost Never","Almost Never","Almost Never","Almost Never","Almost Never","Almost Never","Sometimes","Sometimes","Sometimes","Sometimes","Sometimes","Sometimes","Sometimes","Sometimes","Sometimes","Sometimes","Sometimes","Sometimes","Sometimes","Not at all","Mildly - but it didn't bother me much","Not at all","Moderately - it wasn't pleasant at times","Moderately - it wasn't pleasant at times","Not at all","Moderately - it wasn't pleasant at times","Not at all","Mildly - but it didn't bother me much","Severely - it bothered me a lot","Not at all","Mildly - but it didn't bother me much","Mildly - but it didn't bother me much","Mildly - but it didn't bother me much","Not at all","Mildly - but it didn't bother me much","Mildly - but it didn't bother me much","Not at all","Mildly - but it didn't bother me much","Mildly - but it didn't bother me much","Mildly - but it didn't bother me much","2","2","2","2","2","4","2","2","3","1 - Not at all typical of me","2","5 - Very typical of me","5 - Very typical of me","4","3","3","3","Strongly Agree","Strongly Agree","Disagree","Agree","Neither Agree nor Disagree","Disagree","Agree","Agree","Agree","Agree","Agree","Disagree","Disagree","Neither Agree nor Disagree","Agree","Neither Agree nor Disagree","Disagree","Agree","Agree","Agree","Agree","Agree","Agree","Agree","Agree","Strongly Disagree","Strongly Agree","Strongly Agree","Strongly Agree","Strongly Agree","Strongly Disagree","Agree","Disagree","Strongly Agree","Strongly Agree","Strongly Agree","Strongly Agree","Disagree","Neither Agree nor Disagree","Neither Agree nor Disagree","Strongly Disagree","Strongly Agree","Neither Agree nor Disagree","Neither Agree nor Disagree","Disagree","Neither Agree nor Disagree","Neither Agree nor Disagree","Research Participation: I consent to provide data from my research experience to researchers for analysis","Participation"
"18373","19","Female ","70","Much","Much","A fair amount","A fair amount","A fair amount","A fair amount","A fair amount","A fair amount","A fair amount","A fair amount","A fair amount","A fair amount","A fair amount","A fair amount","A fair amount","A fair amount","A fair amount","A fair amount","A fair amount","A fair amount","A fair amount","A fair amount","Not at all","A little","Not at all","Not at all","A fair amount","A fair amount","A fair amount","A fair amount","A fair amount","5 - Corresponds a lot","7 - Corresponds exactly","7 - Corresponds exactly","4 - Corresponds moderately","1 - Does not correspond at all","5 - Corresponds a lot","7 - Corresponds exactly","7 - Corresponds exactly","7 - Corresponds exactly","7 - Corresponds exactly","7 - Corresponds exactly","1 - Does not correspond at all","7 - Corresponds exactly","4 - Corresponds moderately","6","7 - Corresponds exactly","7 - Corresponds exactly","7 - Corresponds exactly","1 - Does not correspond at all","7 - Corresponds exactly","4 - Corresponds moderately","7 - Corresponds exactly","7 - Corresponds exactly","7 - Corresponds exactly","4 - Corresponds moderately","1 - Does not correspond at all","7 - Corresponds exactly","6","Almost Always","Almost Never","Almost Never","Almost Never","Sometimes","Almost Never","Sometimes","Almost Never","Sometimes","Sometimes","Almost Always","Almost Never","Almost Always","Sometimes","Almost Never","Almost Never","Sometimes","Almost Never","Almost Never","Almost Never","Almost Never","Not at all","Not at all","Not at all","Mildly - but it didn't bother me much","Not at all","Not at all","Not at all","Not at all","Not at all","Not at all","Not at all","Not at all","Not at all","Not at all","Not at all","Not at all","Not at all","Not at all","Not at all","Not at all","Not at all","2","1 - Not at all typical of me","3","3","3","3","1 - Not at all typical of me","2","3","1 - Not at all typical of me","4","5 - Very typical of me","3","2","2","2","3","Disagree","Strongly Disagree","Neither Agree nor Disagree","Agree","Agree","Strongly Agree","Strongly Disagree","Neither Agree nor Disagree","Strongly Disagree","Strongly Disagree","Strongly Disagree","Strongly Agree","Strongly Agree","Strongly Agree","Neither Agree nor Disagree","Agree","Agree","Disagree","Agree","Disagree","Agree","Strongly Disagree","Agree","Neither Agree nor Disagree","Strongly Agree","Neither Agree nor Disagree","Strongly Agree","Strongly Agree","Strongly Agree","Strongly Agree","Strongly Disagree","Agree","Disagree","Agree","Strongly Agree","Strongly Agree","Agree","Strongly Disagree","Strongly Disagree","Disagree","Disagree","Agree","Strongly Agree","Strongly Disagree","Strongly Agree","Agree","Neither Agree nor Disagree","Research Participation: I consent to provide data from my research experience to researchers for analysis","Participation"
"13857","20","Female","96","Much","Much","Much","Much","Much","A fair amount","Very much","Much","Much","A little","A fair amount","A little","Not at all","A fair amount","Not at all","A little","Not at all","Not at all","Not at all","Not at all","Not at all","Not at all","Not at all","Not at all","Not at all","Not at all","Not at all","Not at all","Not at all","Not at all","Not at all","4 - Corresponds moderately","7 - Corresponds exactly","7 - Corresponds exactly","5 - Corresponds a lot","1 - Does not correspond at all","7 - Corresponds exactly","7 - Corresponds exactly","7 - Corresponds exactly","7 - Corresponds exactly","7 - Corresponds exactly","7 - Corresponds exactly","1 - Does not correspond at all","7 - Corresponds exactly","7 - Corresponds exactly","5 - Corresponds a lot","7 - Corresponds exactly","7 - Corresponds exactly","7 - Corresponds exactly","1 - Does not correspond at all","7 - Corresponds exactly","7 - Corresponds exactly","7 - Corresponds exactly","7 - Corresponds exactly","7 - Corresponds exactly","7 - Corresponds exactly","1 - Does not correspond at all","7 - Corresponds exactly","7 - Corresponds exactly","Sometimes","Sometimes","Almost Never","Almost Never","Almost Never","Almost Never","Almost Never","Almost Never","Sometimes","Often","Often","Often","Almost Always","Sometimes","Sometimes","Sometimes","Almost Always","Sometimes","Sometimes","Often","Sometimes","Not at all","Not at all","Mildly - but it didn't bother me much","Moderately - it wasn't pleasant at times","Moderately - it wasn't pleasant at times","Not at all","Severely - it bothered me a lot","Not at all","Moderately - it wasn't pleasant at times","Moderately - it wasn't pleasant at times","Not at all","Not at all","Moderately - it wasn't pleasant at times","Mildly - but it didn't bother me much","Not at all","Not at all","Moderately - it wasn't pleasant at times","Not at all","Not at all","Mildly - but it didn't bother me much","Not at all","1 - Not at all typical of me","3","3","2","4","4","3","4","2","1 - Not at all typical of me","1 - Not at all typical of me","5 - Very typical of me","4","4","2","3","5 - Very typical of me","Strongly Agree","Agree","Strongly Agree","Strongly Agree","Strongly Agree","Disagree","Strongly Agree","Strongly Agree","Strongly Agree","Strongly Agree","Strongly Agree","Strongly Disagree","Strongly Disagree","Strongly Agree","Strongly Agree","Strongly Disagree","Strongly Disagree","Strongly Agree","Strongly Agree","Strongly Agree","Strongly Agree","Strongly Agree","Strongly Agree","Strongly Agree","Neither Agree nor Disagree","Strongly Disagree","Strongly Agree","Strongly Agree","Strongly Agree","Strongly Agree","Strongly Disagree","Agree","Disagree","Agree","Strongly Agree","Strongly Agree","Strongly Agree","Strongly Disagree","Agree","Agree","Strongly Agree","Strongly Agree","Agree","Agree","Strongly Agree","Neither Agree nor Disagree","Agree","Research Participation: I consent to provide data from my research experience to researchers for analysis","Participation"
"18295","26","female","75","Very much","A little","Much","Very much","Much","Much","Much","Very much","Very much","A fair amount","Much","Much","A fair amount","Much","A little","Much","A little","Not at all","A little","Very much","A fair amount","Very much","Much","Much","Much","A fair amount","A little","Very much","Much","Much","Not at all","7 - Corresponds exactly","4 - Corresponds moderately","7 - Corresponds exactly","4 - Corresponds moderately","2","1 - Does not correspond at all","7 - Corresponds exactly","7 - Corresponds exactly","4 - Corresponds moderately","7 - Corresponds exactly","3 - Corresponds a little","3 - Corresponds a little","5 - Corresponds a lot","6","7 - Corresponds exactly","7 - Corresponds exactly","6","4 - Corresponds moderately","4 - Corresponds moderately","6","6","7 - Corresponds exactly","6","7 - Corresponds exactly","2","1 - Does not correspond at all","5 - Corresponds a lot","7 - Corresponds exactly","Almost Never","Often","Often","Sometimes","Almost Always","Sometimes","Often","Almost Never","Often","Almost Always","Almost Always","Often","Almost Always","Almost Always","Sometimes","Sometimes","Often","Often","Sometimes","Often","Sometimes","Moderately - it wasn't pleasant at times","Severely - it bothered me a lot","Severely - it bothered me a lot","Severely - it bothered me a lot","Severely - it bothered me a lot","Severely - it bothered me a lot","Severely - it bothered me a lot","Mildly - but it didn't bother me much","Moderately - it wasn't pleasant at times","Severely - it bothered me a lot","Not at all","Severely - it bothered me a lot","Severely - it bothered me a lot","Mildly - but it didn't bother me much","Not at all","Not at all","Moderately - it wasn't pleasant at times","Severely - it bothered me a lot","Not at all","Severely - it bothered me a lot","Severely - it bothered me a lot","3","5 - Very typical of me","1 - Not at all typical of me","5 - Very typical of me","5 - Very typical of me","2","5 - Very typical of me","5 - Very typical of me","5 - Very typical of me","1 - Not at all typical of me","2","5 - Very typical of me","5 - Very typical of me","5 - Very typical of me","4","5 - Very typical of me","4","Agree","Agree","Agree","Strongly Agree","Agree","Strongly Disagree","Agree","Agree","Agree","Strongly Agree","Agree","Neither Agree nor Disagree","Disagree","Agree","Agree","Strongly Agree","Disagree","Agree","Agree","Agree","Strongly Agree","Strongly Agree","Strongly Agree","Agree","Strongly Agree","Disagree","Strongly Agree","Strongly Agree","Strongly Agree","Strongly Agree","Strongly Disagree","Agree","Disagree","Strongly Agree","Strongly Agree","Strongly Agree","Strongly Agree","Disagree","Disagree","Agree","Agree","Strongly Agree","Agree","Agree","Strongly Agree","Agree","Strongly Agree","Research Participation: I consent to provide data from my research experience to researchers for analysis","Participation"
"17425","35","f","75","Very much","Much","Much","Very much","Very much","A fair amount","A fair amount","Much","Much","Much","Much","Much","A fair amount","Very much","A fair amount","Much","A little","Not at all","A fair amount","A little","A fair amount","A fair amount","A fair amount","Much","A little","A little","A little","A fair amount","A little","A fair amount","Not at all","4 - Corresponds moderately","4 - Corresponds moderately","5 - Corresponds a lot","4 - Corresponds moderately","3 - Corresponds a little","3 - Corresponds a little","6","6","5 - Corresponds a lot","5 - Corresponds a lot","4 - Corresponds moderately","3 - Corresponds a little","5 - Corresponds a lot","4 - Corresponds moderately","5 - Corresponds a lot","4 - Corresponds moderately","5 - Corresponds a lot","3 - Corresponds a little","1 - Does not correspond at all","4 - Corresponds moderately","6","6","4 - Corresponds moderately","6","3 - Corresponds a little","1 - Does not correspond at all","4 - Corresponds moderately","6","Sometimes","Almost Always","Often","Often","Sometimes","Sometimes","Often","Almost Never","Often","Often","Sometimes","Often","Often","Almost Always","Sometimes","Almost Always","Almost Always","Sometimes","Almost Always","Sometimes","Sometimes","Mildly - but it didn't bother me much","Moderately - it wasn't pleasant at times","Mildly - but it didn't bother me much","Moderately - it wasn't pleasant at times","Moderately - it wasn't pleasant at times","Moderately - it wasn't pleasant at times","Moderately - it wasn't pleasant at times","Moderately - it wasn't pleasant at times","Moderately - it wasn't pleasant at times","Moderately - it wasn't pleasant at times","Mildly - but it didn't bother me much","Mildly - but it didn't bother me much","Moderately - it wasn't pleasant at times","Mildly - but it didn't bother me much","Mildly - but it didn't bother me much","Moderately - it wasn't pleasant at times","Moderately - it wasn't pleasant at times","Moderately - it wasn't pleasant at times","Moderately - it wasn't pleasant at times","Moderately - it wasn't pleasant at times","Moderately - it wasn't pleasant at times","2","3","4","4","4","4","4","2","3","2","2","5 - Very typical of me","4","4","3","3","4","Agree","Agree","Agree","Agree","Neither Agree nor Disagree","Disagree","Neither Agree nor Disagree","Agree","Agree","Agree","Agree","Agree","Neither Agree nor Disagree","Neither Agree nor Disagree","Agree","Agree","Neither Agree nor Disagree","Agree","Agree","Agree","Agree","Neither Agree nor Disagree","Neither Agree nor Disagree","Neither Agree nor Disagree","Agree","Neither Agree nor Disagree","Agree","Neither Agree nor Disagree","Agree","Agree","Disagree","Agree","Neither Agree nor Disagree","Agree","Agree","Agree","Neither Agree nor Disagree","Neither Agree nor Disagree","Agree","Agree","Neither Agree nor Disagree","Agree","Neither Agree nor Disagree","Neither Agree nor Disagree","Agree","Agree","Agree","Research Participation: I consent to provide data from my research experience to researchers for analysis","Participation"
"8740","21","Female","97","Much","Much","Much","Much","Very much","Very much","Very much","Very much","Very much","Much","A fair amount","A fair amount","A little","A fair amount","A fair amount","A little","Not at all","Not at all","Not at all","Not at all","Not at all","A little","A little","Not at all","Not at all","Not at all","Not at all","Not at all","Not at all","Not at all","Not at all","6","7 - Corresponds exactly","7 - Corresponds exactly","6","2","7 - Corresponds exactly","7 - Corresponds exactly","7 - Corresponds exactly","7 - Corresponds exactly","7 - Corresponds exactly","7 - Corresponds exactly","1 - Does not correspond at all","7 - Corresponds exactly","7 - Corresponds exactly","7 - Corresponds exactly","7 - Corresponds exactly","7 - Corresponds exactly","7 - Corresponds exactly","1 - Does not correspond at all","7 - Corresponds exactly","7 - Corresponds exactly","7 - Corresponds exactly","7 - Corresponds exactly","7 - Corresponds exactly","7 - Corresponds exactly","1 - Does not correspond at all","7 - Corresponds exactly","7 - Corresponds exactly","Often","Often","Often","Almost Never","Almost Never","Almost Never","Sometimes","Almost Never","Often","Often","Often","Sometimes","Almost Never","Sometimes","Almost Never","Sometimes","Sometimes","Almost Never","Sometimes","Often","Almost Never","Mildly - but it didn't bother me much","Mildly - but it didn't bother me much","Moderately - it wasn't pleasant at times","Moderately - it wasn't pleasant at times","Moderately - it wasn't pleasant at times","Moderately - it wasn't pleasant at times","Moderately - it wasn't pleasant at times","Moderately - it wasn't pleasant at times","Moderately - it wasn't pleasant at times","Moderately - it wasn't pleasant at times","Moderately - it wasn't pleasant at times","Moderately - it wasn't pleasant at times","Moderately - it wasn't pleasant at times","Not at all","Mildly - but it didn't bother me much","Moderately - it wasn't pleasant at times","Moderately - it wasn't pleasant at times","Severely - it bothered me a lot","Mildly - but it didn't bother me much","Moderately - it wasn't pleasant at times","Moderately - it wasn't pleasant at times","1 - Not at all typical of me","5 - Very typical of me","1 - Not at all typical of me","5 - Very typical of me","5 - Very typical of me","5 - Very typical of me","5 - Very typical of me","2","5 - Very typical of me","1 - Not at all typical of me","3","5 - Very typical of me","3","5 - Very typical of me","3","5 - Very typical of me","5 - Very typical of me","Agree","Strongly Agree","Do Not Recall","Agree","Agree","Disagree","Do Not Recall","Agree","Agree","Agree","Agree","Disagree","Disagree","Disagree","Agree","Disagree","Disagree","Agree","Agree","Agree","Agree","Agree","Agree","Do Not Recall","Agree","Disagree","Strongly Agree","Agree","Agree","Agree","Neither Agree nor Disagree","Agree","Disagree","Disagree","Agree","Agree","Disagree","Disagree","Agree","Agree","Strongly Agree","Agree","Agree","Strongly Agree","Disagree","Agree","Agree","Research Participation: I consent to provide data from my research experience to researchers for analysis","Participation"
"18329","24","Female","50","Very much","Very much","Very much","Very much","Very much","","Very much","Very much","Very much","Very much","Very much","Very much","Very much","Very much","Very much","Very much","Very much","A fair amount","Very much","Very much","Very much","Very much","A fair amount","Very much","A fair amount","Very much","A little","Very much","Very much","Very much","Not at all","5 - Corresponds a lot","1 - Does not correspond at all","5 - Corresponds a lot","5 - Corresponds a lot","5 - Corresponds a lot","2","6","5 - Corresponds a lot","1 - Does not correspond at all","5 - Corresponds a lot","1 - Does not correspond at all","4 - Corresponds moderately","4 - Corresponds moderately","5 - Corresponds a lot","5 - Corresponds a lot","5 - Corresponds a lot","7 - Corresponds exactly","6","7 - Corresponds exactly","7 - Corresponds exactly","4 - Corresponds moderately","5 - Corresponds a lot","2","5 - Corresponds a lot","3 - Corresponds a little","2","1 - Does not correspond at all","5 - Corresponds a lot","Almost Never","Often","Often","Almost Always","Almost Always","Almost Always","Almost Always","Almost Always","Almost Always","Sometimes","Almost Always","Almost Always","Almost Always","Almost Always","Almost Always","Almost Always","Almost Always","Almost Always","Almost Always","Almost Always","Almost Always","Moderately - it wasn't pleasant at times","Moderately - it wasn't pleasant at times","Not at all","Moderately - it wasn't pleasant at times","Moderately - it wasn't pleasant at times","Moderately - it wasn't pleasant at times","Mildly - but it didn't bother me much","Not at all","Mildly - but it didn't bother me much","Moderately - it wasn't pleasant at times","Not at all","Not at all","Moderately - it wasn't pleasant at times","Not at all","Not at all","Severely - it bothered me a lot","Mildly - but it didn't bother me much","Not at all","Not at all","Not at all","Moderately - it wasn't pleasant at times","4","3","3","3","4","3","3","3","","4","2","4","5 - Very typical of me","5 - Very typical of me","3","5 - Very typical of me","4","Agree","Strongly Agree","Strongly Disagree","Strongly Agree","Agree","Strongly Disagree","Strongly Disagree","Agree","Strongly Disagree","Agree","Strongly Agree","Strongly Agree","Strongly Agree","Neither Agree nor Disagree","Strongly Agree","Agree","Neither Agree nor Disagree","Strongly Agree","Strongly Agree","Strongly Agree","Do Not Recall","Do Not Recall","Do Not Recall","Agree","Agree","Strongly Agree","Agree","Disagree","Strongly Disagree","Strongly Disagree","Agree","Agree","Agree","Agree","Agree","Strongly Agree","Agree","Agree","Do Not Recall","Do Not Recall","Strongly Disagree","Do Not Recall","Disagree","Strongly Agree","Strongly Disagree","Strongly Disagree","Strongly Disagree","Research Participation: I consent to provide data from my research experience to researchers for analysis","Participation"
"15594","21","Female","90","Much","A little","Much","Much","Much","A little","Much","Much","Much","Much","Much","Much","A little","Much","A little","A little","A little","A little","A little","A little","A little","A fair amount","A fair amount","A fair amount","A fair amount","A fair amount","A little","A fair amount","A fair amount","A fair amount","Not at all","4 - Corresponds moderately","5 - Corresponds a lot","5 - Corresponds a lot","5 - Corresponds a lot","1 - Does not correspond at all","5 - Corresponds a lot","5 - Corresponds a lot","5 - Corresponds a lot","5 - Corresponds a lot","5 - Corresponds a lot","3 - Corresponds a little","1 - Does not correspond at all","5 - Corresponds a lot","5 - Corresponds a lot","5 - Corresponds a lot","5 - Corresponds a lot","5 - Corresponds a lot","4 - Corresponds moderately","1 - Does not correspond at all","5 - Corresponds a lot","5 - Corresponds a lot","","5 - Corresponds a lot","5 - Corresponds a lot","4 - Corresponds moderately","1 - Does not correspond at all","5 - Corresponds a lot","5 - Corresponds a lot","Sometimes","Often","Almost Always","Often","Often","Often","Almost Always","Almost Never","Almost Always","Often","Often","Often","Almost Always","Often","Often","Often","Often","Often","Often","Sometimes","Sometimes","Not at all","Severely - it bothered me a lot","Mildly - but it didn't bother me much","Severely - it bothered me a lot","Severely - it bothered me a lot","Severely - it bothered me a lot","Severely - it bothered me a lot","Mildly - but it didn't bother me much","Not at all","Severely - it bothered me a lot","Not at all","Severely - it bothered me a lot","Severely - it bothered me a lot","Not at all","Moderately - it wasn't pleasant at times","Not at all","Not at all","Not at all","Severely - it bothered me a lot","Severely - it bothered me a lot","Severely - it bothered me a lot","2","4","1 - Not at all typical of me","4","5 - Very typical of me","5 - Very typical of me","5 - Very typical of me","1 - Not at all typical of me","4","1 - Not at all typical of me","1 - Not at all typical of me","5 - Very typical of me","5 - Very typical of me","4","5 - Very typical of me","5 - Very typical of me","5 - Very typical of me","Agree","Agree","Disagree","Agree","Agree","Disagree","Neither Agree nor Disagree","Agree","Agree","Agree","Agree","Disagree","Disagree","Agree","Agree","Disagree","Disagree","Agree","Agree","Agree","Agree","Agree","Agree","Agree","Agree","Disagree","Agree","Agree","Agree","Agree","Disagree","Agree","Disagree","Disagree","Agree","Agree","Agree","Disagree","Disagree","Agree","Agree","Agree","Disagree","Agree","Agree","Agree","Agree","Research Participation: I consent to provide data from my research experience to researchers for analysis","Participation"
"18371","20","Male","87","A little","A little","A little","A little","A little","Not at all","Not at all","A fair amount","Much","A little","A little","A little","Not at all","A little","Not at all","Not at all","Not at all","Not at all","Not at all","Not at all","Not at all","Not at all","Not at all","Not at all","Not at all","Not at all","Not at all","Not at all","Not at all","Not at all","Not at all","4 - Corresponds moderately","5 - Corresponds a lot","6","4 - Corresponds moderately","2","1 - Does not correspond at all","2","5 - Corresponds a lot","5 - Corresponds a lot","5 - Corresponds a lot","1 - Does not correspond at all","1 - Does not correspond at all","4 - Corresponds moderately","2","3 - Corresponds a little","5 - Corresponds a lot","4 - Corresponds moderately","1 - Does not correspond at all","1 - Does not correspond at all","3 - Corresponds a little","3 - Corresponds a little","4 - Corresponds moderately","5 - Corresponds a lot","4 - Corresponds moderately","1 - Does not correspond at all","1 - Does not correspond at all","2","2","Often","Sometimes","Sometimes","Almost Never","Almost Never","Almost Never","Almost Never","Almost Never","Sometimes","Sometimes","Almost Never","Almost Never","Almost Never","Almost Never","Almost Never","Almost Never","Sometimes","Almost Never","Almost Never","Almost Never","Almost Never","Not at all","Not at all","Not at all","Mildly - but it didn't bother me much","Mildly - but it didn't bother me much","Not at all","Not at all","Not at all","Not at all","Not at all","Not at all","Moderately - it wasn't pleasant at times","Not at all","Not at all","Not at all","Not at all","Not at all","Not at all","Not at all","Not at all","Not at all","1 - Not at all typical of me","2","3","2","1 - Not at all typical of me","1 - Not at all typical of me","1 - Not at all typical of me","3","5 - Very typical of me","3","3","5 - Very typical of me","1 - Not at all typical of me","2","2","2","4","Agree","Strongly Agree","Strongly Agree","Agree","Neither Agree nor Disagree","Disagree","Disagree","Agree","Agree","Agree","Neither Agree nor Disagree","Disagree","Disagree","Disagree","Disagree","Strongly Disagree","Disagree","Agree","Agree","Neither Agree nor Disagree","Neither Agree nor Disagree","Disagree","Agree","Disagree","Agree","Strongly Disagree","Agree","Disagree","Disagree","Agree","Disagree","Agree","Disagree","Agree","Agree","Agree","Agree","Disagree","Disagree","Disagree","Agree","Agree","Disagree","Agree","Agree","Agree","Disagree","Research Participation: I consent to provide data from my research experience to researchers for analysis","Participation"
"15258","60","female","B-","A fair amount","A little","A little","A fair amount","Much","A little","A little","A little","A fair amount","A little","Much","A fair amount","Not at all","A little","Not at all","Not at all","Not at all","Not at all","Not at all","Not at all","Not at all","A little","Not at all","A little","A little","Not at all","Not at all","A little","A little","A little","Not at all","7 - Corresponds exactly","6","7 - Corresponds exactly","2","1 - Does not correspond at all","5 - Corresponds a lot","7 - Corresponds exactly","6","5 - Corresponds a lot","6","5 - Corresponds a lot","1 - Does not correspond at all","6","5 - Corresponds a lot","4 - Corresponds moderately","5 - Corresponds a lot","5 - Corresponds a lot","5 - Corresponds a lot","1 - Does not correspond at all","7 - Corresponds exactly","4 - Corresponds moderately","4 - Corresponds moderately","5 - Corresponds a lot","6","5 - Corresponds a lot","1 - Does not correspond at all","6","7 - Corresponds exactly","Sometimes","Often","Sometimes","Often","Almost Never","Sometimes","Sometimes","Sometimes","Often","Sometimes","Almost Never","Often","Sometimes","Often","Sometimes","Sometimes","Often","Sometimes","Almost Never","Almost Never","Sometimes","Not at all","Mildly - but it didn't bother me much","Mildly - but it didn't bother me much","Mildly - but it didn't bother me much","Not at all","Not at all","Not at all","Not at all","Not at all","Mildly - but it didn't bother me much","Not at all","Not at all","Not at all","Not at all","Not at all","Not at all","Not at all","Mildly - but it didn't bother me much","Not at all","Mildly - but it didn't bother me much","Not at all","1 - Not at all typical of me","5 - Very typical of me","1 - Not at all typical of me","5 - Very typical of me","5 - Very typical of me","5 - Very typical of me","5 - Very typical of me","2","4","1 - Not at all typical of me","1 - Not at all typical of me","5 - Very typical of me","4","5 - Very typical of me","4","5 - Very typical of me","5 - Very typical of me","Agree","Strongly Agree","Disagree","Agree","Agree","Strongly Disagree","Neither Agree nor Disagree","Agree","Agree","Agree","Agree","Neither Agree nor Disagree","Disagree","Neither Agree nor Disagree","Agree","Agree","Disagree","Neither Agree nor Disagree","Agree","Agree","Agree","Agree","Neither Agree nor Disagree","Agree","Agree","Disagree","Strongly Agree","Agree","Strongly Agree","Agree","Disagree","Agree","Disagree","Agree","Agree","Agree","Agree","Disagree","Neither Agree nor Disagree","Neither Agree nor Disagree","Neither Agree nor Disagree","Agree","Neither Agree nor Disagree","Neither Agree nor Disagree","Agree","Neither Agree nor Disagree","Agree","Research Participation: I consent to provide data from my research experience to researchers for analysis","Participation"
"12943","22","F","","A fair amount","A fair amount","A fair amount","Much","Much","Much","Much","A little","Much","Much","Much","Much","A little","Much","Much","A fair amount","Not at all","Not at all","Not at all","A little","A little","A little","A little","A little","A little","A little","Not at all","Not at all","Not at all","Not at all","Not at all","3 - Corresponds a little","3 - Corresponds a little","4 - Corresponds moderately","4 - Corresponds moderately","2","3 - Corresponds a little","2","4 - Corresponds moderately","3 - Corresponds a little","5 - Corresponds a lot","2","2","2","2","2","3 - Corresponds a little","6","3 - Corresponds a little","1 - Does not correspond at all","4 - Corresponds moderately","2","2","6","2","6","1 - Does not correspond at all","4 - Corresponds moderately","4 - Corresponds moderately","Often","Sometimes","Sometimes","Sometimes","Almost Never","Sometimes","Sometimes","Almost Never","Often","Often","Sometimes","Sometimes","Sometimes","Sometimes","Almost Never","Often","Often","Almost Never","Sometimes","Often","Sometimes","Mildly - but it didn't bother me much","Moderately - it wasn't pleasant at times","Moderately - it wasn't pleasant at times","Moderately - it wasn't pleasant at times","Moderately - it wasn't pleasant at times","Not at all","Moderately - it wasn't pleasant at times","Moderately - it wasn't pleasant at times","Moderately - it wasn't pleasant at times","Moderately - it wasn't pleasant at times","Not at all","Mildly - but it didn't bother me much","Mildly - but it didn't bother me much","Not at all","Mildly - but it didn't bother me much","Mildly - but it didn't bother me much","Mildly - but it didn't bother me much","Mildly - but it didn't bother me much","Not at all","Not at all","Not at all","1 - Not at all typical of me","3","2","5 - Very typical of me","5 - Very typical of me","5 - Very typical of me","5 - Very typical of me","2","4","1 - Not at all typical of me","1 - Not at all typical of me","5 - Very typical of me","3","5 - Very typical of me","4","4","4","Strongly Agree","Strongly Agree","Strongly Disagree","Strongly Agree","Strongly Agree","Strongly Disagree","Agree","Agree","Agree","Agree","Agree","Strongly Disagree","Strongly Disagree","Agree","Agree","Neither Agree nor Disagree","Strongly Disagree","Agree","Agree","Agree","Agree","Agree","Agree","Agree","Agree","Strongly Disagree","Agree","Neither Agree nor Disagree","Agree","Agree","Do Not Recall","Agree","Disagree","Agree","Agree","Agree","Neither Agree nor Disagree","Strongly Disagree","Neither Agree nor Disagree","Neither Agree nor Disagree","Neither Agree nor Disagree","Agree","Neither Agree nor Disagree","Disagree","Agree","Disagree","Agree","Research Participation: I consent to provide data from my research experience to researchers for analysis","Participation"
"15636","22","female","80","Very much","Much","Very much","Very much","Very much","Much","Very much","Very much","Very much","A fair amount","Very much","A little","Not at all","Much","A fair amount","A fair amount","Not at all","Not at all","A little","Much","Not at all","A little","A fair amount","A fair amount","A fair amount","A little","Not at all","Not at all","Not at all","Not at all","Not at all","1 - Does not correspond at all","4 - Corresponds moderately","7 - Corresponds exactly","1 - Does not correspond at all","1 - Does not correspond at all","5 - Corresponds a lot","7 - Corresponds exactly","6","4 - Corresponds moderately","7 - Corresponds exactly","1 - Does not correspond at all","1 - Does not correspond at all","5 - Corresponds a lot","6","6","6","2","1 - Does not correspond at all","1 - Does not correspond at all","5 - Corresponds a lot","5 - Corresponds a lot","4 - Corresponds moderately","5 - Corresponds a lot","1 - Does not correspond at all","1 - Does not correspond at all","1 - Does not correspond at all","2","5 - Corresponds a lot","Sometimes","Sometimes","Often","Sometimes","Almost Always","Sometimes","Almost Always","Almost Never","Often","Often","Often","Almost Always","Almost Always","Often","Sometimes","Sometimes","Almost Always","Often","Sometimes","Often","Often","Mildly - but it didn't bother me much","Mildly - but it didn't bother me much","Moderately - it wasn't pleasant at times","Severely - it bothered me a lot","Severely - it bothered me a lot","Severely - it bothered me a lot","Moderately - it wasn't pleasant at times","Moderately - it wasn't pleasant at times","Moderately - it wasn't pleasant at times","Severely - it bothered me a lot","Moderately - it wasn't pleasant at times","Mildly - but it didn't bother me much","Moderately - it wasn't pleasant at times","Severely - it bothered me a lot","Severely - it bothered me a lot","Not at all","Severely - it bothered me a lot","Severely - it bothered me a lot","Severely - it bothered me a lot","Mildly - but it didn't bother me much","Severely - it bothered me a lot","2","5 - Very typical of me","1 - Not at all typical of me","5 - Very typical of me","5 - Very typical of me","5 - Very typical of me","5 - Very typical of me","3","5 - Very typical of me","1 - Not at all typical of me","1 - Not at all typical of me","5 - Very typical of me","4","5 - Very typical of me","4","5 - Very typical of me","3","Agree","Agree","Strongly Disagree","Strongly Agree","Agree","Strongly Disagree","Agree","Agree","Strongly Agree","Strongly Agree","Strongly Agree","Strongly Disagree","Strongly Disagree","Agree","Agree","Disagree","Strongly Disagree","Agree","Strongly Agree","Strongly Agree","Agree","Strongly Agree","Agree","Neither Agree nor Disagree","Strongly Agree","Strongly Disagree","Strongly Disagree","Strongly Disagree","Neither Agree nor Disagree","Neither Agree nor Disagree","Strongly Agree","Agree","Do Not Recall","Strongly Disagree","Neither Agree nor Disagree","Agree","Neither Agree nor Disagree","Disagree","Neither Agree nor Disagree","Neither Agree nor Disagree","Agree","Strongly Agree","Strongly Disagree","Do Not Recall","Strongly Agree","Do Not Recall","Agree","Research Participation: I consent to provide data from my research experience to researchers for analysis","Participation"
"18376","20","Female","95","Much","A little","A fair amount","Much","Much","A fair amount","A fair amount","Much","Very much","A little","A fair amount","A fair amount","A little","A fair amount","A little","Not at all","Not at all","Not at all","Not at all","A little","Not at all","Much","A fair amount","A fair amount","A fair amount","A little","Not at all","A fair amount","Not at all","Not at all","Not at all","5 - Corresponds a lot","5 - Corresponds a lot","7 - Corresponds exactly","1 - Does not correspond at all","1 - Does not correspond at all","1 - Does not correspond at all","4 - Corresponds moderately","6","5 - Corresponds a lot","7 - Corresponds exactly","1 - Does not correspond at all","1 - Does not correspond at all","1 - Does not correspond at all","1 - Does not correspond at all","3 - Corresponds a little","5 - Corresponds a lot","6","1 - Does not correspond at all","1 - Does not correspond at all","3 - Corresponds a little","2","5 - Corresponds a lot","4 - Corresponds moderately","3 - Corresponds a little","1 - Does not correspond at all","1 - Does not correspond at all","2","3 - Corresponds a little","Often","Sometimes","Almost Never","Sometimes","Almost Never","Almost Never","Almost Never","Almost Never","Sometimes","Almost Never","Sometimes","Almost Never","Sometimes","Almost Never","Almost Never","Almost Never","Sometimes","Almost Never","Almost Never","Almost Never","Almost Never","Mildly - but it didn't bother me much","Not at all","Not at all","Moderately - it wasn't pleasant at times","Mildly - but it didn't bother me much","Not at all","Mildly - but it didn't bother me much","Not at all","Mildly - but it didn't bother me much","Moderately - it wasn't pleasant at times","Not at all","Not at all","Not at all","Mildly - but it didn't bother me much","Not at all","Not at all","Not at all","Not at all","Not at all","Mildly - but it didn't bother me much","Mildly - but it didn't bother me much","1 - Not at all typical of me","3","2","3","3","4","3","1 - Not at all typical of me","4","1 - Not at all typical of me","2","5 - Very typical of me","4","4","4","3","3","Strongly Agree","Strongly Agree","Do Not Recall","Strongly Agree","Agree","Strongly Disagree","Agree","Strongly Agree","Strongly Agree","Strongly Agree","Strongly Agree","Disagree","Disagree","Neither Agree nor Disagree","Strongly Agree","Disagree","Strongly Disagree","Agree","Strongly Agree","Agree","Agree","Strongly Agree","Strongly Agree","Neither Agree nor Disagree","Strongly Agree","Strongly Disagree","Agree","Strongly Agree","Strongly Agree","Strongly Agree","Disagree","Agree","Neither Agree nor Disagree","Disagree","Agree","Strongly Agree","Agree","Strongly Disagree","Neither Agree nor Disagree","Neither Agree nor Disagree","Strongly Agree","Agree","Neither Agree nor Disagree","Agree","Disagree","Agree","Do Not Recall","Research Participation: I consent to provide data from my research experience to researchers for analysis","Participation"
"13099","20","female","65%","Very much","Very much","Very much","Very much","Very much","Very much","Very much","Very much","Very much","Very much","Very much","Very much","Very much","Very much","Very much","Not at all","Not at all","Not at all","Not at all","Not at all","Not at all","Not at all","Not at all","Not at all","Not at all","Not at all","Not at all","Not at all","Not at all","Not at all","Not at all","1 - Does not correspond at all","1 - Does not correspond at all","5 - Corresponds a lot","3 - Corresponds a little","1 - Does not correspond at all","1 - Does not correspond at all","3 - Corresponds a little","7 - Corresponds exactly","7 - Corresponds exactly","5 - Corresponds a lot","1 - Does not correspond at all","1 - Does not correspond at all","2","7 - Corresponds exactly","7 - Corresponds exactly","1 - Does not correspond at all","7 - Corresponds exactly","1 - Does not correspond at all","3 - Corresponds a little","1 - Does not correspond at all","2","7 - Corresponds exactly","1 - Does not correspond at all","7 - Corresponds exactly","1 - Does not correspond at all","3 - Corresponds a little","1 - Does not correspond at all","3 - Corresponds a little","Almost Never","Almost Always","Almost Always","Almost Always","Almost Always","Sometimes","Almost Always","Almost Never","Almost Always","Sometimes","Sometimes","Almost Always","Almost Always","Often","Often","Almost Always","Almost Always","Almost Always","Almost Always","Almost Never","Almost Always","Severely - it bothered me a lot","Severely - it bothered me a lot","Severely - it bothered me a lot","Severely - it bothered me a lot","Severely - it bothered me a lot","Severely - it bothered me a lot","Severely - it bothered me a lot","Mildly - but it didn't bother me much","Severely - it bothered me a lot","Severely - it bothered me a lot","Severely - it bothered me a lot","Mildly - but it didn't bother me much","Mildly - but it didn't bother me much","Mildly - but it didn't bother me much","Not at all","Moderately - it wasn't pleasant at times","Severely - it bothered me a lot","Moderately - it wasn't pleasant at times","Not at all","Not at all","Mildly - but it didn't bother me much","5 - Very typical of me","5 - Very typical of me","5 - Very typical of me","5 - Very typical of me","5 - Very typical of me","5 - Very typical of me","5 - Very typical of me","1 - Not at all typical of me","5 - Very typical of me","1 - Not at all typical of me","1 - Not at all typical of me","5 - Very typical of me","3","5 - Very typical of me","5 - Very typical of me","5 - Very typical of me","5 - Very typical of me","Strongly Agree","Strongly Agree","Disagree","Strongly Agree","Strongly Agree","Disagree","Strongly Agree","Strongly Agree","Agree","Strongly Agree","Agree","Disagree","Disagree","Strongly Agree","Agree","Strongly Agree","Disagree","Agree","Agree","Agree","Neither Agree nor Disagree","Disagree","Disagree","Disagree","Agree","Agree","Strongly Agree","Strongly Agree","Strongly Agree","Strongly Agree","Strongly Disagree","Agree","Strongly Disagree","Strongly Agree","Strongly Agree","Strongly Agree","Strongly Agree","Disagree","Disagree","Disagree","Disagree","Disagree","Disagree","Agree","Strongly Agree","Disagree","Agree","Research Participation: I consent to provide data from my research experience to researchers for analysis","Participation"
"18357","37","male","83","A little","A little","A little","A little","A little","Not at all","Not at all","Not at all","A fair amount","A little","A fair amount","Not at all","A little","A little","Not at all","Not at all","Not at all","Not at all","Not at all","Not at all","Not at all","Not at all","Not at all","A little","Not at all","Not at all","Not at all","Not at all","Not at all","Not at all","Not at all","1 - Does not correspond at all","7 - Corresponds exactly","4 - Corresponds moderately","5 - Corresponds a lot","1 - Does not correspond at all","7 - Corresponds exactly","7 - Corresponds exactly","4 - Corresponds moderately","6","6","7 - Corresponds exactly","2","6","3 - Corresponds a little","3 - Corresponds a little","7 - Corresponds exactly","2","5 - Corresponds a lot","1 - Does not correspond at all","6","7 - Corresponds exactly","4 - Corresponds moderately","7 - Corresponds exactly","4 - Corresponds moderately","5 - Corresponds a lot","1 - Does not correspond at all","6","7 - Corresponds exactly","Almost Always","Almost Never","Almost Never","Almost Never","Almost Never","Almost Never","Almost Never","Almost Never","Sometimes","Almost Never","Sometimes","Almost Never","Almost Never","Almost Never","Sometimes","Almost Never","Almost Never","Almost Never","Almost Never","Almost Never","Sometimes","Not at all","Mildly - but it didn't bother me much","Not at all","Not at all","Moderately - it wasn't pleasant at times","Not at all","Not at all","Not at all","Not at all","Not at all","Not at all","Not at all","Not at all","Not at all","Not at all","Mildly - but it didn't bother me much","","Severely - it bothered me a lot","Not at all","Not at all","Not at all","2","2","4","1 - Not at all typical of me","1 - Not at all typical of me","2","1 - Not at all typical of me","4","1 - Not at all typical of me","3","4","5 - Very typical of me","1 - Not at all typical of me","2","1 - Not at all typical of me","1 - Not at all typical of me","1 - Not at all typical of me","Agree","Strongly Agree","Neither Agree nor Disagree","Agree","Neither Agree nor Disagree","Strongly Disagree","Agree","Agree","Strongly Agree","Agree","Neither Agree nor Disagree","Strongly Disagree","Neither Agree nor Disagree","Strongly Agree","Agree","Strongly Disagree","Strongly Disagree","Agree","Agree","Agree","Strongly Agree","Strongly Disagree","Agree","Strongly Agree","Agree","Strongly Disagree","Disagree","Disagree","Agree","Agree","Agree","Agree","Neither Agree nor Disagree","Strongly Disagree","Agree","Strongly Agree","Strongly Disagree","Strongly Disagree","Strongly Disagree","Agree","Agree","Strongly Agree","Disagree","Strongly Agree","Strongly Disagree","Strongly Agree","Strongly Disagree","Research Participation: I consent to provide data from my research experience to researchers for analysis","Participation"
"18342","21","Male","87","Much","Very much","A fair amount","A fair amount","Not at all","A little","Very much","Much","Very much","A little","A fair amount","A fair amount","Not at all","Very much","A fair amount","Much","Not at all","A little","Not at all","A little","Not at all","Very much","A little","A little","Much","A little","Not at all","Not at all","Not at all","A little","Not at all","6","4 - Corresponds moderately","7 - Corresponds exactly","2","3 - Corresponds a little","1 - Does not correspond at all","1 - Does not correspond at all","6","4 - Corresponds moderately","7 - Corresponds exactly","1 - Does not correspond at all","3 - Corresponds a little","6","3 - Corresponds a little","4 - Corresponds moderately","3 - Corresponds a little","4 - Corresponds moderately","1 - Does not correspond at all","2","3 - Corresponds a little","1 - Does not correspond at all","5 - Corresponds a lot","3 - Corresponds a little","4 - Corresponds moderately","2","5 - Corresponds a lot","3 - Corresponds a little","4 - Corresponds moderately","Almost Never","Sometimes","Almost Always","Sometimes","Almost Never","Almost Never","Sometimes","Almost Never","Often","Often","Almost Always","Sometimes","Almost Always","Almost Never","Sometimes","Almost Always","Often","Often","Almost Never","Sometimes","Often","Mildly - but it didn't bother me much","Not at all","Not at all","Moderately - it wasn't pleasant at times","Severely - it bothered me a lot","Mildly - but it didn't bother me much","Not at all","Mildly - but it didn't bother me much","Moderately - it wasn't pleasant at times","Mildly - but it didn't bother me much","Moderately - it wasn't pleasant at times","Severely - it bothered me a lot","Mildly - but it didn't bother me much","Moderately - it wasn't pleasant at times","Mildly - but it didn't bother me much","Not at all","Mildly - but it didn't bother me much","Moderately - it wasn't pleasant at times","Not at all","Not at all","Not at all","1 - Not at all typical of me","4","2","5 - Very typical of me","4","4","5 - Very typical of me","2","4","1 - Not at all typical of me","2","5 - Very typical of me","3","4","4","5 - Very typical of me","5 - Very typical of me","Strongly Disagree","Disagree","Neither Agree nor Disagree","Disagree","Agree","Neither Agree nor Disagree","Do Not Recall","Disagree","Strongly Disagree","Disagree","Agree","Agree","Do Not Recall","Agree","Disagree","Strongly Disagree","Disagree","Disagree","Agree","Disagree","Disagree","Agree","Disagree","Strongly Disagree","Agree","Neither Agree nor Disagree","Disagree","Disagree","Strongly Agree","Strongly Agree","Strongly Agree","Agree","Disagree","Strongly Disagree","Strongly Agree","Strongly Agree","Neither Agree nor Disagree","Do Not Recall","Agree","Disagree","Neither Agree nor Disagree","Disagree","Neither Agree nor Disagree","Agree","Neither Agree nor Disagree","Strongly Agree","Strongly Agree","Research Participation: I consent to provide data from my research experience to researchers for analysis","Participation"
"17759","28","Male","70","A fair amount","A fair amount","A fair amount","Very much","Very much","A fair amount","Not at all","Not at all","Not at all","Much","Much","Much","A fair amount","Very much","Not at all","Not at all","Not at all","Not at all","Not at all","Not at all","Not at all","Not at all","Not at all","Not at all","Not at all","Not at all","Not at all","Not at all","Not at all","Not at all","Not at all","4 - Corresponds moderately","7 - Corresponds exactly","4 - Corresponds moderately","1 - Does not correspond at all","1 - Does not correspond at all","5 - Corresponds a lot","7 - Corresponds exactly","5 - Corresponds a lot","7 - Corresponds exactly","4 - Corresponds moderately","3 - Corresponds a little","1 - Does not correspond at all","7 - Corresponds exactly","4 - Corresponds moderately","4 - Corresponds moderately","7 - Corresponds exactly","3 - Corresponds a little","1 - Does not correspond at all","1 - Does not correspond at all","7 - Corresponds exactly","7 - Corresponds exactly","3 - Corresponds a little","7 - Corresponds exactly","3 - Corresponds a little","7 - Corresponds exactly","1 - Does not correspond at all","7 - Corresponds exactly","7 - Corresponds exactly","Sometimes","Almost Never","Often","Sometimes","Almost Never","Often","Almost Never","Almost Never","Almost Always","Almost Always","Often","Almost Never","Almost Always","Almost Never","Sometimes","Sometimes","Almost Never","Sometimes","Often","Almost Never","Almost Always","Severely - it bothered me a lot","Severely - it bothered me a lot","Severely - it bothered me a lot","Severely - it bothered me a lot","Not at all","Severely - it bothered me a lot","Severely - it bothered me a lot","Severely - it bothered me a lot","Mildly - but it didn't bother me much","Not at all","Not at all","Severely - it bothered me a lot","Severely - it bothered me a lot","Mildly - but it didn't bother me much","Mildly - but it didn't bother me much","Not at all","Not at all","Moderately - it wasn't pleasant at times","Severely - it bothered me a lot","Severely - it bothered me a lot","Severely - it bothered me a lot","3","2","3","2","2","1 - Not at all typical of me","3","5 - Very typical of me","3","4","5 - Very typical of me","5 - Very typical of me","1 - Not at all typical of me","4","1 - Not at all typical of me","1 - Not at all typical of me","5 - Very typical of me","Strongly Agree","Strongly Agree","Do Not Recall","Strongly Disagree","Strongly Disagree","Strongly Disagree","Strongly Agree","Strongly Agree","Neither Agree nor Disagree","Strongly Agree","Agree","Strongly Agree","Do Not Recall","Agree","Agree","Strongly Disagree","Strongly Disagree","Strongly Agree","Agree","Agree","Neither Agree nor Disagree","Neither Agree nor Disagree","Strongly Disagree","Agree","","Strongly Disagree","Agree","Agree","Agree","Agree","Disagree","Agree","Neither Agree nor Disagree","Neither Agree nor Disagree","Agree","Agree","Neither Agree nor Disagree","Strongly Disagree","Strongly Agree","Strongly Agree","Neither Agree nor Disagree","Strongly Agree","Strongly Agree","Strongly Disagree","Neither Agree nor Disagree","Strongly Disagree","Agree","Research Participation: I consent to provide data from my research experience to researchers for analysis","Participation"
"18317","23","Female ","90","Not at all","A little","Not at all","Not at all","A little","A little","Much","A fair amount","A fair amount","Not at all","A little","A little","A little","Not at all","Not at all","Not at all","Not at all","Not at all","Not at all","Not at all","Not at all","Not at all","Not at all","Not at all","Not at all","Not at all","Not at all","Not at all","Not at all","Not at all","Not at all","1 - Does not correspond at all","4 - Corresponds moderately","1 - Does not correspond at all","1 - Does not correspond at all","1 - Does not correspond at all","1 - Does not correspond at all","1 - Does not correspond at all","3 - Corresponds a little","1 - Does not correspond at all","1 - Does not correspond at all","1 - Does not correspond at all","1 - Does not correspond at all","1 - Does not correspond at all","3 - Corresponds a little","4 - Corresponds moderately","1 - Does not correspond at all","1 - Does not correspond at all","3 - Corresponds a little","1 - Does not correspond at all","1 - Does not correspond at all","1 - Does not correspond at all","1 - Does not correspond at all","3 - Corresponds a little","1 - Does not correspond at all","1 - Does not correspond at all","1 - Does not correspond at all","1 - Does not correspond at all","1 - Does not correspond at all","Almost Always","Sometimes","Sometimes","Sometimes","Often","Sometimes","Sometimes","Almost Never","Almost Never","Almost Never","Almost Never","Almost Never","Almost Never","Almost Never","Almost Never","Almost Never","Almost Never","Sometimes","Sometimes","Sometimes","Sometimes","Not at all","Not at all","Not at all","Not at all","Not at all","Not at all","Not at all","Not at all","Not at all","Not at all","Not at all","Not at all","Not at all","Not at all","Not at all","Not at all","Not at all","Not at all","Not at all","Not at all","Not at all","1 - Not at all typical of me","1 - Not at all typical of me","1 - Not at all typical of me","1 - Not at all typical of me","2","1 - Not at all typical of me","1 - Not at all typical of me","1 - Not at all typical of me","2","1 - Not at all typical of me","1 - Not at all typical of me","5 - Very typical of me","4","5 - Very typical of me","5 - Very typical of me","5 - Very typical of me","5 - Very typical of me","Strongly Agree","Strongly Agree","Strongly Agree","","Strongly Agree","Strongly Disagree","Strongly Agree","Do Not Recall","Strongly Agree","Strongly Agree","Agree","Strongly Disagree","Strongly Disagree","Agree","Strongly Agree","Strongly Disagree","Strongly Disagree","Strongly Agree","Strongly Agree","Do Not Recall","Strongly Agree","Neither Agree nor Disagree","Agree","Strongly Agree","Strongly Agree","Strongly Disagree","Strongly Agree","Strongly Agree","Strongly Agree","Strongly Agree","Disagree","Agree","Strongly Disagree","Agree","Agree","Neither Agree nor Disagree","Agree","Strongly Disagree","Strongly Agree","Strongly Agree","Strongly Agree","Strongly Agree","Strongly Agree","Strongly Disagree","Neither Agree nor Disagree","Do Not Recall","Neither Agree nor Disagree","Research Participation: I consent to provide data from my research experience to researchers for analysis","Participation"
"8352","21","Male","95","Much","A fair amount","Very much","Very much","Very much","Much","Very much","A fair amount","Much","A little","A fair amount","A fair amount","Not at all","Much","Not at all","Very much","Not at all","A little","A little","A little","Not at all","A fair amount","Much","A fair amount","A little","A fair amount","Not at all","A little","A little","A little","Not at all","7 - Corresponds exactly","5 - Corresponds a lot","7 - Corresponds exactly","4 - Corresponds moderately","4 - Corresponds moderately","5 - Corresponds a lot","7 - Corresponds exactly","7 - Corresponds exactly","6","7 - Corresponds exactly","3 - Corresponds a little","2","6","7 - Corresponds exactly","7 - Corresponds exactly","7 - Corresponds exactly","7 - Corresponds exactly","3 - Corresponds a little","1 - Does not correspond at all","5 - Corresponds a lot","6","6","7 - Corresponds exactly","7 - Corresponds exactly","4 - Corresponds moderately","2","6","7 - Corresponds exactly","Sometimes","Sometimes","Often","Sometimes","Sometimes","Sometimes","Often","Almost Never","Sometimes","Almost Never","Almost Always","Sometimes","Sometimes","Almost Never","Sometimes","Almost Never","Sometimes","Sometimes","Almost Never","Almost Never","Almost Never","Not at all","Not at all","Mildly - but it didn't bother me much","Mildly - but it didn't bother me much","Not at all","Not at all","Moderately - it wasn't pleasant at times","Not at all","Mildly - but it didn't bother me much","Moderately - it wasn't pleasant at times","Moderately - it wasn't pleasant at times","Moderately - it wasn't pleasant at times","Moderately - it wasn't pleasant at times","Not at all","Not at all","Severely - it bothered me a lot","Not at all","Mildly - but it didn't bother me much","Not at all","Moderately - it wasn't pleasant at times","Mildly - but it didn't bother me much","2","3","2","2","4","4","2","2","2","2","3","5 - Very typical of me","3","2","2","3","3","Strongly Agree","Strongly Agree","Agree","Strongly Agree","Strongly Agree","Strongly Disagree","Agree","Strongly Agree","Strongly Agree","Strongly Agree","Strongly Agree","Disagree","Disagree","Agree","Strongly Agree","Neither Agree nor Disagree","Disagree","Strongly Agree","Strongly Agree","Strongly Agree","Strongly Agree","Strongly Agree","Strongly Agree","Strongly Agree","Strongly Agree","Strongly Disagree","Strongly Agree","Agree","Agree","Strongly Agree","Strongly Disagree","Agree","Disagree","Agree","Agree","Strongly Agree","Agree","Strongly Disagree","Agree","Agree","Strongly Agree","Strongly Agree","Agree","Disagree","Agree","Disagree","Strongly Agree","Research Participation: I consent to provide data from my research experience to researchers for analysis","Participation"
"17412","18","Female","95","Very much","Much","Much","Very much","Very much","Very much","Much","A fair amount","Much","Much","A fair amount","Much","Not at all","A fair amount","A little","Not at all","Not at all","Not at all","Not at all","Not at all","Not at all","A little","A little","A little","A fair amount","A little","Not at all","A little","Not at all","Not at all","Not at all","3 - Corresponds a little","4 - Corresponds moderately","5 - Corresponds a lot","1 - Does not correspond at all","1 - Does not correspond at all","3 - Corresponds a little","4 - Corresponds moderately","7 - Corresponds exactly","4 - Corresponds moderately","5 - Corresponds a lot","3 - Corresponds a little","1 - Does not correspond at all","3 - Corresponds a little","3 - Corresponds a little","5 - Corresponds a lot","4 - Corresponds moderately","3 - Corresponds a little","1 - Does not correspond at all","1 - Does not correspond at all","3 - Corresponds a little","3 - Corresponds a little","4 - Corresponds moderately","5 - Corresponds a lot","5 - Corresponds a lot","1 - Does not correspond at all","1 - Does not correspond at all","3 - Corresponds a little","3 - Corresponds a little","Sometimes","Often","Often","Often","Sometimes","Sometimes","Often","Almost Never","Almost Always","Almost Always","Often","Often","Almost Always","Often","Often","Often","Often","Almost Always","Often","Almost Always","Often","Not at all","Severely - it bothered me a lot","Moderately - it wasn't pleasant at times","Moderately - it wasn't pleasant at times","Moderately - it wasn't pleasant at times","Mildly - but it didn't bother me much","Severely - it bothered me a lot","Moderately - it wasn't pleasant at times","Mildly - but it didn't bother me much","Severely - it bothered me a lot","Not at all","Not at all","Mildly - but it didn't bother me much","Not at all","Not at all","Not at all","Mildly - but it didn't bother me much","Mildly - but it didn't bother me much","Not at all","Severely - it bothered me a lot","Moderately - it wasn't pleasant at times","5 - Very typical of me","5 - Very typical of me","1 - Not at all typical of me","3","4","5 - Very typical of me","5 - Very typical of me","1 - Not at all typical of me","5 - Very typical of me","1 - Not at all typical of me","3","5 - Very typical of me","5 - Very typical of me","5 - Very typical of me","5 - Very typical of me","5 - Very typical of me","5 - Very typical of me","Strongly Agree","Strongly Agree","Agree","Strongly Agree","Strongly Agree","Strongly Disagree","Agree","Agree","Strongly Agree","Strongly Agree","Strongly Agree","Agree","Disagree","Agree","Agree","Disagree","Disagree","Agree","Agree","Neither Agree nor Disagree","Strongly Agree","Strongly Agree","Agree","Strongly Agree","Strongly Agree","Strongly Disagree","Agree","Disagree","Agree","Strongly Agree","Disagree","Agree","Strongly Disagree","Strongly Agree","Strongly Agree","Strongly Agree","Strongly Agree","Disagree","Disagree","Agree","Agree","Strongly Agree","Agree","Disagree","Agree","Agree","Agree","Research Participation: I consent to provide data from my research experience to researchers for analysis","Participation"
"18377","24","Man","70","Very much","Very much","Very much","Very much","Very much","Very much","Very much","Very much","Very much","A little","","Very much","Very much","","Very much","Very much","A fair amount","Very much","A fair amount","Much","Much","A fair amount","A fair amount","A fair amount","A fair amount","Much","Much","","Much","Much","Not at all","4 - Corresponds moderately","5 - Corresponds a lot","4 - Corresponds moderately","5 - Corresponds a lot","5 - Corresponds a lot","5 - Corresponds a lot","5 - Corresponds a lot","6","4 - Corresponds moderately","4 - Corresponds moderately","3 - Corresponds a little","6","5 - Corresponds a lot","3 - Corresponds a little","3 - Corresponds a little","5 - Corresponds a lot","5 - Corresponds a lot","6","","5 - Corresponds a lot","4 - Corresponds moderately","5 - Corresponds a lot","4 - Corresponds moderately","4 - Corresponds moderately","4 - Corresponds moderately","","5 - Corresponds a lot","3 - Corresponds a little","Almost Always","Often","Often","Sometimes","Often","Often","Often","Almost Never","Almost Always","Sometimes","Sometimes","Sometimes","","Sometimes","Sometimes","Often","Often","Often","Almost Always","Often","Often","Not at all","Severely - it bothered me a lot","Not at all","Severely - it bothered me a lot","Severely - it bothered me a lot","Not at all","Not at all","Not at all","Not at all","Not at all","Not at all","Not at all","Not at all","Not at all","Not at all","Not at all","Not at all","Not at all","Not at all","Not at all","Not at all","2","5 - Very typical of me","","4","4","4","3","4","4","4","3","3","","4","3","3","3","Disagree","Disagree","Disagree","Agree","Strongly Disagree","Neither Agree nor Disagree","Strongly Disagree","Neither Agree nor Disagree","Disagree","Disagree","Disagree","Disagree","Disagree","Disagree","Neither Agree nor Disagree","Disagree","Disagree","Strongly Disagree","Agree","Agree","Agree","","Agree","Disagree","Neither Agree nor Disagree","Neither Agree nor Disagree","Agree","Agree","Agree","Agree","Disagree","Agree","Neither Agree nor Disagree","Agree","Agree","Strongly Agree","Disagree","Neither Agree nor Disagree","Disagree","Disagree","Agree","Strongly Agree","Agree","Agree","Agree","Strongly Agree","Agree","Research Participation: I consent to provide data from my research experience to researchers for analysis","Participation"
"11354","57","female","75-80","Much","A fair amount","Much","Much","Much","A little","A fair amount","A fair amount","A little","A fair amount","A fair amount","A fair amount","A little","A little","A fair amount","A little","A little","Not at all","Not at all","A fair amount","Not at all","A little","Not at all","Not at all","Not at all","Not at all","Not at all","A little","A little","A little","Not at all","1 - Does not correspond at all","7 - Corresponds exactly","5 - Corresponds a lot","4 - Corresponds moderately","1 - Does not correspond at all","6","7 - Corresponds exactly","4 - Corresponds moderately","7 - Corresponds exactly","6","6","1 - Does not correspond at all","7 - Corresponds exactly","1 - Does not correspond at all","2","7 - Corresponds exactly","4 - Corresponds moderately","6","1 - Does not correspond at all","7 - Corresponds exactly","7 - Corresponds exactly","4 - Corresponds moderately","7 - Corresponds exactly","4 - Corresponds moderately","7 - Corresponds exactly","1 - Does not correspond at all","7 - Corresponds exactly","7 - Corresponds exactly","Sometimes","Sometimes","Almost Never","Almost Never","Almost Never","Almost Never","Sometimes","Almost Never","Sometimes","Sometimes","Sometimes","Sometimes","Almost Always","Sometimes","Almost Never","Sometimes","Sometimes","Almost Never","Almost Never","Almost Never","Sometimes","Mildly - but it didn't bother me much","Mildly - but it didn't bother me much","Not at all","Mildly - but it didn't bother me much","Moderately - it wasn't pleasant at times","Mildly - but it didn't bother me much","Moderately - it wasn't pleasant at times","Not at all","Not at all","Mildly - but it didn't bother me much","Not at all","Not at all","Not at all","Not at all","Not at all","Not at all","Not at all","Moderately - it wasn't pleasant at times","Not at all","Mildly - but it didn't bother me much","Not at all","1 - Not at all typical of me","1 - Not at all typical of me","2","1 - Not at all typical of me","1 - Not at all typical of me","3","1 - Not at all typical of me","2","2","2","4","5 - Very typical of me","4","3","2","1 - Not at all typical of me","3","Strongly Agree","Strongly Agree","Strongly Disagree","Strongly Agree","Agree","Strongly Disagree","Strongly Agree","Strongly Agree","Strongly Agree","Strongly Agree","Strongly Agree","Strongly Disagree","Strongly Disagree","Disagree","Strongly Agree","Disagree","Strongly Disagree","Strongly Agree","Strongly Agree","Strongly Agree","Strongly Agree","Strongly Agree","Disagree","Strongly Agree","Strongly Agree","Strongly Disagree","Strongly Agree","Strongly Agree","Strongly Agree","Strongly Agree","Strongly Disagree","Agree","Strongly Disagree","Agree","Strongly Agree","Strongly Agree","Strongly Agree","Strongly Disagree","Neither Agree nor Disagree","Agree","Agree","Agree","Agree","Agree","Disagree","Agree","Strongly Agree","Research Participation: I consent to provide data from my research experience to researchers for analysis","Participation"
"10556","22","female","85","Very much","Very much","Very much","Very much","Very much","Very much","Very much","Very much","Very much","Very much","Very much","Very much","Very much","Very much","Very much","A little","A little","Not at all","A little","A little","Not at all","Much","Not at all","A little","Much","A little","A fair amount","A fair amount","A little","A little","Not at all","5 - Corresponds a lot","4 - Corresponds moderately","7 - Corresponds exactly","4 - Corresponds moderately","2","4 - Corresponds moderately","7 - Corresponds exactly","7 - Corresponds exactly","4 - Corresponds moderately","7 - Corresponds exactly","1 - Does not correspond at all","1 - Does not correspond at all","4 - Corresponds moderately","7 - Corresponds exactly","7 - Corresponds exactly","4 - Corresponds moderately","2","1 - Does not correspond at all","1 - Does not correspond at all","4 - Corresponds moderately","7 - Corresponds exactly","7 - Corresponds exactly","7 - Corresponds exactly","4 - Corresponds moderately","1 - Does not correspond at all","1 - Does not correspond at all","4 - Corresponds moderately","7 - Corresponds exactly","Sometimes","Often","Sometimes","Often","Almost Always","Sometimes","Often","Almost Never","Sometimes","Often","Often","Often","Often","Often","Sometimes","Often","Often","Sometimes","Sometimes","Sometimes","Often","Not at all","Severely - it bothered me a lot","Mildly - but it didn't bother me much","Moderately - it wasn't pleasant at times","Moderately - it wasn't pleasant at times","Mildly - but it didn't bother me much","Mildly - but it didn't bother me much","Mildly - but it didn't bother me much","Mildly - but it didn't bother me much","Moderately - it wasn't pleasant at times","Not at all","Not at all","Mildly - but it didn't bother me much","Moderately - it wasn't pleasant at times","Not at all","Not at all","Not at all","Severely - it bothered me a lot","Mildly - but it didn't bother me much","Moderately - it wasn't pleasant at times","Severely - it bothered me a lot","1 - Not at all typical of me","3","2","4","4","4","5 - Very typical of me","1 - Not at all typical of me","3","1 - Not at all typical of me","1 - Not at all typical of me","5 - Very typical of me","5 - Very typical of me","5 - Very typical of me","4","4","2","Disagree","Agree","Disagree","Agree","Disagree","Disagree","Disagree","Disagree","Strongly Disagree","Agree","Agree","Strongly Agree","Disagree","Strongly Disagree","Strongly Disagree","Disagree","Disagree","Neither Agree nor Disagree","Agree","Disagree","Agree","Disagree","Agree","Disagree","Disagree","Disagree","Strongly Disagree","Strongly Disagree","Agree","Agree","Agree","Agree","Agree","Strongly Disagree","Strongly Agree","Strongly Agree","Agree","Strongly Disagree","Strongly Disagree","Strongly Disagree","Strongly Disagree","Agree","Agree","Agree","Agree","Agree","Strongly Disagree","Research Participation: I consent to provide data from my research experience to researchers for analysis","Participation"
"17757","28","Female","65","Very much","A fair amount","Much","Very much","Very much","A fair amount","Much","Very much","Very much","Much","Very much","Very much","A fair amount","Very much","Much","A little","A little","A little","A fair amount","Much","A little","Very much","Much","Much","Much","Much","A little","Much","A fair amount","Much","Not at all","5 - Corresponds a lot","6","7 - Corresponds exactly","5 - Corresponds a lot","4 - Corresponds moderately","4 - Corresponds moderately","7 - Corresponds exactly","7 - Corresponds exactly","5 - Corresponds a lot","7 - Corresponds exactly","6","4 - Corresponds moderately","6","6","7 - Corresponds exactly","6","6","7 - Corresponds exactly","2","5 - Corresponds a lot","6","7 - Corresponds exactly","6","6","6","2","4 - Corresponds moderately","6","Almost Never","Almost Always","Often","Almost Always","Often","Sometimes","Often","Almost Never","Almost Always","Almost Always","Often","Often","Almost Always","Almost Always","Almost Always","Often","Often","Often","Almost Always","Often","Often","Moderately - it wasn't pleasant at times","Severely - it bothered me a lot","Mildly - but it didn't bother me much","Severely - it bothered me a lot","Mildly - but it didn't bother me much","Severely - it bothered me a lot","Severely - it bothered me a lot","Moderately - it wasn't pleasant at times","Moderately - it wasn't pleasant at times","Moderately - it wasn't pleasant at times","Severely - it bothered me a lot","Mildly - but it didn't bother me much","Mildly - but it didn't bother me much","Not at all","Not at all","Moderately - it wasn't pleasant at times","Moderately - it wasn't pleasant at times","Severely - it bothered me a lot","Moderately - it wasn't pleasant at times","Severely - it bothered me a lot","Severely - it bothered me a lot","1 - Not at all typical of me","1 - Not at all typical of me","1 - Not at all typical of me","3","4","4","4","2","4","1 - Not at all typical of me","2","5 - Very typical of me","3","4","4","2","4","Strongly Disagree","Agree","Agree","Strongly Disagree","Disagree","Strongly Agree","Disagree","Strongly Disagree","Strongly Disagree","Strongly Disagree","Strongly Disagree","Agree","Agree","Disagree","Strongly Disagree","Agree","Neither Agree nor Disagree","Strongly Disagree","Strongly Disagree","Disagree","Disagree","Strongly Disagree","Neither Agree nor Disagree","Strongly Disagree","Strongly Disagree","Disagree","Neither Agree nor Disagree","Disagree","Agree","Agree","Neither Agree nor Disagree","Agree","Neither Agree nor Disagree","Disagree","Agree","Agree","Neither Agree nor Disagree","Do Not Recall","Strongly Disagree","Strongly Disagree","Strongly Disagree","Disagree","Strongly Disagree","Strongly Agree","Strongly Disagree","Agree","Agree","Research Participation: I consent to provide data from my research experience to researchers for analysis","Participation"
"18344","20","Female","97%","Much","A fair amount","Much","Very much","Very much","A fair amount","A fair amount","A fair amount","A fair amount","Much","Not at all","A fair amount","A little","A fair amount","A fair amount","A little","Not at all","Not at all","A little","A fair amount","A fair amount","Much","A little","A little","Not at all","A little","Not at all","A little","Not at all","Not at all","Not at all","5 - Corresponds a lot","5 - Corresponds a lot","7 - Corresponds exactly","4 - Corresponds moderately","1 - Does not correspond at all","5 - Corresponds a lot","7 - Corresponds exactly","7 - Corresponds exactly","5 - Corresponds a lot","7 - Corresponds exactly","4 - Corresponds moderately","1 - Does not correspond at all","7 - Corresponds exactly","4 - Corresponds moderately","5 - Corresponds a lot","7 - Corresponds exactly","5 - Corresponds a lot","5 - Corresponds a lot","1 - Does not correspond at all","5 - Corresponds a lot","4 - Corresponds moderately","5 - Corresponds a lot","5 - Corresponds a lot","5 - Corresponds a lot","4 - Corresponds moderately","1 - Does not correspond at all","5 - Corresponds a lot","5 - Corresponds a lot","Sometimes","Often","Often","Sometimes","Sometimes","Almost Never","Sometimes","Almost Never","Often","Often","Often","Sometimes","Almost Always","Often","Sometimes","Often","Often","Often","Often","Sometimes","Sometimes","Mildly - but it didn't bother me much","Moderately - it wasn't pleasant at times","Not at all","Moderately - it wasn't pleasant at times","Mildly - but it didn't bother me much","Mildly - but it didn't bother me much","Mildly - but it didn't bother me much","Not at all","Not at all","Moderately - it wasn't pleasant at times","Not at all","Not at all","Not at all","Not at all","Mildly - but it didn't bother me much","Not at all","Not at all","Not at all","Mildly - but it didn't bother me much","Mildly - but it didn't bother me much","Mildly - but it didn't bother me much","2","4","1 - Not at all typical of me","4","4","4","3","1 - Not at all typical of me","4","1 - Not at all typical of me","1 - Not at all typical of me","5 - Very typical of me","4","4","4","3","4","Strongly Agree","Strongly Agree","Agree","Strongly Agree","Strongly Agree","Strongly Disagree","Agree","Strongly Agree","Strongly Agree","Strongly Agree","Strongly Agree","Strongly Disagree","Strongly Disagree","Agree","Strongly Agree","Neither Agree nor Disagree","Strongly Disagree","Strongly Agree","Strongly Agree","Strongly Agree","Strongly Agree","Strongly Agree","Strongly Agree","Strongly Agree","Strongly Agree","Strongly Disagree","Strongly Agree","Neither Agree nor Disagree","Agree","Strongly Agree","Do Not Recall","Agree","Agree","Agree","Strongly Agree","Strongly Agree","Agree","Strongly Disagree","Neither Agree nor Disagree","Strongly Agree","Strongly Agree","Strongly Agree","Strongly Agree","Neither Agree nor Disagree","Agree","Strongly Agree","Strongly Agree","Research Participation: I consent to provide data from my research experience to researchers for analysis","Participation"
"18392","20","Female","96","A little","A little","A fair amount","Much","Very much","Not at all","Not at all","Not at all","A little","A fair amount","A little","A little","Not at all","A fair amount","Not at all","Not at all","Not at all","Not at all","A little","Much","Not at all","A little","A little","A little","A little","A little","Not at all","Not at all","Not at all","Not at all","Not at all","3 - Corresponds a little","5 - Corresponds a lot","7 - Corresponds exactly","2","1 - Does not correspond at all","2","3 - Corresponds a little","7 - Corresponds exactly","7 - Corresponds exactly","7 - Corresponds exactly","","1 - Does not correspond at all","3 - Corresponds a little","4 - Corresponds moderately","4 - Corresponds moderately","7 - Corresponds exactly","7 - Corresponds exactly","4 - Corresponds moderately","1 - Does not correspond at all","4 - Corresponds moderately","4 - Corresponds moderately","4 - Corresponds moderately","7 - Corresponds exactly","5 - Corresponds a lot","2","1 - Does not correspond at all","4 - Corresponds moderately","4 - Corresponds moderately","Sometimes","Sometimes","Often","Almost Never","Almost Never","Sometimes","Sometimes","Almost Never","Sometimes","Sometimes","Often","Often","Almost Always","Sometimes","Almost Never","Sometimes","Often","Often","Sometimes","Sometimes","Sometimes","Not at all","Severely - it bothered me a lot","Mildly - but it didn't bother me much","Mildly - but it didn't bother me much","Mildly - but it didn't bother me much","Not at all","Not at all","Not at all","Not at all","Moderately - it wasn't pleasant at times","Not at all","Not at all","Not at all","Not at all","Not at all","Not at all","Mildly - but it didn't bother me much","Mildly - but it didn't bother me much","Not at all","Moderately - it wasn't pleasant at times","Not at all","1 - Not at all typical of me","3","2","4","4","4","3","1 - Not at all typical of me","4","1 - Not at all typical of me","2","5 - Very typical of me","4","4","4","3","3","Agree","Strongly Agree","Agree","Agree","Strongly Agree","Disagree","Agree","Strongly Agree","Strongly Agree","Strongly Agree","Disagree","Disagree","Disagree","Agree","Strongly Agree","Disagree","Disagree","Disagree","Strongly Agree","Strongly Agree","Strongly Agree","Strongly Agree","Strongly Agree","Agree","Strongly Agree","Strongly Disagree","Strongly Agree","Agree","Strongly Agree","Strongly Agree","Disagree","Agree","Disagree","Disagree","Strongly Agree","Strongly Agree","Agree","Strongly Disagree","Neither Agree nor Disagree","Neither Agree nor Disagree","Strongly Agree","Strongly Agree","Agree","Disagree","Agree","Agree","Strongly Agree","Research Participation: I consent to provide data from my research experience to researchers for analysis","Participation"
"18378","19","female","95","Much","A little","A fair amount","Much","Very much","A little","Much","A fair amount","Much","A fair amount","Much","A little","Not at all","A fair amount","A little","A little","Not at all","Not at all","Not at all","A little","Not at all","Not at all","A little","A little","A little","Not at all","Not at all","A little","Not at all","A little","Not at all","4 - Corresponds moderately","3 - Corresponds a little","7 - Corresponds exactly","1 - Does not correspond at all","1 - Does not correspond at all","1 - Does not correspond at all","3 - Corresponds a little","4 - Corresponds moderately","1 - Does not correspond at all","6","1 - Does not correspond at all","1 - Does not correspond at all","4 - Corresponds moderately","4 - Corresponds moderately","6","2","4 - Corresponds moderately","1 - Does not correspond at all","1 - Does not correspond at all","3 - Corresponds a little","3 - Corresponds a little","4 - Corresponds moderately","1 - Does not correspond at all","3 - Corresponds a little","1 - Does not correspond at all","1 - Does not correspond at all","3 - Corresponds a little","5 - Corresponds a lot","Almost Never","Often","Sometimes","Sometimes","Almost Never","Almost Never","Sometimes","Almost Never","Sometimes","Sometimes","Sometimes","Often","Almost Always","Often","Sometimes","Sometimes","Often","Often","Sometimes","Sometimes","Often","Not at all","Mildly - but it didn't bother me much","Moderately - it wasn't pleasant at times","Moderately - it wasn't pleasant at times","Moderately - it wasn't pleasant at times","Mildly - but it didn't bother me much","Moderately - it wasn't pleasant at times","Not at all","Mildly - but it didn't bother me much","Severely - it bothered me a lot","Not at all","Mildly - but it didn't bother me much","Mildly - but it didn't bother me much","Not at all","Mildly - but it didn't bother me much","Not at all","Mildly - but it didn't bother me much","Moderately - it wasn't pleasant at times","Mildly - but it didn't bother me much","Mildly - but it didn't bother me much","Mildly - but it didn't bother me much","1 - Not at all typical of me","3","1 - Not at all typical of me","5 - Very typical of me","5 - Very typical of me","5 - Very typical of me","5 - Very typical of me","2","3","1 - Not at all typical of me","2","5 - Very typical of me","5 - Very typical of me","5 - Very typical of me","4","5 - Very typical of me","4","Agree","Strongly Agree","Agree","Agree","Agree","Disagree","Agree","Agree","Agree","Neither Agree nor Disagree","Agree","Strongly Agree","Agree","Disagree","Disagree","Disagree","Neither Agree nor Disagree","Agree","Agree","Neither Agree nor Disagree","Strongly Agree","Disagree","Agree","Agree","Agree","Disagree","Disagree","Strongly Disagree","Strongly Disagree","Agree","Neither Agree nor Disagree","Agree","Agree","Strongly Disagree","Neither Agree nor Disagree","Disagree","Strongly Disagree","Strongly Disagree","Disagree","Disagree","Agree","Agree","Strongly Disagree","Strongly Agree","Disagree","Disagree","Strongly Disagree","Research Participation: I consent to provide data from my research experience to researchers for analysis","Participation"
"7650","22","f","80","Very much","Very much","Very much","Very much","Very much","Very much","Very much","Very much","Very much","Very much","Very much","Very much","Very much","Very much","Very much","Very much","A little","Much","Much","Much","Very much","Very much","Much","A fair amount","Much","Much","A little","Much","Much","Much","Not at all","4 - Corresponds moderately","4 - Corresponds moderately","5 - Corresponds a lot","3 - Corresponds a little","4 - Corresponds moderately","4 - Corresponds moderately","4 - Corresponds moderately","5 - Corresponds a lot","4 - Corresponds moderately","4 - Corresponds moderately","3 - Corresponds a little","3 - Corresponds a little","4 - Corresponds moderately","3 - Corresponds a little","4 - Corresponds moderately","3 - Corresponds a little","3 - Corresponds a little","3 - Corresponds a little","2","3 - Corresponds a little","4 - Corresponds moderately","4 - Corresponds moderately","3 - Corresponds a little","3 - Corresponds a little","3 - Corresponds a little","4 - Corresponds moderately","4 - Corresponds moderately","3 - Corresponds a little","Sometimes","Often","Often","Sometimes","Sometimes","Sometimes","Sometimes","Almost Never","Often","Almost Always","Often","Sometimes","Almost Always","Sometimes","Sometimes","Often","Almost Always","Almost Always","Often","Often","Sometimes","Moderately - it wasn't pleasant at times","Mildly - but it didn't bother me much","Mildly - but it didn't bother me much","Severely - it bothered me a lot","Severely - it bothered me a lot","Mildly - but it didn't bother me much","Moderately - it wasn't pleasant at times","Moderately - it wasn't pleasant at times","Severely - it bothered me a lot","Severely - it bothered me a lot","Not at all","Moderately - it wasn't pleasant at times","Moderately - it wasn't pleasant at times","Moderately - it wasn't pleasant at times","Moderately - it wasn't pleasant at times","Moderately - it wasn't pleasant at times","Severely - it bothered me a lot","Not at all","Moderately - it wasn't pleasant at times","Mildly - but it didn't bother me much","Moderately - it wasn't pleasant at times","2","4","2","4","5 - Very typical of me","5 - Very typical of me","5 - Very typical of me","1 - Not at all typical of me","3","","1 - Not at all typical of me","5 - Very typical of me","3","4","3","3","3","Agree","Disagree","Neither Agree nor Disagree","Agree","Do Not Recall","Disagree","Do Not Recall","Agree","Disagree","Neither Agree nor Disagree","Agree","Disagree","Neither Agree nor Disagree","Disagree","Disagree","Do Not Recall","Disagree","Disagree","Neither Agree nor Disagree","Agree","Agree","Neither Agree nor Disagree","Neither Agree nor Disagree","Agree","Agree","Disagree","Do Not Recall","Disagree","Disagree","Disagree","Agree","Agree","Neither Agree nor Disagree","Disagree","Disagree","Disagree","Disagree","Disagree","Disagree","Neither Agree nor Disagree","Disagree","Agree","Agree","Disagree","Agree","Neither Agree nor Disagree","Neither Agree nor Disagree","Research Participation: I consent to provide data from my research experience to researchers for analysis","Participation"
"18358","27","Female","90","Much","A fair amount","Much","Much","Much","Very much","Very much","A little","A little","Not at all","Very much","A little","Not at all","A little","A little","Not at all","Not at all","Not at all","A little","A little","Not at all","Very much","Not at all","Much","A little","A little","Not at all","A fair amount","Not at all","Not at all","Not at all","7 - Corresponds exactly","4 - Corresponds moderately","3 - Corresponds a little","1 - Does not correspond at all","1 - Does not correspond at all","6","6","7 - Corresponds exactly","2","1 - Does not correspond at all","1 - Does not correspond at all","1 - Does not correspond at all","7 - Corresponds exactly","5 - Corresponds a lot","7 - Corresponds exactly","2","3 - Corresponds a little","1 - Does not correspond at all","1 - Does not correspond at all","2","4 - Corresponds moderately","7 - Corresponds exactly","2","4 - Corresponds moderately","3 - Corresponds a little","2","2","4 - Corresponds moderately","Often","Almost Never","Sometimes","Sometimes","Almost Never","Almost Never","Sometimes","Almost Never","Sometimes","Sometimes","Almost Always","Often","Sometimes","Almost Never","Sometimes","Sometimes","Almost Never","Almost Always","Sometimes","Often","Sometimes","Not at all","Moderately - it wasn't pleasant at times","Mildly - but it didn't bother me much","Severely - it bothered me a lot","Severely - it bothered me a lot","Moderately - it wasn't pleasant at times","Severely - it bothered me a lot","Mildly - but it didn't bother me much","Severely - it bothered me a lot","Severely - it bothered me a lot","Not at all","Moderately - it wasn't pleasant at times","Moderately - it wasn't pleasant at times","Mildly - but it didn't bother me much","Severely - it bothered me a lot","Mildly - but it didn't bother me much","Severely - it bothered me a lot","Severely - it bothered me a lot","Moderately - it wasn't pleasant at times","Mildly - but it didn't bother me much","Mildly - but it didn't bother me much","1 - Not at all typical of me","5 - Very typical of me","1 - Not at all typical of me","5 - Very typical of me","5 - Very typical of me","4","5 - Very typical of me","2","5 - Very typical of me","1 - Not at all typical of me","3","5 - Very typical of me","4","4","4","4","2","Strongly Agree","Strongly Agree","Disagree","Agree","Agree","Strongly Disagree","Strongly Agree","Agree","Strongly Agree","Strongly Agree","Strongly Agree","Disagree","Agree","Do Not Recall","Agree","Disagree","Strongly Disagree","Agree","Agree","Agree","Do Not Recall","Strongly Agree","Agree","Neither Agree nor Disagree","Neither Agree nor Disagree","Strongly Disagree","Agree","Disagree","Disagree","Disagree","Strongly Agree","Agree","Neither Agree nor Disagree","Disagree","Neither Agree nor Disagree","Neither Agree nor Disagree","Disagree","Strongly Disagree","Disagree","Strongly Disagree","Strongly Disagree","Neither Agree nor Disagree","Disagree","Strongly Agree","Strongly Disagree","Strongly Agree","Neither Agree nor Disagree","Research Participation: I consent to provide data from my research experience to researchers for analysis","Participation"
"18355","19","Female","95%","Very much","Very much","Very much","Very much","Very much","Much","Very much","Much","Very much","A fair amount","Much","Very much","A fair amount","Much","A fair amount","Much","Much","A fair amount","A fair amount","A fair amount","Much","Very much","Much","Very much","A little","Much","A little","Much","Much","Much","Not at all","5 - Corresponds a lot","7 - Corresponds exactly","7 - Corresponds exactly","6","1 - Does not correspond at all","7 - Corresponds exactly","7 - Corresponds exactly","5 - Corresponds a lot","6","6","4 - Corresponds moderately","1 - Does not correspond at all","7 - Corresponds exactly","7 - Corresponds exactly","5 - Corresponds a lot","7 - Corresponds exactly","7 - Corresponds exactly","4 - Corresponds moderately","1 - Does not correspond at all","7 - Corresponds exactly","7 - Corresponds exactly","5 - Corresponds a lot","6","3 - Corresponds a little","6","1 - Does not correspond at all","7 - Corresponds exactly","7 - Corresponds exactly","Sometimes","Often","Often","Almost Never","Almost Never","Sometimes","Often","Almost Never","Often","Almost Always","Often","Almost Always","Almost Always","Often","Sometimes","Sometimes","Almost Always","Almost Never","Sometimes","Often","Almost Never","Not at all","Moderately - it wasn't pleasant at times","Moderately - it wasn't pleasant at times","Severely - it bothered me a lot","Severely - it bothered me a lot","Mildly - but it didn't bother me much","Moderately - it wasn't pleasant at times","Not at all","Mildly - but it didn't bother me much","Severely - it bothered me a lot","Not at all","Not at all","Not at all","Mildly - but it didn't bother me much","Mildly - but it didn't bother me much","Not at all","Moderately - it wasn't pleasant at times","Moderately - it wasn't pleasant at times","Mildly - but it didn't bother me much","Moderately - it wasn't pleasant at times","Not at all","1 - Not at all typical of me","5 - Very typical of me","1 - Not at all typical of me","5 - Very typical of me","5 - Very typical of me","5 - Very typical of me","5 - Very typical of me","1 - Not at all typical of me","5 - Very typical of me","1 - Not at all typical of me","1 - Not at all typical of me","5 - Very typical of me","5 - Very typical of me","5 - Very typical of me","5 - Very typical of me","5 - Very typical of me","5 - Very typical of me","Strongly Agree","Strongly Agree","Disagree","Strongly Agree","Strongly Agree","Disagree","Agree","Strongly Agree","Strongly Agree","Strongly Agree","Strongly Agree","Disagree","Strongly Disagree","Agree","Agree","Disagree","Disagree","Strongly Agree","Strongly Agree","Strongly Agree","Strongly Agree","Strongly Agree","Strongly Agree","Strongly Agree","Strongly Agree","Strongly Disagree","Strongly Agree","Strongly Agree","Strongly Agree","Strongly Agree","Strongly Disagree","Agree","Disagree","Strongly Agree","Strongly Agree","Strongly Agree","Strongly Agree","Disagree","Strongly Agree","Neither Agree nor Disagree","Agree","Agree","Agree","Disagree","Agree","Disagree","Agree","Research Participation: I consent to provide data from my research experience to researchers for analysis","Participation"
"11538","25","Female","80","Very much","A fair amount","Much","Very much","Very much","Much","Very much","Much","Very much","A little","A fair amount","Much","A little","Much","A fair amount","A fair amount","Not at all","Not at all","Not at all","Not at all","Not at all","Very much","Not at all","A little","Much","A little","Not at all","A fair amount","Not at all","A little","Not at all","7 - Corresponds exactly","4 - Corresponds moderately","7 - Corresponds exactly","3 - Corresponds a little","1 - Does not correspond at all","5 - Corresponds a lot","7 - Corresponds exactly","7 - Corresponds exactly","6","7 - Corresponds exactly","4 - Corresponds moderately","1 - Does not correspond at all","7 - Corresponds exactly","6","7 - Corresponds exactly","7 - Corresponds exactly","7 - Corresponds exactly","4 - Corresponds moderately","1 - Does not correspond at all","7 - Corresponds exactly","7 - Corresponds exactly","7 - Corresponds exactly","7 - Corresponds exactly","7 - Corresponds exactly","7 - Corresponds exactly","1 - Does not correspond at all","7 - Corresponds exactly","7 - Corresponds exactly","Almost Never","Almost Always","Often","Sometimes","Sometimes","Sometimes","Almost Always","Almost Never","Almost Always","Almost Always","Almost Always","Almost Always","Almost Always","Often","Often","Almost Always","Almost Always","Almost Always","Sometimes","Sometimes","Almost Always","Mildly - but it didn't bother me much","Moderately - it wasn't pleasant at times","Mildly - but it didn't bother me much","Moderately - it wasn't pleasant at times","Severely - it bothered me a lot","Severely - it bothered me a lot","Severely - it bothered me a lot","Severely - it bothered me a lot","Mildly - but it didn't bother me much","Severely - it bothered me a lot","Mildly - but it didn't bother me much","Moderately - it wasn't pleasant at times","Moderately - it wasn't pleasant at times","Moderately - it wasn't pleasant at times","Severely - it bothered me a lot","Severely - it bothered me a lot","Severely - it bothered me a lot","Mildly - but it didn't bother me much","Severely - it bothered me a lot","Severely - it bothered me a lot","Severely - it bothered me a lot","1 - Not at all typical of me","4","1 - Not at all typical of me","5 - Very typical of me","5 - Very typical of me","5 - Very typical of me","5 - Very typical of me","1 - Not at all typical of me","5 - Very typical of me","1 - Not at all typical of me","2","5 - Very typical of me","5 - Very typical of me","5 - Very typical of me","4","3","5 - Very typical of me","Strongly Agree","Strongly Agree","Agree","Strongly Agree","Agree","Strongly Disagree","Agree","Strongly Agree","Strongly Agree","Strongly Agree","Strongly Agree","Neither Agree nor Disagree","Agree","Strongly Agree","Strongly Agree","Strongly Disagree","Disagree","Agree","Strongly Agree","Strongly Agree","Strongly Agree","Agree","Agree","Neither Agree nor Disagree","Strongly Agree","Strongly Disagree","Agree","Strongly Disagree","Strongly Agree","Strongly Agree","Disagree","Agree","Agree","Disagree","Strongly Agree","Strongly Agree","Agree","Strongly Disagree","Strongly Disagree","Disagree","Strongly Agree","Agree","Neither Agree nor Disagree","Strongly Agree","Disagree","Strongly Agree","Agree","Research Participation: I consent to provide data from my research experience to researchers for analysis","Participation"
"17481","19","female","90","A little","Not at all","A little","A little","A little","Not at all","Not at all","A fair amount","A fair amount","A little","A little","Not at all","Not at all","A little","Not at all","A little","Not at all","Not at all","Not at all","Not at all","Not at all","A little","A little","A little","Not at all","Not at all","Not at all","A little","A little","A little","Not at all","7 - Corresponds exactly","5 - Corresponds a lot","7 - Corresponds exactly","5 - Corresponds a lot","1 - Does not correspond at all","6","5 - Corresponds a lot","6","6","6","5 - Corresponds a lot","2","6","4 - Corresponds moderately","7 - Corresponds exactly","5 - Corresponds a lot","6","4 - Corresponds moderately","1 - Does not correspond at all","5 - Corresponds a lot","4 - Corresponds moderately","6","6","6","5 - Corresponds a lot","2","5 - Corresponds a lot","6","Often","Sometimes","Often","Almost Never","Almost Never","Almost Never","Sometimes","Almost Never","Sometimes","Sometimes","Sometimes","Sometimes","Often","Almost Never","Sometimes","Almost Never","Sometimes","Sometimes","Almost Never","Almost Never","Sometimes","Not at all","Mildly - but it didn't bother me much","Mildly - but it didn't bother me much","Mildly - but it didn't bother me much","Mildly - but it didn't bother me much","Not at all","Not at all","Not at all","Mildly - but it didn't bother me much","Mildly - but it didn't bother me much","Not at all","Not at all","Not at all","Not at all","Not at all","Not at all","Mildly - but it didn't bother me much","Not at all","Not at all","Not at all","Mildly - but it didn't bother me much","3","2","3","2","2","3","1 - Not at all typical of me","3","1 - Not at all typical of me","3","5 - Very typical of me","5 - Very typical of me","2","2","1 - Not at all typical of me","1 - Not at all typical of me","1 - Not at all typical of me","Strongly Agree","Strongly Agree","Disagree","Strongly Agree","Agree","Strongly Disagree","Agree","Strongly Agree","Strongly Agree","Strongly Agree","Strongly Agree","Disagree","Disagree","Agree","Agree","Strongly Disagree","Strongly Disagree","Strongly Agree","Strongly Agree","Strongly Agree","Agree","Strongly Agree","Agree","Strongly Agree","Agree","Agree","Strongly Agree","Neither Agree nor Disagree","Agree","Agree","Disagree","Agree","Disagree","Agree","Agree","Neither Agree nor Disagree","Strongly Agree","Strongly Disagree","Agree","Agree","Agree","Agree","Neither Agree nor Disagree","Disagree","Neither Agree nor Disagree","Disagree","Disagree","Research Participation: I consent to provide data from my research experience to researchers for analysis","Participation"
"17890","19","Female","94","Much","A fair amount","Very much","Very much","Very much","Much","A fair amount","A fair amount","Much","A little","Much","A little","Not at all","Much","A fair amount","A fair amount","Much","Not at all","Not at all","A little","A little","Much","Not at all","A little","Not at all","A little","Not at all","Not at all","Not at all","Not at all","Not at all","5 - Corresponds a lot","6","6","2","1 - Does not correspond at all","4 - Corresponds moderately","4 - Corresponds moderately","5 - Corresponds a lot","3 - Corresponds a little","5 - Corresponds a lot","1 - Does not correspond at all","2","4 - Corresponds moderately","5 - Corresponds a lot","6","3 - Corresponds a little","4 - Corresponds moderately","1 - Does not correspond at all","1 - Does not correspond at all","5 - Corresponds a lot","6","5 - Corresponds a lot","4 - Corresponds moderately","3 - Corresponds a little","1 - Does not correspond at all","1 - Does not correspond at all","3 - Corresponds a little","6","Almost Never","Often","Often","Sometimes","Sometimes","Sometimes","Often","Almost Never","Almost Always","Almost Always","Almost Always","Often","Almost Always","Often","Sometimes","Almost Always","Almost Always","Almost Always","Often","Often","Sometimes","Not at all","Severely - it bothered me a lot","Moderately - it wasn't pleasant at times","Severely - it bothered me a lot","Moderately - it wasn't pleasant at times","Not at all","Mildly - but it didn't bother me much","Mildly - but it didn't bother me much","Moderately - it wasn't pleasant at times","Severely - it bothered me a lot","Not at all","Not at all","Mildly - but it didn't bother me much","Not at all","Not at all","Not at all","Mildly - but it didn't bother me much","Not at all","Not at all","Mildly - but it didn't bother me much","Moderately - it wasn't pleasant at times","1 - Not at all typical of me","5 - Very typical of me","1 - Not at all typical of me","5 - Very typical of me","5 - Very typical of me","5 - Very typical of me","4","2","5 - Very typical of me","1 - Not at all typical of me","1 - Not at all typical of me","5 - Very typical of me","5 - Very typical of me","4","4","4","5 - Very typical of me","Agree","Agree","Strongly Agree","Agree","Disagree","Neither Agree nor Disagree","Agree","Agree","Disagree","Agree","Disagree","Strongly Disagree","Strongly Disagree","Strongly Disagree","Agree","Strongly Disagree","Strongly Disagree","Agree","Agree","Neither Agree nor Disagree","Strongly Agree","Neither Agree nor Disagree","Strongly Agree","Neither Agree nor Disagree","Strongly Agree","Strongly Disagree","Agree","Agree","Strongly Agree","Strongly Agree","Disagree","Agree","Disagree","Strongly Agree","Strongly Agree","Agree","Strongly Agree","Disagree","Neither Agree nor Disagree","Agree","Strongly Disagree","Agree","Neither Agree nor Disagree","Neither Agree nor Disagree","Agree","Agree","Strongly Agree","Research Participation: I consent to provide data from my research experience to researchers for analysis","Participation"
"17392","42","Male","Sorry Do Not Recall","A little","A little","A little","A little","A fair amount","A little","A little","Not at all","A little","Not at all","Not at all","A little","Not at all","A little","Not at all","Not at all","Not at all","Not at all","Not at all","Not at all","Not at all","Not at all","Not at all","Not at all","Not at all","Not at all","Not at all","Not at all","Not at all","Not at all","Not at all","5 - Corresponds a lot","7 - Corresponds exactly","7 - Corresponds exactly","2","1 - Does not correspond at all","4 - Corresponds moderately","4 - Corresponds moderately","4 - Corresponds moderately","6","7 - Corresponds exactly","5 - Corresponds a lot","1 - Does not correspond at all","5 - Corresponds a lot","3 - Corresponds a little","3 - Corresponds a little","5 - Corresponds a lot","4 - Corresponds moderately","3 - Corresponds a little","1 - Does not correspond at all","3 - Corresponds a little","2","2","5 - Corresponds a lot","4 - Corresponds moderately","4 - Corresponds moderately","1 - Does not correspond at all","3 - Corresponds a little","4 - Corresponds moderately","Often","Almost Never","Almost Never","Almost Never","Almost Never","Sometimes","Almost Never","Almost Never","Almost Never","Almost Never","Almost Never","Almost Never","Almost Never","Almost Never","Almost Never","Almost Never","Almost Never","Almost Never","Almost Never","Almost Never","Almost Never","Not at all","Mildly - but it didn't bother me much","Not at all","Not at all","Not at all","Not at all","Not at all","Not at all","Not at all","Not at all","Not at all","Not at all","Not at all","Not at all","Not at all","Not at all","Not at all","Not at all","Not at all","Not at all","Not at all","2","1 - Not at all typical of me","4","1 - Not at all typical of me","1 - Not at all typical of me","2","1 - Not at all typical of me","5 - Very typical of me","1 - Not at all typical of me","4","5 - Very typical of me","5 - Very typical of me","1 - Not at all typical of me","2","1 - Not at all typical of me","1 - Not at all typical of me","2","Agree","Do Not Recall","Agree","Strongly Agree","Disagree","Neither Agree nor Disagree","Do Not Recall","Neither Agree nor Disagree","Agree","Agree","Neither Agree nor Disagree","Neither Agree nor Disagree","Disagree","Agree","Agree","Disagree","Disagree","Agree","Agree","Do Not Recall","Do Not Recall","Do Not Recall","Neither Agree nor Disagree","Agree","Agree","Disagree","Strongly Agree","Agree","Agree","Strongly Agree","Strongly Disagree","Agree","Neither Agree nor Disagree","Agree","Agree","Strongly Agree","Strongly Agree","Strongly Disagree","Agree","Strongly Agree","Agree","Strongly Agree","Agree","Disagree","Agree","Neither Agree nor Disagree","Neither Agree nor Disagree","Research Participation: I consent to provide data from my research experience to researchers for analysis","Participation"
"18305","22","female","85","Much","A little","Much","A little","A fair amount","A fair amount","Much","A little","A fair amount","","A little","A fair amount","A fair amount","A fair amount","Much","Much","A little","A fair amount","A fair amount","A fair amount","A little","A fair amount","A fair amount","A little","A fair amount","A fair amount","A little","A fair amount","A fair amount","A little","A fair amount","4 - Corresponds moderately","4 - Corresponds moderately","4 - Corresponds moderately","3 - Corresponds a little","4 - Corresponds moderately","5 - Corresponds a lot","4 - Corresponds moderately","3 - Corresponds a little","4 - Corresponds moderately","5 - Corresponds a lot","4 - Corresponds moderately","3 - Corresponds a little","4 - Corresponds moderately","5 - Corresponds a lot","3 - Corresponds a little","5 - Corresponds a lot","3 - Corresponds a little","5 - Corresponds a lot","3 - Corresponds a little","4 - Corresponds moderately","4 - Corresponds moderately","4 - Corresponds moderately","4 - Corresponds moderately","4 - Corresponds moderately","5 - Corresponds a lot","3 - Corresponds a little","3 - Corresponds a little","4 - Corresponds moderately","Sometimes","Almost Always","Sometimes","Often","Sometimes","Often","Sometimes","Often","Sometimes","Often","Sometimes","Sometimes","Often","Sometimes","Sometimes","Often","Sometimes","Often","Sometimes","Often","Often","Mildly - but it didn't bother me much","Moderately - it wasn't pleasant at times","Mildly - but it didn't bother me much","Mildly - but it didn't bother me much","Moderately - it wasn't pleasant at times","Moderately - it wasn't pleasant at times","Mildly - but it didn't bother me much","Moderately - it wasn't pleasant at times","Mildly - but it didn't bother me much","Moderately - it wasn't pleasant at times","Mildly - but it didn't bother me much","Moderately - it wasn't pleasant at times","Mildly - but it didn't bother me much","Moderately - it wasn't pleasant at times","Not at all","Severely - it bothered me a lot","Moderately - it wasn't pleasant at times","Mildly - but it didn't bother me much","Mildly - but it didn't bother me much","Moderately - it wasn't pleasant at times","Moderately - it wasn't pleasant at times","2","3","3","3","2","5 - Very typical of me","1 - Not at all typical of me","3","4","2","4","2","4","2","4","2","4","Disagree","Agree","Disagree","Agree","Agree","Neither Agree nor Disagree","Disagree","Agree","Agree","Agree","Agree","Disagree","Disagree","Disagree","Agree","Disagree","Disagree","Agree","Agree","Agree","Strongly Agree","Agree","Strongly Agree","Agree","Agree","Strongly Disagree","Neither Agree nor Disagree","Neither Agree nor Disagree","Disagree","Disagree","Strongly Agree","Strongly Agree","Disagree","Agree","Agree","Agree","Agree","Agree","Disagree","Agree","","Neither Agree nor Disagree","","Strongly Disagree","Agree","Agree","Disagree","Research Participation: I consent to provide data from my research experience to researchers for analysis","Participation"
"18397","30","female","60","Much","Not at all","Much","Much","Much","Not at all","Not at all","A little","A little","Not at all","Not at all","Not at all","Not at all","Not at all","Not at all","Not at all","Not at all","Not at all","Not at all","A little","A little","A little","A fair amount","A little","A little","A fair amount","A little","A little","A fair amount","A fair amount","A fair amount","2","3 - Corresponds a little","3 - Corresponds a little","3 - Corresponds a little","3 - Corresponds a little","3 - Corresponds a little","3 - Corresponds a little","3 - Corresponds a little","2","2","3 - Corresponds a little","3 - Corresponds a little","2","2","2","2","2","2","2","2","2","3 - Corresponds a little","3 - Corresponds a little","3 - Corresponds a little","3 - Corresponds a little","1 - Does not correspond at all","5 - Corresponds a lot","4 - Corresponds moderately","Sometimes","Sometimes","Almost Never","Almost Never","Almost Never","Almost Never","Almost Never","Almost Always","Almost Always","Often","Often","Almost Always","Almost Always","Almost Always","Almost Always","Almost Always","Almost Always","Almost Always","Almost Always","Almost Always","Almost Always","Moderately - it wasn't pleasant at times","Mildly - but it didn't bother me much","Moderately - it wasn't pleasant at times","Mildly - but it didn't bother me much","Moderately - it wasn't pleasant at times","Moderately - it wasn't pleasant at times","Moderately - it wasn't pleasant at times","Mildly - but it didn't bother me much","Mildly - but it didn't bother me much","Mildly - but it didn't bother me much","Not at all","Not at all","Mildly - but it didn't bother me much","Not at all","Moderately - it wasn't pleasant at times","Severely - it bothered me a lot","Moderately - it wasn't pleasant at times","Moderately - it wasn't pleasant at times","Moderately - it wasn't pleasant at times","Moderately - it wasn't pleasant at times","Moderately - it wasn't pleasant at times","1 - Not at all typical of me","1 - Not at all typical of me","1 - Not at all typical of me","2","2","2","3","3","3","2","2","2","3","3","2","2","3","Strongly Disagree","Disagree","Disagree","Strongly Agree","Strongly Agree","Disagree","Agree","Agree","Strongly Agree","Agree","Disagree","Disagree","Disagree","Disagree","Disagree","Disagree","Disagree","Agree","Agree","Agree","Agree","Disagree","Agree","Disagree","Disagree","Agree","Disagree","Disagree","Agree","Disagree","Disagree","Agree","Disagree","Strongly Agree","Strongly Agree","Neither Agree nor Disagree","Disagree","Strongly Agree","Agree","Neither Agree nor Disagree","Disagree","Agree","Disagree","Agree","Disagree","Strongly Disagree","Agree","Research Participation: I consent to provide data from my research experience to researchers for analysis","Participation"
"9494","23","Female","80%","Much","A fair amount","Very much","Very much","Very much","A little","Very much","A little","A fair amount","A fair amount","Much","Much","A fair amount","A fair amount","A fair amount","Much","Not at all","Not at all","Not at all","Not at all","Not at all","Not at all","Not at all","Not at all","Not at all","Not at all","Not at all","Not at all","Not at all","Not at all","Not at all","7 - Corresponds exactly","3 - Corresponds a little","5 - Corresponds a lot","3 - Corresponds a little","5 - Corresponds a lot","2","2","6","2","4 - Corresponds moderately","4 - Corresponds moderately","5 - Corresponds a lot","3 - Corresponds a little","3 - Corresponds a little","5 - Corresponds a lot","2","4 - Corresponds moderately","2","2","2","4 - Corresponds moderately","5 - Corresponds a lot","2","4 - Corresponds moderately","1 - Does not correspond at all","4 - Corresponds moderately","2","2","Sometimes","Sometimes","Often","Often","Almost Always","Almost Never","Often","Almost Never","Sometimes","Sometimes","Sometimes","Often","Almost Always","Sometimes","Sometimes","Often","Sometimes","Often","Sometimes","Often","Sometimes","Mildly - but it didn't bother me much","Moderately - it wasn't pleasant at times","Not at all","Severely - it bothered me a lot","Moderately - it wasn't pleasant at times","Mildly - but it didn't bother me much","Mildly - but it didn't bother me much","Moderately - it wasn't pleasant at times","Moderately - it wasn't pleasant at times","Moderately - it wasn't pleasant at times","Not at all","Mildly - but it didn't bother me much","Mildly - but it didn't bother me much","Not at all","Not at all","Not at all","Moderately - it wasn't pleasant at times","Moderately - it wasn't pleasant at times","Not at all","Not at all","Moderately - it wasn't pleasant at times","5 - Very typical of me","3","3","3","3","3","2","3","2","2","5 - Very typical of me","5 - Very typical of me","3","3","3","2","5 - Very typical of me","Neither Agree nor Disagree","Disagree","Neither Agree nor Disagree","Agree","Neither Agree nor Disagree","Disagree","Neither Agree nor Disagree","Agree","Neither Agree nor Disagree","Neither Agree nor Disagree","Agree","Neither Agree nor Disagree","Disagree","Disagree","Neither Agree nor Disagree","Disagree","Neither Agree nor Disagree","Neither Agree nor Disagree","Neither Agree nor Disagree","Neither Agree nor Disagree","Agree","Agree","Neither Agree nor Disagree","Neither Agree nor Disagree","Neither Agree nor Disagree","Neither Agree nor Disagree","Agree","Agree","Strongly Agree","Agree","Neither Agree nor Disagree","Agree","Disagree","Agree","Agree","Agree","Agree","Disagree","Neither Agree nor Disagree","Disagree","Neither Agree nor Disagree","Agree","Disagree","Agree","Neither Agree nor Disagree","Agree","Strongly Agree","Research Participation: I consent to provide data from my research experience to researchers for analysis","Participation"
"18363","21","female","95","Very much","A fair amount","Very much","Very much","Very much","A little","A little","A little","Very much","Much","A fair amount","Much","A little","A little","Very much","Not at all","Not at all","Not at all","Not at all","Not at all","Not at all","A little","A little","Much","Very much","A little","Not at all","Not at all","Not at all","Not at all","Not at all","4 - Corresponds moderately","1 - Does not correspond at all","3 - Corresponds a little","1 - Does not correspond at all","7 - Corresponds exactly","1 - Does not correspond at all","7 - Corresponds exactly","5 - Corresponds a lot","1 - Does not correspond at all","5 - Corresponds a lot","1 - Does not correspond at all","7 - Corresponds exactly","1 - Does not correspond at all","2","5 - Corresponds a lot","1 - Does not correspond at all","5 - Corresponds a lot","1 - Does not correspond at all","1 - Does not correspond at all","6","7 - Corresponds exactly","7 - Corresponds exactly","4 - Corresponds moderately","6","1 - Does not correspond at all","5 - Corresponds a lot","3 - Corresponds a little","7 - Corresponds exactly","Almost Never","Almost Always","Sometimes","Sometimes","Sometimes","Almost Never","Sometimes","Almost Never","Almost Always","Almost Always","Often","Almost Always","Almost Always","Almost Always","Often","Almost Always","Almost Always","Almost Always","Almost Always","Almost Always","Sometimes","Moderately - it wasn't pleasant at times","Moderately - it wasn't pleasant at times","Moderately - it wasn't pleasant at times","Severely - it bothered me a lot","Severely - it bothered me a lot","Moderately - it wasn't pleasant at times","Severely - it bothered me a lot","Moderately - it wasn't pleasant at times","Moderately - it wasn't pleasant at times","Severely - it bothered me a lot","Mildly - but it didn't bother me much","Moderately - it wasn't pleasant at times","Moderately - it wasn't pleasant at times","Mildly - but it didn't bother me much","Moderately - it wasn't pleasant at times","Moderately - it wasn't pleasant at times","Severely - it bothered me a lot","Severely - it bothered me a lot","Mildly - but it didn't bother me much","Moderately - it wasn't pleasant at times","Severely - it bothered me a lot","2","5 - Very typical of me","1 - Not at all typical of me","5 - Very typical of me","5 - Very typical of me","5 - Very typical of me","5 - Very typical of me","1 - Not at all typical of me","5 - Very typical of me","1 - Not at all typical of me","2","5 - Very typical of me","5 - Very typical of me","4","2","5 - Very typical of me","5 - Very typical of me","Agree","Disagree","Neither Agree nor Disagree","Strongly Agree","Do Not Recall","Strongly Disagree","Strongly Agree","Agree","Agree","Strongly Agree","Neither Agree nor Disagree","Strongly Agree","Disagree","Strongly Agree","Agree","Disagree","Disagree","Agree","Agree","Disagree","Agree","Neither Agree nor Disagree","Agree","Disagree","Agree","Disagree","Neither Agree nor Disagree","Agree","Agree","Agree","Disagree","Agree","Disagree","Strongly Disagree","Agree","Neither Agree nor Disagree","Strongly Disagree","Strongly Disagree","Agree","Agree","Agree","Neither Agree nor Disagree","Agree","Neither Agree nor Disagree","Agree","Neither Agree nor Disagree","Agree","Research Participation: I consent to provide data from my research experience to researchers for analysis","Participation"
"18878","22","Male","80","A little","A little","A little","A fair amount","A fair amount","A little","Not at all","A little","Much","Much","A fair amount","A fair amount","A little","A little","A fair amount","Not at all","A little","Not at all","Not at all","Not at all","Not at all","Not at all","Not at all","Not at all","Not at all","Not at all","Not at all","A little","Not at all","A little","Not at all","7 - Corresponds exactly","4 - Corresponds moderately","7 - Corresponds exactly","3 - Corresponds a little","1 - Does not correspond at all","3 - Corresponds a little","4 - Corresponds moderately","7 - Corresponds exactly","3 - Corresponds a little","7 - Corresponds exactly","1 - Does not correspond at all","1 - Does not correspond at all","3 - Corresponds a little","3 - Corresponds a little","5 - Corresponds a lot","3 - Corresponds a little","5 - Corresponds a lot","1 - Does not correspond at all","1 - Does not correspond at all","3 - Corresponds a little","3 - Corresponds a little","5 - Corresponds a lot","5 - Corresponds a lot","5 - Corresponds a lot","1 - Does not correspond at all","1 - Does not correspond at all","3 - Corresponds a little","3 - Corresponds a little","Sometimes","Almost Never","Almost Never","Sometimes","Sometimes","Almost Never","Almost Never","Almost Never","Almost Never","Sometimes","Almost Never","Almost Never","Almost Never","Almost Never","Almost Never","Almost Never","Sometimes","Almost Never","Almost Never","Almost Never","Almost Never","Not at all","Not at all","Not at all","Not at all","Not at all","Not at all","Not at all","Not at all","Not at all","Not at all","Not at all","Not at all","Not at all","Not at all","Not at all","Not at all","Not at all","Not at all","Not at all","Not at all","Not at all","2","1 - Not at all typical of me","2","1 - Not at all typical of me","1 - Not at all typical of me","2","1 - Not at all typical of me","2","1 - Not at all typical of me","2","1 - Not at all typical of me","5 - Very typical of me","1 - Not at all typical of me","1 - Not at all typical of me","2","1 - Not at all typical of me","2","Agree","Agree","Disagree","Agree","Neither Agree nor Disagree","Disagree","Agree","Strongly Agree","Agree","Strongly Agree","","Disagree","Disagree","Disagree","Agree","Disagree","Disagree","Strongly Agree","Strongly Agree","Agree","Neither Agree nor Disagree","Agree","Agree","Agree","Agree","Disagree","Strongly Agree","Agree","Strongly Agree","Strongly Agree","Strongly Disagree","Agree","Disagree","Strongly Agree","Strongly Agree","Strongly Agree","Strongly Agree","Disagree","Neither Agree nor Disagree","Neither Agree nor Disagree","Neither Agree nor Disagree","Neither Agree nor Disagree","Neither Agree nor Disagree","Neither Agree nor Disagree","Strongly Disagree","Neither Agree nor Disagree","Neither Agree nor Disagree","Research Participation: I consent to provide data from my research experience to researchers for analysis","Participation"
"16493","19","Female","97","Much","A little","Very much","A fair amount","A fair amount","A fair amount","Much","A fair amount","A little","A little","A little","A fair amount","A little","Much","A little","A little","Not at all","Not at all","Not at all","Not at all","Not at all","A little","A little","A little","A little","Not at all","Not at all","A little","Not at all","A fair amount","Not at all","4 - Corresponds moderately","7 - Corresponds exactly","7 - Corresponds exactly","4 - Corresponds moderately","1 - Does not correspond at all","5 - Corresponds a lot","2","7 - Corresponds exactly","7 - Corresponds exactly","7 - Corresponds exactly","2","1 - Does not correspond at all","7 - Corresponds exactly","4 - Corresponds moderately","7 - Corresponds exactly","6","7 - Corresponds exactly","1 - Does not correspond at all","1 - Does not correspond at all","4 - Corresponds moderately","3 - Corresponds a little","6","7 - Corresponds exactly","7 - Corresponds exactly","4 - Corresponds moderately","1 - Does not correspond at all","6","7 - Corresponds exactly","Sometimes","Sometimes","Sometimes","Almost Never","Almost Never","Almost Never","Sometimes","Almost Never","Almost Never","Almost Never","Sometimes","Sometimes","Often","Almost Never","Sometimes","Sometimes","Sometimes","Sometimes","Almost Never","Almost Never","Almost Never","Not at all","Mildly - but it didn't bother me much","Not at all","Mildly - but it didn't bother me much","Not at all","Mildly - but it didn't bother me much","Mildly - but it didn't bother me much","Not at all","Not at all","Mildly - but it didn't bother me much","Not at all","Not at all","Not at all","Not at all","Mildly - but it didn't bother me much","Moderately - it wasn't pleasant at times","Mildly - but it didn't bother me much","Not at all","Not at all","Moderately - it wasn't pleasant at times","Mildly - but it didn't bother me much","1 - Not at all typical of me","2","3","2","3","2","2","3","3","1 - Not at all typical of me","2","5 - Very typical of me","2","3","2","1 - Not at all typical of me","2","Strongly Agree","Strongly Agree","Disagree","Agree","Strongly Agree","Strongly Disagree","Agree","Agree","Neither Agree nor Disagree","Strongly Agree","Strongly Agree","Agree","Disagree","Agree","Agree","Neither Agree nor Disagree","Neither Agree nor Disagree","Agree","Agree","Agree","Strongly Agree","Agree","Agree","Agree","Strongly Agree","Disagree","Agree","Agree","Agree","Agree","Strongly Disagree","Agree","Disagree","Neither Agree nor Disagree","Agree","Agree","Neither Agree nor Disagree","Disagree","Strongly Agree","Agree","Neither Agree nor Disagree","Agree","Strongly Agree","Neither Agree nor Disagree","Agree","Disagree","Agree","Research Participation: I consent to provide data from my research experience to researchers for analysis","Participation"
"15062","21","female","85-90's","Very much","A fair amount","Much","Very much","Very much","A little","A fair amount","Much","Very much","A little","Much","Very much","A little","A fair amount","A fair amount","Much","Not at all","Not at all","Not at all","A fair amount","A little","A fair amount","A little","Not at all","A little","A little","Not at all","A fair amount","Not at all","A little","Not at all","5 - Corresponds a lot","7 - Corresponds exactly","7 - Corresponds exactly","3 - Corresponds a little","1 - Does not correspond at all","5 - Corresponds a lot","7 - Corresponds exactly","7 - Corresponds exactly","6","7 - Corresponds exactly","2","1 - Does not correspond at all","5 - Corresponds a lot","7 - Corresponds exactly","5 - Corresponds a lot","6","5 - Corresponds a lot","2","1 - Does not correspond at all","6","7 - Corresponds exactly","5 - Corresponds a lot","6","5 - Corresponds a lot","5 - Corresponds a lot","1 - Does not correspond at all","6","7 - Corresponds exactly","Almost Never","Almost Always","Almost Always","Almost Always","Often","Almost Never","Almost Always","Almost Never","Often","Almost Always","Often","Often","Almost Always","Almost Always","Often","Almost Always","Almost Always","Often","Sometimes","Sometimes","Almost Always","Mildly - but it didn't bother me much","Mildly - but it didn't bother me much","Not at all","Moderately - it wasn't pleasant at times","Moderately - it wasn't pleasant at times","Mildly - but it didn't bother me much","Moderately - it wasn't pleasant at times","Mildly - but it didn't bother me much","Not at all","Mildly - but it didn't bother me much","Not at all","Moderately - it wasn't pleasant at times","Moderately - it wasn't pleasant at times","Severely - it bothered me a lot","Not at all","Not at all","Not at all","Mildly - but it didn't bother me much","Not at all","Moderately - it wasn't pleasant at times","Moderately - it wasn't pleasant at times","1 - Not at all typical of me","3","1 - Not at all typical of me","2","5 - Very typical of me","3","5 - Very typical of me","1 - Not at all typical of me","5 - Very typical of me","1 - Not at all typical of me","1 - Not at all typical of me","5 - Very typical of me","1 - Not at all typical of me","4","5 - Very typical of me","5 - Very typical of me","5 - Very typical of me","Strongly Agree","Strongly Disagree","Strongly Agree","Agree","Disagree","Strongly Disagree","Disagree","Neither Agree nor Disagree","Agree","Do Not Recall","Disagree","Neither Agree nor Disagree","Do Not Recall","Disagree","Disagree","Agree","Do Not Recall","Neither Agree nor Disagree","Neither Agree nor Disagree","Disagree","Do Not Recall","Do Not Recall","Neither Agree nor Disagree","Disagree","Strongly Agree","Strongly Disagree","Do Not Recall","Strongly Disagree","Disagree","Do Not Recall","Strongly Agree","Agree","","Strongly Disagree","Do Not Recall","Do Not Recall","Strongly Disagree","Disagree","Do Not Recall","Neither Agree nor Disagree","Strongly Agree","Agree","Do Not Recall","Strongly Agree","Neither Agree nor Disagree","Do Not Recall","Do Not Recall","Research Participation: I consent to provide data from my research experience to researchers for analysis","Participation"
"12592","21","female","98","A fair amount","A little","Much","Very much","Very much","Very much","Much","A fair amount","Much","A little","Very much","Not at all","Not at all","Not at all","Not at all","Not at all","Not at all","Not at all","A little","A little","Not at all","A fair amount","Not at all","Not at all","Not at all","Not at all","Not at all","Not at all","Not at all","Not at all","Not at all","7 - Corresponds exactly","4 - Corresponds moderately","7 - Corresponds exactly","3 - Corresponds a little","2","5 - Corresponds a lot","7 - Corresponds exactly","7 - Corresponds exactly","3 - Corresponds a little","7 - Corresponds exactly","2","2","6","7 - Corresponds exactly","7 - Corresponds exactly","6","7 - Corresponds exactly","3 - Corresponds a little","1 - Does not correspond at all","7 - Corresponds exactly","7 - Corresponds exactly","7 - Corresponds exactly","5 - Corresponds a lot","7 - Corresponds exactly","3 - Corresponds a little","1 - Does not correspond at all","6","7 - Corresponds exactly","Often","Sometimes","Sometimes","Sometimes","Almost Never","Sometimes","Sometimes","Almost Never","Sometimes","Often","Almost Always","Sometimes","Often","Almost Never","Sometimes","Almost Never","Sometimes","Sometimes","Sometimes","Almost Never","Sometimes","Not at all","Not at all","Mildly - but it didn't bother me much","Severely - it bothered me a lot","Mildly - but it didn't bother me much","Not at all","Mildly - but it didn't bother me much","Not at all","Not at all","Mildly - but it didn't bother me much","Not at all","Not at all","Moderately - it wasn't pleasant at times","Not at all","Not at all","Not at all","Not at all","Not at all","Not at all","Not at all","Not at all","1 - Not at all typical of me","4","1 - Not at all typical of me","4","5 - Very typical of me","3","3","2","4","1 - Not at all typical of me","1 - Not at all typical of me","5 - Very typical of me","4","4","2","3","5 - Very typical of me","Strongly Agree","Strongly Agree","Disagree","Strongly Agree","Agree","Disagree","Neither Agree nor Disagree","Strongly Agree","Strongly Agree","Strongly Agree","Neither Agree nor Disagree","Disagree","Disagree","Disagree","Agree","Disagree","Disagree","Agree","Agree","Agree","Strongly Agree","Agree","Agree","Neither Agree nor Disagree","Agree","Strongly Disagree","Agree","Disagree","Strongly Agree","Agree","Disagree","Agree","Disagree","Agree","Strongly Agree","Strongly Agree","Agree","Strongly Disagree","Strongly Agree","Neither Agree nor Disagree","Strongly Agree","Agree","Agree","Neither Agree nor Disagree","Disagree","Neither Agree nor Disagree","Strongly Agree","Research Participation: I consent to provide data from my research experience to researchers for analysis","Participation"
"15795","20","Female","95","Very much","Very much","Very much","Very much","Very much","Very much","Very much","Very much","Very much","Very much","Very much","Very much","Very much","Very much","Very much","Very much","Very much","Very much","Very much","Very much","Very much","Very much","Very much","Very much","Much","Much","A little","Very much","Very much","Very much","Not at all","7 - Corresponds exactly","7 - Corresponds exactly","7 - Corresponds exactly","7 - Corresponds exactly","6","7 - Corresponds exactly","7 - Corresponds exactly","7 - Corresponds exactly","7 - Corresponds exactly","7 - Corresponds exactly","7 - Corresponds exactly","3 - Corresponds a little","7 - Corresponds exactly","7 - Corresponds exactly","7 - Corresponds exactly","7 - Corresponds exactly","7 - Corresponds exactly","7 - Corresponds exactly","2","7 - Corresponds exactly","7 - Corresponds exactly","7 - Corresponds exactly","7 - Corresponds exactly","7 - Corresponds exactly","7 - Corresponds exactly","2","7 - Corresponds exactly","7 - Corresponds exactly","Sometimes","Often","Often","Almost Always","Almost Always","Often","Often","Almost Never","Often","Often","Almost Always","Often","Almost Always","Often","Often","Often","Often","Often","Almost Always","Almost Always","Almost Always","Severely - it bothered me a lot","Severely - it bothered me a lot","Severely - it bothered me a lot","Moderately - it wasn't pleasant at times","Moderately - it wasn't pleasant at times","Moderately - it wasn't pleasant at times","Severely - it bothered me a lot","Severely - it bothered me a lot","Severely - it bothered me a lot","Severely - it bothered me a lot","Mildly - but it didn't bother me much","Moderately - it wasn't pleasant at times","Moderately - it wasn't pleasant at times","Moderately - it wasn't pleasant at times","Moderately - it wasn't pleasant at times","Severely - it bothered me a lot","Severely - it bothered me a lot","Moderately - it wasn't pleasant at times","Severely - it bothered me a lot","Mildly - but it didn't bother me much","Severely - it bothered me a lot","2","5 - Very typical of me","1 - Not at all typical of me","5 - Very typical of me","5 - Very typical of me","4","5 - Very typical of me","1 - Not at all typical of me","5 - Very typical of me","1 - Not at all typical of me","2","5 - Very typical of me","5 - Very typical of me","5 - Very typical of me","4","5 - Very typical of me","5 - Very typical of me","Disagree","Strongly Agree","Strongly Agree","Disagree","Disagree","Disagree","Disagree","Disagree","Strongly Disagree","Disagree","Agree","Strongly Agree","Disagree","Strongly Disagree","Disagree","Strongly Agree","Do Not Recall","Neither Agree nor Disagree","Disagree","Disagree","Agree","Disagree","Disagree","Agree","Agree","Disagree","Strongly Disagree","Strongly Disagree","Strongly Disagree","Strongly Disagree","Strongly Disagree","Agree","Agree","Strongly Disagree","Strongly Disagree","Strongly Agree","Strongly Disagree","Agree","Disagree","Disagree","Disagree","Disagree","Agree","Agree","Agree","Agree","Agree","Research Participation: I consent to provide data from my research experience to researchers for analysis","Participation"
"18734","19","Female","86","Very much","A fair amount","Very much","Very much","Very much","A little","Very much","Much","Very much","Much","Very much","Much","Very much","Very much","Much","A little","Not at all","Not at all","Not at all","Not at all","Not at all","A fair amount","A little","Not at all","A little","Not at all","Not at all","Not at all","Not at all","Not at all","Not at all","7 - Corresponds exactly","6","7 - Corresponds exactly","1 - Does not correspond at all","1 - Does not correspond at all","4 - Corresponds moderately","6","7 - Corresponds exactly","3 - Corresponds a little","7 - Corresponds exactly","2","1 - Does not correspond at all","5 - Corresponds a lot","7 - Corresponds exactly","7 - Corresponds exactly","4 - Corresponds moderately","6","2","1 - Does not correspond at all","4 - Corresponds moderately","7 - Corresponds exactly","7 - Corresponds exactly","6","6","2","1 - Does not correspond at all","4 - Corresponds moderately","6","Sometimes","Sometimes","Almost Always","Often","Often","Often","Almost Always","Almost Never","Often","Almost Always","Almost Always","Often","Almost Always","Often","Often","Often","Almost Always","Almost Always","Often","Almost Always","Almost Always","Not at all","Mildly - but it didn't bother me much","Moderately - it wasn't pleasant at times","Moderately - it wasn't pleasant at times","Severely - it bothered me a lot","Mildly - but it didn't bother me much","Moderately - it wasn't pleasant at times","Moderately - it wasn't pleasant at times","Severely - it bothered me a lot","Severely - it bothered me a lot","Not at all","Mildly - but it didn't bother me much","Mildly - but it didn't bother me much","Severely - it bothered me a lot","Mildly - but it didn't bother me much","Not at all","Moderately - it wasn't pleasant at times","Not at all","Not at all","Not at all","Not at all","2","4","1 - Not at all typical of me","4","5 - Very typical of me","5 - Very typical of me","5 - Very typical of me","3","5 - Very typical of me","1 - Not at all typical of me","1 - Not at all typical of me","5 - Very typical of me","4","5 - Very typical of me","4","4","3","Strongly Agree","Agree","Strongly Agree","Strongly Agree","Disagree","Strongly Disagree","Agree","Strongly Agree","Strongly Agree","Strongly Agree","Agree","Strongly Agree","Disagree","Agree","Disagree","Strongly Disagree","Neither Agree nor Disagree","Neither Agree nor Disagree","Agree","Strongly Agree","Strongly Agree","Strongly Agree","Strongly Agree","Disagree","Strongly Agree","Disagree","Strongly Disagree","Neither Agree nor Disagree","Neither Agree nor Disagree","Strongly Agree","Disagree","Agree","Neither Agree nor Disagree","Strongly Disagree","Strongly Agree","Strongly Agree","Strongly Disagree","Agree","Strongly Disagree","Strongly Disagree","Strongly Disagree","Agree","Agree","Agree","Agree","Strongly Agree","Agree","Research Participation: I consent to provide data from my research experience to researchers for analysis","Participation"
"17586","19","Female","95","Very much","Much","Very much","Very much","Very much","Very much","Very much","Very much","Very much","Much","Very much","A fair amount","Not at all","A fair amount","Not at all","Not at all","Not at all","Not at all","Not at all","Not at all","Not at all","Much","Not at all","A fair amount","Not at all","A little","Not at all","A fair amount","Not at all","A fair amount","Not at all","7 - Corresponds exactly","3 - Corresponds a little","7 - Corresponds exactly","1 - Does not correspond at all","3 - Corresponds a little","3 - Corresponds a little","7 - Corresponds exactly","7 - Corresponds exactly","7 - Corresponds exactly","7 - Corresponds exactly","1 - Does not correspond at all","1 - Does not correspond at all","3 - Corresponds a little","7 - Corresponds exactly","7 - Corresponds exactly","5 - Corresponds a lot","7 - Corresponds exactly","1 - Does not correspond at all","1 - Does not correspond at all","5 - Corresponds a lot","5 - Corresponds a lot","7 - Corresponds exactly","5 - Corresponds a lot","7 - Corresponds exactly","1 - Does not correspond at all","1 - Does not correspond at all","4 - Corresponds moderately","7 - Corresponds exactly","Almost Never","Sometimes","Sometimes","Sometimes","Often","Often","Often","Almost Never","Almost Never","Sometimes","Sometimes","Sometimes","Almost Always","Almost Never","Almost Never","Almost Never","Sometimes","Almost Always","Almost Never","Almost Never","Sometimes","Mildly - but it didn't bother me much","Not at all","Not at all","Not at all","Moderately - it wasn't pleasant at times","Not at all","Not at all","Not at all","Not at all","Mildly - but it didn't bother me much","Not at all","Not at all","Mildly - but it didn't bother me much","Not at all","Not at all","Not at all","Mildly - but it didn't bother me much","Not at all","Not at all","Mildly - but it didn't bother me much","Not at all","1 - Not at all typical of me","5 - Very typical of me","1 - Not at all typical of me","4","5 - Very typical of me","5 - Very typical of me","1 - Not at all typical of me","2","1 - Not at all typical of me","1 - Not at all typical of me","3","5 - Very typical of me","1 - Not at all typical of me","5 - Very typical of me","2","2","2","Neither Agree nor Disagree","Strongly Agree","Disagree","Agree","Neither Agree nor Disagree","Strongly Agree","Neither Agree nor Disagree","Neither Agree nor Disagree","Agree","Agree","Strongly Agree","Neither Agree nor Disagree","Disagree","Agree","Neither Agree nor Disagree","Strongly Disagree","Do Not Recall","Neither Agree nor Disagree","Neither Agree nor Disagree","Agree","Disagree","Agree","Strongly Agree","Neither Agree nor Disagree","Neither Agree nor Disagree","Strongly Disagree","Strongly Agree","Agree","Strongly Agree","Strongly Agree","Strongly Disagree","Agree","Agree","Strongly Agree","Strongly Agree","Strongly Agree","Strongly Agree","Strongly Disagree","Strongly Agree","Strongly Agree","Strongly Agree","Strongly Agree","Strongly Agree","Disagree","Strongly Agree","Disagree","Strongly Agree","Research Participation: I consent to provide data from my research experience to researchers for analysis","Participation"
"14304","23","Female","86","Much","Much","Much","Much","Much","Very much","Very much","A fair amount","A fair amount","A little","Much","A fair amount","A little","Not at all","Not at all","Not at all","Not at all","Not at all","Not at all","Not at all","Not at all","A fair amount","A little","Not at all","Not at all","Not at all","Not at all","Not at all","Not at all","Not at all","Not at all","4 - Corresponds moderately","6","7 - Corresponds exactly","1 - Does not correspond at all","1 - Does not correspond at all","4 - Corresponds moderately","6","6","4 - Corresponds moderately","7 - Corresponds exactly","4 - Corresponds moderately","1 - Does not correspond at all","4 - Corresponds moderately","4 - Corresponds moderately","4 - Corresponds moderately","4 - Corresponds moderately","7 - Corresponds exactly","3 - Corresponds a little","1 - Does not correspond at all","5 - Corresponds a lot","5 - Corresponds a lot","5 - Corresponds a lot","4 - Corresponds moderately","4 - Corresponds moderately","3 - Corresponds a little","1 - Does not correspond at all","5 - Corresponds a lot","5 - Corresponds a lot","Sometimes","Often","Sometimes","Often","Often","Often","Often","Almost Never","Often","Almost Always","Almost Always","Almost Always","Almost Always","Often","Often","Often","Often","Often","Often","Often","Sometimes","Not at all","Not at all","Mildly - but it didn't bother me much","Mildly - but it didn't bother me much","Mildly - but it didn't bother me much","Mildly - but it didn't bother me much","Mildly - but it didn't bother me much","Mildly - but it didn't bother me much","Mildly - but it didn't bother me much","Mildly - but it didn't bother me much","Mildly - but it didn't bother me much","Mildly - but it didn't bother me much","Mildly - but it didn't bother me much","Mildly - but it didn't bother me much","Mildly - but it didn't bother me much","Not at all","Severely - it bothered me a lot","Not at all","Mildly - but it didn't bother me much","Severely - it bothered me a lot","Not at all","2","5 - Very typical of me","1 - Not at all typical of me","5 - Very typical of me","5 - Very typical of me","5 - Very typical of me","5 - Very typical of me","1 - Not at all typical of me","5 - Very typical of me","1 - Not at all typical of me","1 - Not at all typical of me","5 - Very typical of me","5 - Very typical of me","5 - Very typical of me","5 - Very typical of me","5 - Very typical of me","5 - Very typical of me","Disagree","Strongly Disagree","Strongly Agree","Disagree","Disagree","Neither Agree nor Disagree","Agree","Disagree","Disagree","Disagree","Disagree","Agree","Agree","Disagree","Disagree","Agree","Disagree","Disagree","Disagree","Disagree","Disagree","Disagree","Agree","Disagree","Disagree","Disagree","Disagree","Disagree","Disagree","Disagree","Agree","Agree","Agree","Disagree","Disagree","Disagree","Disagree","Disagree","Agree","Agree","Disagree","Agree","Neither Agree nor Disagree","Neither Agree nor Disagree","Agree","Disagree","Agree","Research Participation: I consent to provide data from my research experience to researchers for analysis","Participation"
"17520","22","Female","91","A fair amount","Much","Very much","Very much","Very much","Very much","Very much","A fair amount","Very much","A little","Very much","A little","Not at all","A little","Not at all","A little","Not at all","Not at all","Not at all","Not at all","A little","A little","Not at all","Not at all","Not at all","Not at all","Not at all","A little","Not at all","Not at all","Not at all","7 - Corresponds exactly","6","7 - Corresponds exactly","1 - Does not correspond at all","1 - Does not correspond at all","5 - Corresponds a lot","5 - Corresponds a lot","7 - Corresponds exactly","4 - Corresponds moderately","7 - Corresponds exactly","4 - Corresponds moderately","1 - Does not correspond at all","4 - Corresponds moderately","4 - Corresponds moderately","7 - Corresponds exactly","3 - Corresponds a little","5 - Corresponds a lot","3 - Corresponds a little","1 - Does not correspond at all","4 - Corresponds moderately","6","7 - Corresponds exactly","3 - Corresponds a little","4 - Corresponds moderately","3 - Corresponds a little","1 - Does not correspond at all","2","3 - Corresponds a little","Often","Sometimes","Almost Always","Almost Never","Almost Never","Almost Never","Sometimes","Almost Never","Often","Often","Almost Always","Sometimes","Almost Always","Almost Always","Almost Never","Sometimes","Sometimes","Almost Never","Almost Never","Almost Always","Almost Never","Mildly - but it didn't bother me much","Moderately - it wasn't pleasant at times","Mildly - but it didn't bother me much","Severely - it bothered me a lot","Severely - it bothered me a lot","Not at all","Severely - it bothered me a lot","Mildly - but it didn't bother me much","Mildly - but it didn't bother me much","Mildly - but it didn't bother me much","Not at all","Mildly - but it didn't bother me much","Moderately - it wasn't pleasant at times","Mildly - but it didn't bother me much","Severely - it bothered me a lot","Not at all","Not at all","Severely - it bothered me a lot","Mildly - but it didn't bother me much","Mildly - but it didn't bother me much","Mildly - but it didn't bother me much","4","4","1 - Not at all typical of me","5 - Very typical of me","5 - Very typical of me","5 - Very typical of me","5 - Very typical of me","1 - Not at all typical of me","5 - Very typical of me","1 - Not at all typical of me","1 - Not at all typical of me","5 - Very typical of me","5 - Very typical of me","5 - Very typical of me","5 - Very typical of me","5 - Very typical of me","5 - Very typical of me","Strongly Agree","Strongly Agree","Disagree","Strongly Agree","Strongly Agree","Strongly Disagree","Strongly Agree","Strongly Agree","Strongly Agree","Strongly Agree","Strongly Agree","Disagree","Disagree","Strongly Disagree","Strongly Agree","Strongly Disagree","Strongly Disagree","Strongly Agree","Strongly Agree","Strongly Agree","Strongly Agree","Strongly Agree","Strongly Agree","Strongly Agree","Strongly Agree","Strongly Disagree","Neither Agree nor Disagree","Agree","Agree","Strongly Agree","Disagree","Agree","Strongly Agree","Disagree","Strongly Agree","Disagree","Strongly Agree","Disagree","Neither Agree nor Disagree","Agree","Strongly Agree","Agree","Neither Agree nor Disagree","Strongly Agree","Disagree","Strongly Agree","Agree","Research Participation: I consent to provide data from my research experience to researchers for analysis","Participation"
"18872","21","Female","89","Much","A fair amount","Very much","Much","Much","Much","Very much","A fair amount","Very much","A little","Much","Very much","Not at all","A fair amount","Not at all","Not at all","Not at all","Not at all","Not at all","A little","A little","Very much","A little","A little","A little","A little","Not at all","A little","A little","A little","Not at all","4 - Corresponds moderately","4 - Corresponds moderately","7 - Corresponds exactly","1 - Does not correspond at all","3 - Corresponds a little","3 - Corresponds a little","5 - Corresponds a lot","7 - Corresponds exactly","7 - Corresponds exactly","7 - Corresponds exactly","1 - Does not correspond at all","3 - Corresponds a little","5 - Corresponds a lot","7 - Corresponds exactly","7 - Corresponds exactly","7 - Corresponds exactly","7 - Corresponds exactly","1 - Does not correspond at all","1 - Does not correspond at all","3 - Corresponds a little","7 - Corresponds exactly","7 - Corresponds exactly","5 - Corresponds a lot","5 - Corresponds a lot","3 - Corresponds a little","3 - Corresponds a little","5 - Corresponds a lot","7 - Corresponds exactly","Sometimes","Often","Almost Always","Sometimes","Almost Always","Sometimes","Almost Always","Almost Never","Almost Always","Almost Always","Almost Always","Almost Always","Almost Always","Often","Often","Almost Always","Almost Always","Almost Always","Often","Sometimes","Sometimes","Not at all","Not at all","Not at all","Severely - it bothered me a lot","Moderately - it wasn't pleasant at times","Not at all","Moderately - it wasn't pleasant at times","Not at all","Mildly - but it didn't bother me much","Moderately - it wasn't pleasant at times","Not at all","Not at all","Not at all","Mildly - but it didn't bother me much","Moderately - it wasn't pleasant at times","Not at all","Not at all","Not at all","Not at all","Not at all","Not at all","1 - Not at all typical of me","5 - Very typical of me","1 - Not at all typical of me","5 - Very typical of me","5 - Very typical of me","5 - Very typical of me","5 - Very typical of me","1 - Not at all typical of me","4","1 - Not at all typical of me","2","5 - Very typical of me","5 - Very typical of me","5 - Very typical of me","4","4","4","Strongly Agree","Agree","Neither Agree nor Disagree","Strongly Agree","Strongly Agree","Strongly Disagree","Agree","Agree","Strongly Agree","Agree","Strongly Agree","Disagree","Strongly Disagree","Disagree","Agree","Strongly Agree","Disagree","Neither Agree nor Disagree","Agree","Agree","Strongly Agree","Agree","Neither Agree nor Disagree","Strongly Agree","Agree","Disagree","Strongly Agree","Strongly Disagree","Strongly Agree","Strongly Agree","Agree","Agree","Disagree","Agree","Strongly Agree","Agree","Agree","Disagree","Agree","Agree","Strongly Agree","Strongly Agree","Neither Agree nor Disagree","Agree","Neither Agree nor Disagree","Agree","Agree","Research Participation: I consent to provide data from my research experience to researchers for analysis","Participation"
"11496","21","female","97","A fair amount","A little","Much","Much","Much","Much","Much","A little","Much","A fair amount","A little","A fair amount","A little","A little","A little","A little","Not at all","A little","Much","A little","Not at all","A fair amount","A fair amount","Not at all","A little","A little","Not at all","A little","A little","A little","Not at all","4 - Corresponds moderately","7 - Corresponds exactly","7 - Corresponds exactly","5 - Corresponds a lot","1 - Does not correspond at all","4 - Corresponds moderately","3 - Corresponds a little","3 - Corresponds a little","4 - Corresponds moderately","5 - Corresponds a lot","5 - Corresponds a lot","1 - Does not correspond at all","4 - Corresponds moderately","3 - Corresponds a little","4 - Corresponds moderately","5 - Corresponds a lot","6","2","1 - Does not correspond at all","5 - Corresponds a lot","4 - Corresponds moderately","4 - Corresponds moderately","6","6","3 - Corresponds a little","1 - Does not correspond at all","3 - Corresponds a little","5 - Corresponds a lot","Often","Sometimes","Sometimes","Almost Never","Almost Never","Almost Never","Sometimes","Almost Never","Sometimes","Sometimes","Often","Almost Never","Almost Never","Almost Never","Almost Never","Almost Never","Sometimes","Almost Never","Almost Never","Almost Never","Sometimes","Mildly - but it didn't bother me much","Moderately - it wasn't pleasant at times","Mildly - but it didn't bother me much","Severely - it bothered me a lot","Mildly - but it didn't bother me much","Severely - it bothered me a lot","Severely - it bothered me a lot","Not at all","Not at all","Mildly - but it didn't bother me much","Not at all","Mildly - but it didn't bother me much","Mildly - but it didn't bother me much","Mildly - but it didn't bother me much","Moderately - it wasn't pleasant at times","Mildly - but it didn't bother me much","Mildly - but it didn't bother me much","Moderately - it wasn't pleasant at times","Severely - it bothered me a lot","Mildly - but it didn't bother me much","Moderately - it wasn't pleasant at times","1 - Not at all typical of me","3","1 - Not at all typical of me","3","3","4","3","2","4","1 - Not at all typical of me","3","5 - Very typical of me","4","4","3","3","4","Strongly Agree","Strongly Agree","Disagree","Strongly Agree","Agree","Strongly Disagree","Agree","Strongly Agree","Strongly Agree","Strongly Agree","Disagree","Disagree","Disagree","Disagree","Strongly Agree","Disagree","Disagree","Agree","Strongly Agree","Agree","Strongly Agree","Neither Agree nor Disagree","Strongly Agree","Strongly Agree","Strongly Agree","Strongly Disagree","Strongly Agree","Agree","Strongly Agree","Strongly Agree","Disagree","Agree","Neither Agree nor Disagree","Agree","Strongly Agree","Strongly Agree","Agree","Disagree","Disagree","Disagree","Strongly Agree","Neither Agree nor Disagree","Disagree","Strongly Agree","Disagree","Agree","Agree","Research Participation: I consent to provide data from my research experience to researchers for analysis","Participation"
"18916","21","Female","82","Very much","Much","Very much","Very much","Very much","Very much","Very much","Very much","Much","Much","Very much","Very much","A little","Very much","Much","Very much","Very much","Not at all","A little","A fair amount","Very much","Very much","A fair amount","Very much","Not at all","A fair amount","Not at all","Very much","Very much","Very much","Not at all","5 - Corresponds a lot","5 - Corresponds a lot","7 - Corresponds exactly","1 - Does not correspond at all","1 - Does not correspond at all","6","7 - Corresponds exactly","5 - Corresponds a lot","2","7 - Corresponds exactly","1 - Does not correspond at all","1 - Does not correspond at all","6","4 - Corresponds moderately","7 - Corresponds exactly","5 - Corresponds a lot","7 - Corresponds exactly","1 - Does not correspond at all","1 - Does not correspond at all","4 - Corresponds moderately","5 - Corresponds a lot","7 - Corresponds exactly","5 - Corresponds a lot","7 - Corresponds exactly","1 - Does not correspond at all","1 - Does not correspond at all","7 - Corresponds exactly","7 - Corresponds exactly","Sometimes","Often","Often","Almost Always","Often","Sometimes","Almost Always","Almost Never","Almost Always","Often","Almost Always","Often","Almost Always","Almost Always","Often","Almost Always","Almost Always","Often","Almost Always","Often","Sometimes","Mildly - but it didn't bother me much","Severely - it bothered me a lot","Moderately - it wasn't pleasant at times","Severely - it bothered me a lot","Severely - it bothered me a lot","Not at all","Severely - it bothered me a lot","Not at all","Severely - it bothered me a lot","Severely - it bothered me a lot","Not at all","Severely - it bothered me a lot","Mildly - but it didn't bother me much","Not at all","Moderately - it wasn't pleasant at times","Not at all","Severely - it bothered me a lot","Severely - it bothered me a lot","Not at all","Severely - it bothered me a lot","Severely - it bothered me a lot","1 - Not at all typical of me","5 - Very typical of me","1 - Not at all typical of me","4","5 - Very typical of me","5 - Very typical of me","4","1 - Not at all typical of me","4","1 - Not at all typical of me","1 - Not at all typical of me","5 - Very typical of me","3","5 - Very typical of me","5 - Very typical of me","4","5 - Very typical of me","Disagree","Agree","Do Not Recall","Disagree","Agree","Neither Agree nor Disagree","Disagree","Disagree","Disagree","Disagree","Agree","Strongly Agree","Do Not Recall","Disagree","Disagree","Agree","Disagree","Disagree","Disagree","Agree","Disagree","Disagree","Disagree","Disagree","Agree","Strongly Agree","Agree","Disagree","Agree","Agree","Agree","Agree","Neither Agree nor Disagree","Disagree","Neither Agree nor Disagree","Agree","Disagree","Do Not Recall","Disagree","Agree","Disagree","Agree","Neither Agree nor Disagree","Neither Agree nor Disagree","Agree","Neither Agree nor Disagree","Agree","Research Participation: I consent to provide data from my research experience to researchers for analysis","Participation"
"16712","21","Female","90","Very much","Very much","Very much","Very much","Very much","Much","Much","Much","Very much","Very much","Very much","Very much","Very much","Very much","Very much","Much","A fair amount","A fair amount","Very much","Very much","Very much","Very much","Very much","Much","Much","Much","Not at all","Much","Much","Much","Not at all","6","5 - Corresponds a lot","5 - Corresponds a lot","4 - Corresponds moderately","1 - Does not correspond at all","6","6","7 - Corresponds exactly","6","7 - Corresponds exactly","6","1 - Does not correspond at all","6","6","7 - Corresponds exactly","6","7 - Corresponds exactly","6","1 - Does not correspond at all","6","6","6","6","6","6","1 - Does not correspond at all","6","6","Sometimes","Sometimes","Sometimes","Sometimes","Sometimes","Sometimes","Sometimes","Sometimes","Sometimes","Sometimes","Sometimes","Sometimes","Sometimes","Sometimes","Sometimes","Sometimes","Sometimes","Sometimes","Sometimes","Sometimes","Often","Severely - it bothered me a lot","Mildly - but it didn't bother me much","Mildly - but it didn't bother me much","Mildly - but it didn't bother me much","Moderately - it wasn't pleasant at times","Moderately - it wasn't pleasant at times","Moderately - it wasn't pleasant at times","Moderately - it wasn't pleasant at times","Mildly - but it didn't bother me much","Moderately - it wasn't pleasant at times","Mildly - but it didn't bother me much","Not at all","Mildly - but it didn't bother me much","Not at all","Moderately - it wasn't pleasant at times","Moderately - it wasn't pleasant at times","Mildly - but it didn't bother me much","Moderately - it wasn't pleasant at times","Mildly - but it didn't bother me much","Mildly - but it didn't bother me much","Mildly - but it didn't bother me much","3","4","3","2","4","4","3","3","4","1 - Not at all typical of me","2","1 - Not at all typical of me","4","4","3","3","4","Strongly Agree","Strongly Agree","Disagree","Strongly Agree","Agree","Strongly Disagree","Strongly Agree","Strongly Agree","Strongly Agree","Strongly Agree","Strongly Agree","Strongly Disagree","Strongly Disagree","Do Not Recall","Agree","Strongly Disagree","Strongly Disagree","Strongly Agree","Strongly Agree","Strongly Agree","Agree","Agree","Strongly Agree","Strongly Agree","Strongly Agree","Disagree","Strongly Disagree","Strongly Disagree","Strongly Disagree","Strongly Disagree","Disagree","Agree","Disagree","Do Not Recall","Neither Agree nor Disagree","Agree","Do Not Recall","Agree","Strongly Disagree","Agree","Strongly Disagree","Disagree","Agree","Disagree","Strongly Agree","Disagree","Strongly Agree","Research Participation: I consent to provide data from my research experience to researchers for analysis","Participation"
"10580","21","Female","90","Very much","Much","Very much","Very much","Very much","Much","Very much","Much","Very much","Much","Very much","Very much","Much","Very much","Much","Very much","A fair amount","A fair amount","Very much","A fair amount","Much","Very much","A fair amount","A fair amount","A little","Much","A fair amount","Very much","Much","Much","Not at all","7 - Corresponds exactly","2","3 - Corresponds a little","1 - Does not correspond at all","3 - Corresponds a little","1 - Does not correspond at all","6","7 - Corresponds exactly","1 - Does not correspond at all","7 - Corresponds exactly","1 - Does not correspond at all","3 - Corresponds a little","1 - Does not correspond at all","1 - Does not correspond at all","7 - Corresponds exactly","1 - Does not correspond at all","1 - Does not correspond at all","1 - Does not correspond at all","2","1 - Does not correspond at all","6","7 - Corresponds exactly","2","5 - Corresponds a lot","1 - Does not correspond at all","3 - Corresponds a little","1 - Does not correspond at all","6","Almost Never","Almost Always","Almost Always","Almost Always","Almost Always","Almost Always","Almost Always","Almost Never","Almost Always","Almost Always","Almost Always","Almost Always","Almost Always","Almost Always","Almost Always","Almost Always","Almost Always","Almost Always","Almost Always","Often","Almost Always","Not at all","Mildly - but it didn't bother me much","Not at all","Moderately - it wasn't pleasant at times","Mildly - but it didn't bother me much","Moderately - it wasn't pleasant at times","Not at all","Not at all","Not at all","Moderately - it wasn't pleasant at times","Not at all","Mildly - but it didn't bother me much","Not at all","Mildly - but it didn't bother me much","Moderately - it wasn't pleasant at times","Not at all","Mildly - but it didn't bother me much","Severely - it bothered me a lot","Severely - it bothered me a lot","Not at all","Mildly - but it didn't bother me much","1 - Not at all typical of me","5 - Very typical of me","1 - Not at all typical of me","4","5 - Very typical of me","5 - Very typical of me","5 - Very typical of me","1 - Not at all typical of me","5 - Very typical of me","1 - Not at all typical of me","2","5 - Very typical of me","4","4","5 - Very typical of me","5 - Very typical of me","5 - Very typical of me","Strongly Disagree","Disagree","Strongly Agree","Strongly Disagree","Strongly Disagree","Disagree","Strongly Disagree","Strongly Disagree","Disagree","Strongly Disagree","Strongly Disagree","Strongly Agree","Agree","Strongly Disagree","Strongly Disagree","Disagree","Strongly Agree","Disagree","Strongly Disagree","Strongly Disagree","Strongly Disagree","Disagree","Strongly Disagree","Strongly Disagree","Strongly Disagree","Agree","Agree","Disagree","Strongly Agree","Strongly Agree","Agree","Agree","Disagree","Disagree","Agree","Strongly Agree","Disagree","Strongly Agree","Disagree","Disagree","Disagree","Agree","Neither Agree nor Disagree","Agree","Neither Agree nor Disagree","Disagree","Agree","Research Participation: I consent to provide data from my research experience to researchers for analysis","Participation"
"18928","20","female","92","A fair amount","Much","Much","A fair amount","A fair amount","Much","A fair amount","A fair amount","Much","Much","Much","A fair amount","A little","Much","A fair amount","A little","Not at all","Not at all","Not at all","Not at all","A fair amount","A fair amount","Not at all","Not at all","Not at all","Not at all","Not at all","A fair amount","Not at all","A little","Not at all","5 - Corresponds a lot","4 - Corresponds moderately","7 - Corresponds exactly","4 - Corresponds moderately","1 - Does not correspond at all","4 - Corresponds moderately","7 - Corresponds exactly","7 - Corresponds exactly","4 - Corresponds moderately","7 - Corresponds exactly","4 - Corresponds moderately","1 - Does not correspond at all","7 - Corresponds exactly","7 - Corresponds exactly","7 - Corresponds exactly","4 - Corresponds moderately","7 - Corresponds exactly","1 - Does not correspond at all","1 - Does not correspond at all","4 - Corresponds moderately","4 - Corresponds moderately","7 - Corresponds exactly","4 - Corresponds moderately","1 - Does not correspond at all","1 - Does not correspond at all","1 - Does not correspond at all","4 - Corresponds moderately","7 - Corresponds exactly","Almost Never","Often","Often","Often","Sometimes","Almost Always","Often","Almost Never","Often","Often","Often","Often","Almost Always","Often","Often","Often","Often","Often","Often","Often","Often","Mildly - but it didn't bother me much","Moderately - it wasn't pleasant at times","Mildly - but it didn't bother me much","Severely - it bothered me a lot","Severely - it bothered me a lot","Severely - it bothered me a lot","Severely - it bothered me a lot","Severely - it bothered me a lot","Mildly - but it didn't bother me much","Moderately - it wasn't pleasant at times","Not at all","Moderately - it wasn't pleasant at times","Severely - it bothered me a lot","Moderately - it wasn't pleasant at times","Severely - it bothered me a lot","Not at all","Moderately - it wasn't pleasant at times","Not at all","Moderately - it wasn't pleasant at times","Severely - it bothered me a lot","Severely - it bothered me a lot","1 - Not at all typical of me","1 - Not at all typical of me","1 - Not at all typical of me","4","5 - Very typical of me","5 - Very typical of me","5 - Very typical of me","5 - Very typical of me","5 - Very typical of me","1 - Not at all typical of me","1 - Not at all typical of me","5 - Very typical of me","4","4","4","4","5 - Very typical of me","Agree","Strongly Agree","Agree","Agree","Agree","Neither Agree nor Disagree","Strongly Agree","Agree","Agree","Agree","Agree","Agree","Strongly Agree","Agree","Agree","Strongly Agree","Strongly Agree","Neither Agree nor Disagree","Agree","Agree","Agree","Neither Agree nor Disagree","Neither Agree nor Disagree","Neither Agree nor Disagree","Agree","Disagree","Strongly Agree","Agree","Agree","Strongly Agree","Disagree","Agree","Neither Agree nor Disagree","Agree","Agree","Agree","Agree","Disagree","Agree","Agree","Agree","Strongly Agree","Neither Agree nor Disagree","Agree","Strongly Agree","Agree","Neither Agree nor Disagree","Research Participation: I consent to provide data from my research experience to researchers for analysis","Participation"
"12695","21","Female","96","Much","A fair amount","Much","Much","Very much","A fair amount","A fair amount","A fair amount","Much","A fair amount","Much","A fair amount","Not at all","Very much","A little","Much","A little","A little","A little","A fair amount","A little","Much","A fair amount","Much","A fair amount","Much","Not at all","A fair amount","A little","Not at all","Not at all","7 - Corresponds exactly","6","7 - Corresponds exactly","1 - Does not correspond at all","2","6","7 - Corresponds exactly","7 - Corresponds exactly","6","7 - Corresponds exactly","3 - Corresponds a little","1 - Does not correspond at all","7 - Corresponds exactly","7 - Corresponds exactly","7 - Corresponds exactly","7 - Corresponds exactly","7 - Corresponds exactly","2","1 - Does not correspond at all","7 - Corresponds exactly","7 - Corresponds exactly","7 - Corresponds exactly","7 - Corresponds exactly","7 - Corresponds exactly","2","1 - Does not correspond at all","7 - Corresponds exactly","7 - Corresponds exactly","Often","Sometimes","Sometimes","Almost Never","Almost Never","Almost Never","Sometimes","Almost Never","Often","Often","Almost Always","Almost Never","Almost Always","Sometimes","Almost Never","Often","Almost Always","Sometimes","Almost Always","Sometimes","Sometimes","Mildly - but it didn't bother me much","Mildly - but it didn't bother me much","Moderately - it wasn't pleasant at times","Severely - it bothered me a lot","Moderately - it wasn't pleasant at times","Moderately - it wasn't pleasant at times","Severely - it bothered me a lot","Mildly - but it didn't bother me much","Mildly - but it didn't bother me much","Moderately - it wasn't pleasant at times","Not at all","Severely - it bothered me a lot","Severely - it bothered me a lot","Not at all","Severely - it bothered me a lot","Not at all","Severely - it bothered me a lot","Not at all","Moderately - it wasn't pleasant at times","Moderately - it wasn't pleasant at times","Not at all","1 - Not at all typical of me","5 - Very typical of me","1 - Not at all typical of me","5 - Very typical of me","5 - Very typical of me","5 - Very typical of me","5 - Very typical of me","1 - Not at all typical of me","4","1 - Not at all typical of me","4","5 - Very typical of me","5 - Very typical of me","5 - Very typical of me","5 - Very typical of me","5 - Very typical of me","5 - Very typical of me","Agree","Strongly Agree","Agree","Strongly Agree","Agree","Disagree","Agree","Agree","Strongly Agree","Agree","Strongly Agree","Disagree","Disagree","Neither Agree nor Disagree","Agree","Strongly Disagree","Disagree","Agree","Strongly Agree","Agree","Strongly Agree","Strongly Agree","Strongly Agree","Agree","Agree","Strongly Disagree","Agree","Disagree","Agree","Strongly Agree","Disagree","Agree","Disagree","Neither Agree nor Disagree","Strongly Agree","Agree","Agree","Strongly Disagree","Disagree","Disagree","Agree","Neither Agree nor Disagree","Neither Agree nor Disagree","Agree","Disagree","Neither Agree nor Disagree","Agree","Research Participation: I consent to provide data from my research experience to researchers for analysis","Participation"
"2097","25","Male","90","A little","A little","Very much","Much","A fair amount","Not at all","A little","Not at all","Very much","A fair amount","A little","A little","Not at all","A little","Not at all","Not at all","Not at all","Not at all","A little","A little","Not at all","Not at all","A little","Not at all","Not at all","Not at all","Not at all","Not at all","Not at all","Not at all","Not at all","4 - Corresponds moderately","7 - Corresponds exactly","6","1 - Does not correspond at all","1 - Does not correspond at all","6","7 - Corresponds exactly","6","7 - Corresponds exactly","6","5 - Corresponds a lot","5 - Corresponds a lot","5 - Corresponds a lot","6","6","6","4 - Corresponds moderately","5 - Corresponds a lot","1 - Does not correspond at all","4 - Corresponds moderately","6","4 - Corresponds moderately","6","3 - Corresponds a little","3 - Corresponds a little","1 - Does not correspond at all","6","7 - Corresponds exactly","Almost Never","Almost Always","Almost Always","Often","Almost Never","Sometimes","Often","Almost Never","Sometimes","Almost Always","Almost Never","Almost Always","Almost Always","Almost Always","Often","Almost Always","Almost Always","Almost Always","Almost Never","Almost Never","Often","Not at all","Mildly - but it didn't bother me much","Not at all","Severely - it bothered me a lot","Severely - it bothered me a lot","Mildly - but it didn't bother me much","Mildly - but it didn't bother me much","Not at all","Mildly - but it didn't bother me much","Severely - it bothered me a lot","Not at all","Mildly - but it didn't bother me much","Mildly - but it didn't bother me much","Mildly - but it didn't bother me much","Not at all","Not at all","Moderately - it wasn't pleasant at times","Mildly - but it didn't bother me much","Mildly - but it didn't bother me much","Mildly - but it didn't bother me much","Not at all","1 - Not at all typical of me","5 - Very typical of me","1 - Not at all typical of me","5 - Very typical of me","5 - Very typical of me","3","5 - Very typical of me","1 - Not at all typical of me","5 - Very typical of me","1 - Not at all typical of me","1 - Not at all typical of me","5 - Very typical of me","5 - Very typical of me","5 - Very typical of me","5 - Very typical of me","5 - Very typical of me","5 - Very typical of me","Strongly Agree","Strongly Agree","Agree","Agree","Agree","Strongly Disagree","Strongly Agree","Strongly Agree","Disagree","Agree","Agree","Disagree","Disagree","Strongly Disagree","Agree","Strongly Disagree","Strongly Disagree","Agree","Agree","Agree","Strongly Agree","Neither Agree nor Disagree","Strongly Agree","Strongly Agree","Strongly Agree","Strongly Disagree","Neither Agree nor Disagree","Agree","Disagree","Agree","Disagree","Agree","Disagree","Agree","Strongly Agree","Strongly Agree","Agree","Strongly Disagree","Disagree","Strongly Disagree","Strongly Agree","Disagree","Strongly Disagree","Strongly Agree","Strongly Disagree","Strongly Agree","Strongly Disagree","Research Participation: I consent to provide data from my research experience to researchers for analysis","Participation"
"15912","19","Female","90","Very much","A fair amount","Much","Much","Much","A little","A fair amount","Very much","Very much","Very much","Very much","Much","A fair amount","Very much","Much","Much","A little","A little","A little","A little","A fair amount","Much","A fair amount","A fair amount","A little","Not at all","Not at all","Much","A fair amount","A fair amount","Not at all","6","6","7 - Corresponds exactly","5 - Corresponds a lot","1 - Does not correspond at all","3 - Corresponds a little","5 - Corresponds a lot","7 - Corresponds exactly","4 - Corresponds moderately","7 - Corresponds exactly","3 - Corresponds a little","1 - Does not correspond at all","4 - Corresponds moderately","4 - Corresponds moderately","5 - Corresponds a lot","6","7 - Corresponds exactly","5 - Corresponds a lot","1 - Does not correspond at all","4 - Corresponds moderately","6","7 - Corresponds exactly","7 - Corresponds exactly","7 - Corresponds exactly","3 - Corresponds a little","1 - Does not correspond at all","5 - Corresponds a lot","5 - Corresponds a lot","Sometimes","Often","Often","Often","Sometimes","Sometimes","Almost Always","Almost Never","Sometimes","Almost Always","Often","Often","Often","","Sometimes","Sometimes","Often","Often","Often","Sometimes","Almost Always","Mildly - but it didn't bother me much","Severely - it bothered me a lot","Not at all","Moderately - it wasn't pleasant at times","Mildly - but it didn't bother me much","Moderately - it wasn't pleasant at times","Moderately - it wasn't pleasant at times","Mildly - but it didn't bother me much","Mildly - but it didn't bother me much","Severely - it bothered me a lot","Not at all","Mildly - but it didn't bother me much","Mildly - but it didn't bother me much","Not at all","Not at all","Not at all","Mildly - but it didn't bother me much","Not at all","Mildly - but it didn't bother me much","Not at all","Mildly - but it didn't bother me much","1 - Not at all typical of me","5 - Very typical of me","1 - Not at all typical of me","4","5 - Very typical of me","4","5 - Very typical of me","1 - Not at all typical of me","5 - Very typical of me","1 - Not at all typical of me","2","5 - Very typical of me","5 - Very typical of me","5 - Very typical of me","4","5 - Very typical of me","5 - Very typical of me","Strongly Agree","Agree","Agree","Neither Agree nor Disagree","Do Not Recall","Disagree","Neither Agree nor Disagree","Agree","Agree","Agree","Agree","Disagree","Disagree","Neither Agree nor Disagree","Neither Agree nor Disagree","Disagree","Do Not Recall","Agree","Agree","Do Not Recall","Neither Agree nor Disagree","Neither Agree nor Disagree","Agree","Neither Agree nor Disagree","Agree","Disagree","Neither Agree nor Disagree","Neither Agree nor Disagree","Agree","Strongly Agree","Neither Agree nor Disagree","Agree","Neither Agree nor Disagree","Neither Agree nor Disagree","Agree","Agree","Disagree","Neither Agree nor Disagree","Disagree","Agree","Neither Agree nor Disagree","Agree","Agree","Neither Agree nor Disagree","Agree","Do Not Recall","Strongly Agree","Research Participation: I consent to provide data from my research experience to researchers for analysis","Participation"
"11470","21","female","90","A fair amount","Much","Very much","Very much","Very much","Much","Much","Much","Very much","A fair amount","Very much","Very much","A little","Much","Much","Not at all","Not at all","Not at all","Not at all","Not at all","Not at all","A little","Not at all","Not at all","Not at all","Not at all","Not at all","Not at all","Not at all","Not at all","Not at all","7 - Corresponds exactly","6","7 - Corresponds exactly","3 - Corresponds a little","4 - Corresponds moderately","4 - Corresponds moderately","5 - Corresponds a lot","6","3 - Corresponds a little","6","1 - Does not correspond at all","1 - Does not correspond at all","1 - Does not correspond at all","6","6","4 - Corresponds moderately","1 - Does not correspond at all","2","2","1 - Does not correspond at all","4 - Corresponds moderately","5 - Corresponds a lot","5 - Corresponds a lot","4 - Corresponds moderately","3 - Corresponds a little","4 - Corresponds moderately","3 - Corresponds a little","4 - Corresponds moderately","Almost Never","Sometimes","Often","Almost Always","Almost Always","Almost Never","Sometimes","Almost Never","Sometimes","Almost Always","Almost Always","Almost Always","Almost Always","Almost Always","Almost Always","Almost Always","Almost Always","Often","Almost Never","Sometimes","Almost Always","Not at all","Severely - it bothered me a lot","Not at all","Severely - it bothered me a lot","Severely - it bothered me a lot","Not at all","Severely - it bothered me a lot","Not at all","Not at all","Severely - it bothered me a lot","Not at all","Not at all","Severely - it bothered me a lot","Severely - it bothered me a lot","Not at all","Not at all","Severely - it bothered me a lot","Not at all","Not at all","Not at all","Severely - it bothered me a lot","1 - Not at all typical of me","1 - Not at all typical of me","1 - Not at all typical of me","3","2","2","3","4","3","1 - Not at all typical of me","1 - Not at all typical of me","5 - Very typical of me","2","3","4","4","5 - Very typical of me","Agree","Disagree","Strongly Agree","Neither Agree nor Disagree","Disagree","Agree","Neither Agree nor Disagree","Agree","Strongly Agree","Neither Agree nor Disagree","Agree","Disagree","Disagree","Disagree","Agree","Disagree","Agree","Strongly Agree","Strongly Agree","Disagree","Neither Agree nor Disagree","Agree","Agree","Agree","Agree","Strongly Disagree","Agree","Disagree","Agree","Agree","Strongly Disagree","Agree","Neither Agree nor Disagree","Agree","Agree","Agree","Agree","Disagree","Strongly Disagree","Strongly Disagree","Strongly Disagree","Agree","Strongly Disagree","Neither Agree nor Disagree","Disagree","Neither Agree nor Disagree","Agree","Research Participation: I consent to provide data from my research experience to researchers for analysis","Participation"
"15706","20","Female","Approximately 85%","Very much","Much","Very much","Very much","Very much","A fair amount","Very much","A fair amount","Very much","A little","Much","Much","Not at all","Much","A fair amount","A fair amount","Not at all","Not at all","Not at all","A little","Not at all","Much","Very much","Very much","Much","A little","Not at all","A fair amount","Not at all","A little","Not at all","7 - Corresponds exactly","3 - Corresponds a little","7 - Corresponds exactly","1 - Does not correspond at all","1 - Does not correspond at all","4 - Corresponds moderately","5 - Corresponds a lot","7 - Corresponds exactly","1 - Does not correspond at all","7 - Corresponds exactly","3 - Corresponds a little","3 - Corresponds a little","1 - Does not correspond at all","5 - Corresponds a lot","7 - Corresponds exactly","3 - Corresponds a little","1 - Does not correspond at all","3 - Corresponds a little","1 - Does not correspond at all","4 - Corresponds moderately","5 - Corresponds a lot","7 - Corresponds exactly","3 - Corresponds a little","5 - Corresponds a lot","1 - Does not correspond at all","1 - Does not correspond at all","3 - Corresponds a little","5 - Corresponds a lot","Sometimes","Often","Often","Often","Almost Never","Almost Never","Sometimes","Almost Never","Often","Almost Always","Almost Always","Almost Always","Almost Always","Almost Never","Often","Often","Almost Always","Sometimes","Almost Never","Almost Always","Often","Not at all","Mildly - but it didn't bother me much","Not at all","Moderately - it wasn't pleasant at times","Severely - it bothered me a lot","Not at all","Not at all","Not at all","Moderately - it wasn't pleasant at times","Severely - it bothered me a lot","Not at all","Mildly - but it didn't bother me much","Not at all","Severely - it bothered me a lot","Not at all","Severely - it bothered me a lot","Severely - it bothered me a lot","Mildly - but it didn't bother me much","Moderately - it wasn't pleasant at times","Severely - it bothered me a lot","Moderately - it wasn't pleasant at times","1 - Not at all typical of me","5 - Very typical of me","1 - Not at all typical of me","5 - Very typical of me","4","5 - Very typical of me","5 - Very typical of me","1 - Not at all typical of me","3","1 - Not at all typical of me","1 - Not at all typical of me","5 - Very typical of me","5 - Very typical of me","5 - Very typical of me","3","5 - Very typical of me","5 - Very typical of me","Strongly Agree","Strongly Agree","Agree","Agree","Disagree","Strongly Disagree","Strongly Agree","Agree","Agree","Agree","Neither Agree nor Disagree","Disagree","Strongly Disagree","Disagree","Agree","Disagree","Disagree","Agree","Agree","Neither Agree nor Disagree","Neither Agree nor Disagree","Agree","Strongly Agree","Agree","Agree","Strongly Disagree","Strongly Disagree","Agree","Neither Agree nor Disagree","Agree","Disagree","Agree","Neither Agree nor Disagree","Strongly Disagree","Neither Agree nor Disagree","Agree","Strongly Disagree","Strongly Disagree","Strongly Disagree","Strongly Disagree","Agree","Agree","Strongly Disagree","Strongly Agree","Strongly Disagree","Strongly Agree","Neither Agree nor Disagree","Research Participation: I consent to provide data from my research experience to researchers for analysis","Participation"
"16072","22","Male","94","Very much","A fair amount","Very much","Very much","Very much","Much","A fair amount","A fair amount","Very much","A fair amount","A fair amount","A fair amount","A little","A little","A fair amount","Not at all","Not at all","Not at all","Not at all","Very much","Not at all","Not at all","Not at all","Not at all","A little","A little","Not at all","Not at all","Not at all","Not at all","Not at all","2","4 - Corresponds moderately","7 - Corresponds exactly","1 - Does not correspond at all","2","4 - Corresponds moderately","7 - Corresponds exactly","7 - Corresponds exactly","5 - Corresponds a lot","6","2","1 - Does not correspond at all","6","4 - Corresponds moderately","6","5 - Corresponds a lot","6","3 - Corresponds a little","1 - Does not correspond at all","3 - Corresponds a little","6","5 - Corresponds a lot","5 - Corresponds a lot","5 - Corresponds a lot","3 - Corresponds a little","1 - Does not correspond at all","4 - Corresponds moderately","6","Sometimes","Often","Sometimes","Sometimes","Sometimes","Almost Never","Sometimes","Almost Never","Sometimes","Often","Often","Often","Almost Always","Sometimes","Sometimes","Often","Almost Always","Almost Never","Often","Often","Almost Always","Not at all","Severely - it bothered me a lot","Not at all","Severely - it bothered me a lot","Moderately - it wasn't pleasant at times","Mildly - but it didn't bother me much","Moderately - it wasn't pleasant at times","Moderately - it wasn't pleasant at times","Not at all","Moderately - it wasn't pleasant at times","Not at all","Moderately - it wasn't pleasant at times","Moderately - it wasn't pleasant at times","Not at all","Not at all","Not at all","Not at all","Mildly - but it didn't bother me much","Mildly - but it didn't bother me much","Mildly - but it didn't bother me much","Severely - it bothered me a lot","1 - Not at all typical of me","5 - Very typical of me","1 - Not at all typical of me","5 - Very typical of me","5 - Very typical of me","5 - Very typical of me","5 - Very typical of me","1 - Not at all typical of me","5 - Very typical of me","1 - Not at all typical of me","2","5 - Very typical of me","2","5 - Very typical of me","5 - Very typical of me","5 - Very typical of me","5 - Very typical of me","Strongly Agree","Agree","Agree","Agree","Agree","Strongly Disagree","Strongly Agree","Agree","Strongly Agree","Strongly Agree","Disagree","Disagree","Disagree","Strongly Agree","Strongly Agree","Disagree","Disagree","Agree","Agree","Disagree","Agree","Agree","Agree","Disagree","Strongly Agree","Strongly Disagree","Agree","Disagree","Strongly Agree","Strongly Agree","Strongly Disagree","Agree","Disagree","Disagree","Strongly Agree","Agree","Agree","Strongly Disagree","Strongly Disagree","Strongly Disagree","Agree","Agree","Strongly Disagree","Agree","Strongly Disagree","Agree","Neither Agree nor Disagree","Research Participation: I consent to provide data from my research experience to researchers for analysis","Participation"
"18723","19","Female","94","A fair amount","A fair amount","A fair amount","Much","Much","A little","A little","A fair amount","A fair amount","A little","A little","A fair amount","Not at all","A little","A little","A fair amount","Not at all","Not at all","A little","Not at all","Not at all","A little","A fair amount","Not at all","Not at all","Not at all","Not at all","A little","Not at all","A little","Not at all","5 - Corresponds a lot","3 - Corresponds a little","4 - Corresponds moderately","1 - Does not correspond at all","3 - Corresponds a little","2","1 - Does not correspond at all","5 - Corresponds a lot","2","5 - Corresponds a lot","1 - Does not correspond at all","2","3 - Corresponds a little","3 - Corresponds a little","5 - Corresponds a lot","2","5 - Corresponds a lot","1 - Does not correspond at all","1 - Does not correspond at all","3 - Corresponds a little","3 - Corresponds a little","5 - Corresponds a lot","4 - Corresponds moderately","3 - Corresponds a little","2","1 - Does not correspond at all","2","3 - Corresponds a little","Sometimes","Sometimes","Sometimes","Sometimes","Sometimes","Sometimes","Often","Almost Never","Sometimes","Sometimes","Often","Sometimes","Sometimes","Almost Never","Sometimes","Sometimes","Often","Sometimes","Sometimes","Sometimes","Often","Not at all","Not at all","Not at all","Moderately - it wasn't pleasant at times","Mildly - but it didn't bother me much","Not at all","Moderately - it wasn't pleasant at times","Not at all","Not at all","Mildly - but it didn't bother me much","Moderately - it wasn't pleasant at times","Not at all","Not at all","Not at all","Not at all","Not at all","Not at all","Not at all","Not at all","Moderately - it wasn't pleasant at times","Not at all","1 - Not at all typical of me","5 - Very typical of me","1 - Not at all typical of me","4","4","4","3","3","5 - Very typical of me","1 - Not at all typical of me","2","5 - Very typical of me","3","3","3","3","3","Strongly Agree","Strongly Agree","Strongly Disagree","Strongly Agree","Do Not Recall","Strongly Disagree","Agree","Strongly Agree","Strongly Agree","Strongly Agree","Strongly Agree","Disagree","Strongly Disagree","Agree","Agree","Disagree","Strongly Disagree","Strongly Agree","Strongly Agree","Strongly Agree","Strongly Agree","Strongly Agree","Agree","Strongly Agree","Strongly Agree","Strongly Disagree","Disagree","Do Not Recall","Agree","Agree","Strongly Disagree","Agree","Disagree","Strongly Disagree","Strongly Agree","Agree","Strongly Disagree","Strongly Disagree","Agree","Agree","Strongly Agree","Agree","Agree","Disagree","Agree","Neither Agree nor Disagree","Strongly Agree","Research Participation: I consent to provide data from my research experience to researchers for analysis","Participation"
"15492","38","Non-binary","86","A little","A little","A little","A fair amount","A little","Not at all","A fair amount","A little","A fair amount","Not at all","A little","A little","Not at all","Not at all","Not at all","Not at all","Not at all","Not at all","Not at all","A little","Not at all","A fair amount","Not at all","A little","Not at all","Not at all","Not at all","A little","Not at all","Not at all","Not at all","3 - Corresponds a little","6","5 - Corresponds a lot","1 - Does not correspond at all","1 - Does not correspond at all","5 - Corresponds a lot","7 - Corresponds exactly","3 - Corresponds a little","6","4 - Corresponds moderately","3 - Corresponds a little","1 - Does not correspond at all","6","6","5 - Corresponds a lot","7 - Corresponds exactly","3 - Corresponds a little","2","1 - Does not correspond at all","6","7 - Corresponds exactly","3 - Corresponds a little","7 - Corresponds exactly","","6","1 - Does not correspond at all","6","7 - Corresponds exactly","Almost Never","Almost Never","Almost Never","Almost Never","Almost Never","Almost Never","Almost Never","Almost Never","Often","Sometimes","Sometimes","Almost Always","Almost Never","Almost Never","Almost Never","Sometimes","Sometimes","Almost Never","Almost Never","Almost Never","Almost Never","Moderately - it wasn't pleasant at times","Mildly - but it didn't bother me much","Not at all","Moderately - it wasn't pleasant at times","Mildly - but it didn't bother me much","Not at all","Not at all","Not at all","Mildly - but it didn't bother me much","Moderately - it wasn't pleasant at times","Not at all","Not at all","Not at all","Not at all","Mildly - but it didn't bother me much","Not at all","Mildly - but it didn't bother me much","Not at all","Not at all","Not at all","Not at all","1 - Not at all typical of me","3","1 - Not at all typical of me","4","5 - Very typical of me","5 - Very typical of me","4","2","2","1 - Not at all typical of me","2","5 - Very typical of me","5 - Very typical of me","4","3","2","4","Neither Agree nor Disagree","Disagree","Agree","Agree","Disagree","Neither Agree nor Disagree","Disagree","Neither Agree nor Disagree","Agree","Neither Agree nor Disagree","Disagree","Strongly Disagree","Strongly Disagree","Disagree","Neither Agree nor Disagree","Disagree","Disagree","Neither Agree nor Disagree","Agree","Do Not Recall","Neither Agree nor Disagree","Neither Agree nor Disagree","Agree","Neither Agree nor Disagree","Strongly Agree","Disagree","Disagree","Disagree","Strongly Agree","Strongly Agree","Disagree","Agree","Strongly Disagree","Agree","Strongly Agree","Strongly Agree","Strongly Agree","Strongly Disagree","Agree","Agree","Agree","Strongly Agree","Agree","Disagree","Agree","Strongly Disagree","Strongly Agree","Research Participation: I consent to provide data from my research experience to researchers for analysis","Participation"
"15502","20","Female","93%","Much","A fair amount","Much","Much","Much","A little","A fair amount","Much","Very much","A fair amount","Much","A fair amount","Not at all","Much","A little","Much","Not at all","Not at all","A little","Not at all","Not at all","A little","A little","A little","A little","A little","Not at all","Much","A little","A fair amount","Not at all","7 - Corresponds exactly","3 - Corresponds a little","4 - Corresponds moderately","1 - Does not correspond at all","2","1 - Does not correspond at all","4 - Corresponds moderately","7 - Corresponds exactly","3 - Corresponds a little","6","1 - Does not correspond at all","1 - Does not correspond at all","3 - Corresponds a little","5 - Corresponds a lot","7 - Corresponds exactly","5 - Corresponds a lot","7 - Corresponds exactly","1 - Does not correspond at all","1 - Does not correspond at all","2","6","7 - Corresponds exactly","3 - Corresponds a little","5 - Corresponds a lot","2","1 - Does not correspond at all","2","3 - Corresponds a little","Almost Never","Often","Almost Never","Sometimes","Almost Never","Almost Never","Sometimes","Almost Never","Often","Sometimes","Sometimes","Almost Always","Almost Always","Almost Never","Almost Never","Sometimes","Sometimes","Often","Often","Sometimes","Sometimes","Not at all","Not at all","Mildly - but it didn't bother me much","Moderately - it wasn't pleasant at times","Not at all","Not at all","Moderately - it wasn't pleasant at times","Moderately - it wasn't pleasant at times","Not at all","Mildly - but it didn't bother me much","Not at all","Mildly - but it didn't bother me much","Mildly - but it didn't bother me much","Not at all","Not at all","Not at all","Mildly - but it didn't bother me much","Not at all","Not at all","Mildly - but it didn't bother me much","Not at all","1 - Not at all typical of me","3","1 - Not at all typical of me","4","4","4","3","2","5 - Very typical of me","1 - Not at all typical of me","1 - Not at all typical of me","5 - Very typical of me","5 - Very typical of me","4","2","2","4","Strongly Agree","Strongly Agree","Do Not Recall","Strongly Agree","Disagree","Strongly Disagree","Strongly Agree","Strongly Agree","Disagree","Agree","Agree","Neither Agree nor Disagree","Strongly Disagree","Disagree","Agree","Disagree","Strongly Disagree","Strongly Agree","Agree","Neither Agree nor Disagree","Agree","Disagree","Agree","Agree","Agree","Strongly Disagree","Agree","Disagree","Agree","Agree","Disagree","Agree","Agree","Disagree","Agree","Do Not Recall","Disagree","Strongly Disagree","Strongly Disagree","Strongly Disagree","Do Not Recall","Strongly Disagree","Strongly Disagree","Strongly Agree","Strongly Disagree","Do Not Recall","Disagree","Research Participation: I consent to provide data from my research experience to researchers for analysis","Participation"
"18974","20","female","60%","Very much","Much","Very much","Very much","Very much","Very much","Very much","Very much","Very much","Very much","Very much","Very much","Much","Very much","Much","Not at all","Not at all","Not at all","Very much","Very much","A little","Very much","A little","Very much","Much","Much","A little","A fair amount","Not at all","A little","Not at all","3 - Corresponds a little","7 - Corresponds exactly","7 - Corresponds exactly","5 - Corresponds a lot","1 - Does not correspond at all","4 - Corresponds moderately","7 - Corresponds exactly","5 - Corresponds a lot","7 - Corresponds exactly","6","7 - Corresponds exactly","1 - Does not correspond at all","5 - Corresponds a lot","4 - Corresponds moderately","5 - Corresponds a lot","7 - Corresponds exactly","6","5 - Corresponds a lot","1 - Does not correspond at all","6","7 - Corresponds exactly","5 - Corresponds a lot","7 - Corresponds exactly","7 - Corresponds exactly","6","1 - Does not correspond at all","6","7 - Corresponds exactly","Sometimes","Often","Often","Often","Almost Always","Sometimes","Often","Almost Never","Almost Always","Often","Almost Always","Often","Almost Always","Often","Sometimes","Often","Almost Always","Almost Always","Often","Almost Always","Almost Always","Moderately - it wasn't pleasant at times","Mildly - but it didn't bother me much","Severely - it bothered me a lot","Severely - it bothered me a lot","Severely - it bothered me a lot","Severely - it bothered me a lot","Severely - it bothered me a lot","Severely - it bothered me a lot","Severely - it bothered me a lot","Moderately - it wasn't pleasant at times","Severely - it bothered me a lot","Moderately - it wasn't pleasant at times","Moderately - it wasn't pleasant at times","Moderately - it wasn't pleasant at times","Severely - it bothered me a lot","Severely - it bothered me a lot","Severely - it bothered me a lot","Moderately - it wasn't pleasant at times","Severely - it bothered me a lot","Severely - it bothered me a lot","Mildly - but it didn't bother me much","1 - Not at all typical of me","5 - Very typical of me","1 - Not at all typical of me","4","4","5 - Very typical of me","5 - Very typical of me","2","5 - Very typical of me","1 - Not at all typical of me","3","5 - Very typical of me","5 - Very typical of me","4","5 - Very typical of me","5 - Very typical of me","5 - Very typical of me","Strongly Agree","Strongly Agree","Strongly Agree","Neither Agree nor Disagree","Strongly Disagree","Disagree","Strongly Agree","Strongly Agree","Agree","Agree","Neither Agree nor Disagree","Strongly Agree","Disagree","Agree","Disagree","Strongly Agree","Neither Agree nor Disagree","Agree","Agree","Agree","Disagree","Strongly Agree","Agree","Strongly Disagree","Agree","Strongly Disagree","Neither Agree nor Disagree","Disagree","Agree","Agree","Agree","Agree","Strongly Agree","Disagree","Agree","Strongly Agree","Neither Agree nor Disagree","Strongly Agree","Strongly Disagree","Strongly Disagree","Strongly Disagree","Disagree","Strongly Disagree","Neither Agree nor Disagree","Strongly Disagree","Strongly Agree","Neither Agree nor Disagree","Research Participation: I consent to provide data from my research experience to researchers for analysis","Participation"
"17185","21","female","92 ","A fair amount","Much","A fair amount","A fair amount","Very much","Much","Much","A little","Much","A little","Much","A little","Not at all","Very much","A little","A fair amount","Not at all","Not at all","Not at all","Much","A little","A little","Not at all","Not at all","A fair amount","A little","Not at all","A fair amount","A little","A little","Not at all","5 - Corresponds a lot","4 - Corresponds moderately","7 - Corresponds exactly","3 - Corresponds a little","2","3 - Corresponds a little","4 - Corresponds moderately","7 - Corresponds exactly","4 - Corresponds moderately","7 - Corresponds exactly","1 - Does not correspond at all","2","5 - Corresponds a lot","5 - Corresponds a lot","7 - Corresponds exactly","5 - Corresponds a lot","7 - Corresponds exactly","1 - Does not correspond at all","1 - Does not correspond at all","3 - Corresponds a little","5 - Corresponds a lot","7 - Corresponds exactly","5 - Corresponds a lot","7 - Corresponds exactly","1 - Does not correspond at all","2","4 - Corresponds moderately","7 - Corresponds exactly","Almost Never","Often","Almost Always","Almost Never","Sometimes","Almost Never","Often","Almost Never","Often","Sometimes","Often","Sometimes","Almost Always","Sometimes","Sometimes","Often","Often","Often","Often","Often","Almost Never","Mildly - but it didn't bother me much","Moderately - it wasn't pleasant at times","Mildly - but it didn't bother me much","Severely - it bothered me a lot","Severely - it bothered me a lot","Severely - it bothered me a lot","Severely - it bothered me a lot","Mildly - but it didn't bother me much","Moderately - it wasn't pleasant at times","Severely - it bothered me a lot","Severely - it bothered me a lot","Severely - it bothered me a lot","Severely - it bothered me a lot","Severely - it bothered me a lot","Severely - it bothered me a lot","Mildly - but it didn't bother me much","Moderately - it wasn't pleasant at times","Moderately - it wasn't pleasant at times","Severely - it bothered me a lot","Severely - it bothered me a lot","Severely - it bothered me a lot","1 - Not at all typical of me","5 - Very typical of me","1 - Not at all typical of me","5 - Very typical of me","5 - Very typical of me","4","5 - Very typical of me","3","4","1 - Not at all typical of me","1 - Not at all typical of me","5 - Very typical of me","5 - Very typical of me","5 - Very typical of me","4","5 - Very typical of me","5 - Very typical of me","Strongly Agree","Agree","Agree","Strongly Agree","Disagree","Disagree","Do Not Recall","Agree","Agree","Agree","Agree","Strongly Disagree","Disagree","Agree","Agree","Disagree","Strongly Agree","Agree","Agree","Disagree","Agree","Agree","Strongly Agree","Agree","Agree","Strongly Disagree","Strongly Agree","Agree","Agree","Agree","Disagree","Agree","Agree","Neither Agree nor Disagree","Agree","Strongly Agree","Agree","Disagree","Disagree","Strongly Disagree","Strongly Agree","Agree","Disagree","Strongly Agree","Disagree","Strongly Agree","Agree","Research Participation: I consent to provide data from my research experience to researchers for analysis","Participation"
"18960","20","female","90","Very much","Very much","Very much","Very much","Very much","Very much","Much","Much","Very much","Very much","Very much","Very much","A little","Very much","A little","Not at all","Not at all","Not at all","Not at all","A little","A little","A fair amount","A little","A little","Not at all","A little","Not at all","A fair amount","A little","A fair amount","Not at all","5 - Corresponds a lot","3 - Corresponds a little","7 - Corresponds exactly","3 - Corresponds a little","1 - Does not correspond at all","3 - Corresponds a little","7 - Corresponds exactly","7 - Corresponds exactly","3 - Corresponds a little","7 - Corresponds exactly","1 - Does not correspond at all","1 - Does not correspond at all","5 - Corresponds a lot","7 - Corresponds exactly","7 - Corresponds exactly","7 - Corresponds exactly","7 - Corresponds exactly","3 - Corresponds a little","1 - Does not correspond at all","5 - Corresponds a lot","7 - Corresponds exactly","7 - Corresponds exactly","5 - Corresponds a lot","7 - Corresponds exactly","5 - Corresponds a lot","1 - Does not correspond at all","5 - Corresponds a lot","5 - Corresponds a lot","Almost Never","Almost Always","Almost Always","Almost Always","Often","Almost Never","Almost Always","Almost Never","Almost Always","Almost Always","Often","Almost Always","Almost Always","Often","Often","Almost Always","Almost Always","Often","Almost Always","Sometimes","Almost Always","Mildly - but it didn't bother me much","Severely - it bothered me a lot","Mildly - but it didn't bother me much","Severely - it bothered me a lot","Mildly - but it didn't bother me much","Severely - it bothered me a lot","Severely - it bothered me a lot","Moderately - it wasn't pleasant at times","Mildly - but it didn't bother me much","Severely - it bothered me a lot","Not at all","Mildly - but it didn't bother me much","Mildly - but it didn't bother me much","Not at all","Mildly - but it didn't bother me much","Not at all","Mildly - but it didn't bother me much","Mildly - but it didn't bother me much","Mildly - but it didn't bother me much","Severely - it bothered me a lot","Severely - it bothered me a lot","1 - Not at all typical of me","5 - Very typical of me","1 - Not at all typical of me","4","4","3","3","2","5 - Very typical of me","1 - Not at all typical of me","1 - Not at all typical of me","5 - Very typical of me","5 - Very typical of me","5 - Very typical of me","4","4","4","Strongly Agree","Agree","Agree","Neither Agree nor Disagree","Disagree","Disagree","Strongly Disagree","Agree","Agree","Agree","Strongly Disagree","Strongly Agree","Disagree","Agree","Agree","Disagree","Agree","Agree","Agree","Neither Agree nor Disagree","Neither Agree nor Disagree","Strongly Agree","Disagree","Agree","Agree","Strongly Disagree","Disagree","Strongly Agree","Agree","Agree","Neither Agree nor Disagree","Agree","Neither Agree nor Disagree","Agree","Agree","Strongly Agree","Agree","Agree","Agree","Disagree","Neither Agree nor Disagree","Agree","Agree","Strongly Agree","Agree","Strongly Agree","Agree","Research Participation: I consent to provide data from my research experience to researchers for analysis","Participation"
"11504","23","female","90-95","Much","A fair amount","Much","Very much","Very much","Much","Very much","A little","A fair amount","A fair amount","Much","Much","Not at all","A fair amount","A little","A little","Not at all","Not at all","Not at all","A fair amount","A little","A fair amount","A fair amount","Much","A fair amount","A little","Not at all","A little","Not at all","A little","Not at all","5 - Corresponds a lot","5 - Corresponds a lot","7 - Corresponds exactly","2","1 - Does not correspond at all","4 - Corresponds moderately","5 - Corresponds a lot","6","3 - Corresponds a little","7 - Corresponds exactly","2","1 - Does not correspond at all","5 - Corresponds a lot","3 - Corresponds a little","4 - Corresponds moderately","5 - Corresponds a lot","4 - Corresponds moderately","2","1 - Does not correspond at all","5 - Corresponds a lot","5 - Corresponds a lot","5 - Corresponds a lot","4 - Corresponds moderately","5 - Corresponds a lot","3 - Corresponds a little","1 - Does not correspond at all","6","5 - Corresponds a lot","Almost Never","Sometimes","Sometimes","Sometimes","Almost Never","Sometimes","Often","Almost Never","Often","Often","Almost Always","Often","Sometimes","Sometimes","Sometimes","Often","Almost Always","Sometimes","Sometimes","Often","Sometimes","Not at all","Not at all","Not at all","Moderately - it wasn't pleasant at times","Not at all","Mildly - but it didn't bother me much","Moderately - it wasn't pleasant at times","Mildly - but it didn't bother me much","Not at all","Severely - it bothered me a lot","Not at all","Mildly - but it didn't bother me much","Not at all","Not at all","Not at all","Not at all","Not at all","Not at all","Not at all","Severely - it bothered me a lot","Severely - it bothered me a lot","1 - Not at all typical of me","4","1 - Not at all typical of me","5 - Very typical of me","4","4","2","2","4","1 - Not at all typical of me","3","5 - Very typical of me","4","4","3","4","5 - Very typical of me","Agree","Neither Agree nor Disagree","Disagree","Agree","Do Not Recall","Disagree","Agree","Agree","Strongly Agree","Strongly Agree","Disagree","Disagree","Disagree","Disagree","Agree","Agree","Disagree","Agree","Agree","Neither Agree nor Disagree","Agree","Agree","Agree","Neither Agree nor Disagree","Agree","Strongly Disagree","Strongly Agree","Agree","Strongly Agree","Strongly Agree","Disagree","Agree","Disagree","Agree","Strongly Agree","Agree","Agree","Strongly Disagree","Neither Agree nor Disagree","Neither Agree nor Disagree","Agree","Agree","Neither Agree nor Disagree","Neither Agree nor Disagree","Disagree","Agree","Agree","Research Participation: I consent to provide data from my research experience to researchers for analysis","Participation"
"11378","21","Woman","95","Very much","Much","Very much","A fair amount","A fair amount","A fair amount","A fair amount","Much","Very much","A little","Very much","Very much","Not at all","A little","Much","Not at all","Not at all","Not at all","A little","A little","Not at all","Very much","Very much","A little","Not at all","Not at all","Not at all","A little","Not at all","A fair amount","Not at all","7 - Corresponds exactly","7 - Corresponds exactly","7 - Corresponds exactly","6","1 - Does not correspond at all","5 - Corresponds a lot","7 - Corresponds exactly","4 - Corresponds moderately","7 - Corresponds exactly","6","6","1 - Does not correspond at all","5 - Corresponds a lot","7 - Corresponds exactly","7 - Corresponds exactly","7 - Corresponds exactly","6","6","1 - Does not correspond at all","7 - Corresponds exactly","7 - Corresponds exactly","7 - Corresponds exactly","7 - Corresponds exactly","6","6","1 - Does not correspond at all","7 - Corresponds exactly","7 - Corresponds exactly","Often","Sometimes","Sometimes","Sometimes","Sometimes","Almost Never","Sometimes","Almost Never","Often","Sometimes","Almost Never","Sometimes","Sometimes","Sometimes","Almost Never","Almost Never","Sometimes","Almost Never","Almost Never","Sometimes","Often","Not at all","Mildly - but it didn't bother me much","Not at all","Moderately - it wasn't pleasant at times","Moderately - it wasn't pleasant at times","Moderately - it wasn't pleasant at times","Moderately - it wasn't pleasant at times","Not at all","Moderately - it wasn't pleasant at times","Moderately - it wasn't pleasant at times","Moderately - it wasn't pleasant at times","Mildly - but it didn't bother me much","Mildly - but it didn't bother me much","Not at all","Mildly - but it didn't bother me much","Moderately - it wasn't pleasant at times","Moderately - it wasn't pleasant at times","Mildly - but it didn't bother me much","Not at all","Not at all","Mildly - but it didn't bother me much","1 - Not at all typical of me","2","2","3","4","3","2","2","4","1 - Not at all typical of me","5 - Very typical of me","5 - Very typical of me","4","4","1 - Not at all typical of me","2","3","Agree","Strongly Disagree","Strongly Agree","Disagree","Agree","Agree","Strongly Disagree","Neither Agree nor Disagree","Disagree","Disagree","Strongly Disagree","Agree","Disagree","Strongly Disagree","Agree","Strongly Disagree","Strongly Agree","Disagree","Disagree","Disagree","Agree","Strongly Disagree","Agree","Strongly Disagree","Strongly Agree","Strongly Disagree","Strongly Disagree","Strongly Disagree","Agree","Strongly Agree","Strongly Agree","Agree","Strongly Agree","Strongly Disagree","Agree","Agree","Strongly Disagree","Strongly Disagree","Neither Agree nor Disagree","Disagree","Strongly Agree","Strongly Disagree","Agree","Strongly Agree","Agree","Agree","Agree","Research Participation: I consent to provide data from my research experience to researchers for analysis","Participation"
"12933","20","Female","80","A fair amount","A fair amount","A fair amount","Much","Much","Much","Much","A little","A fair amount","A fair amount","A little","Much","A fair amount","Much","A fair amount","Much","A little","A little","Much","A fair amount","Much","Very much","A fair amount","A fair amount","A fair amount","A fair amount","A fair amount","Much","","Much","Not at all","2","4 - Corresponds moderately","4 - Corresponds moderately","2","1 - Does not correspond at all","2","7 - Corresponds exactly","4 - Corresponds moderately","5 - Corresponds a lot","2","2","2","2","6","5 - Corresponds a lot","4 - Corresponds moderately","4 - Corresponds moderately","1 - Does not correspond at all","1 - Does not correspond at all","6","7 - Corresponds exactly","3 - Corresponds a little","4 - Corresponds moderately","3 - Corresponds a little","2","1 - Does not correspond at all","6","6","Sometimes","Sometimes","Often","Often","Almost Never","Sometimes","Often","Almost Never","Often","Often","Often","Often","Sometimes","Almost Never","Often","Sometimes","Almost Always","Often","Sometimes","Sometimes","Often","Not at all","Mildly - but it didn't bother me much","Mildly - but it didn't bother me much","Moderately - it wasn't pleasant at times","Moderately - it wasn't pleasant at times","Mildly - but it didn't bother me much","Mildly - but it didn't bother me much","Mildly - but it didn't bother me much","Moderately - it wasn't pleasant at times","Moderately - it wasn't pleasant at times","Moderately - it wasn't pleasant at times","Not at all","Mildly - but it didn't bother me much","Not at all","Not at all","Not at all","Mildly - but it didn't bother me much","Mildly - but it didn't bother me much","Not at all","Mildly - but it didn't bother me much","Mildly - but it didn't bother me much","2","4","2","4","5 - Very typical of me","4","3","2","4","1 - Not at all typical of me","2","5 - Very typical of me","3","4","3","3","3","Strongly Agree","Agree","Neither Agree nor Disagree","Strongly Agree","Strongly Agree","Disagree","Agree","Strongly Agree","Agree","Agree","Agree","Neither Agree nor Disagree","Disagree","Agree","Agree","Disagree","Disagree","Agree","Agree","Agree","Agree","Strongly Agree","Agree","Agree","Agree","Neither Agree nor Disagree","Neither Agree nor Disagree","Disagree","Disagree","Agree","Agree","Agree","Neither Agree nor Disagree","Disagree","Agree","Neither Agree nor Disagree","Agree","Agree","Disagree","Disagree","Disagree","Neither Agree nor Disagree","Disagree","Disagree","Disagree","Disagree","Neither Agree nor Disagree","Research Participation: I consent to provide data from my research experience to researchers for analysis","Participation"
"11383","20","Female","97","A fair amount","Very much","Much","A fair amount","A fair amount","A fair amount","Much","Much","Much","Much","Much","A fair amount","A little","Much","Much","Not at all","Not at all","Not at all","Not at all","A fair amount","Not at all","Not at all","Not at all","Not at all","A little","Not at all","Not at all","Not at all","Not at all","Not at all","Not at all","5 - Corresponds a lot","6","7 - Corresponds exactly","6","1 - Does not correspond at all","6","3 - Corresponds a little","7 - Corresponds exactly","6","7 - Corresponds exactly","6","1 - Does not correspond at all","6","7 - Corresponds exactly","5 - Corresponds a lot","6","6","6","1 - Does not correspond at all","6","7 - Corresponds exactly","5 - Corresponds a lot","6","2","6","1 - Does not correspond at all","7 - Corresponds exactly","3 - Corresponds a little","Often","Sometimes","Almost Never","Almost Never","Almost Never","Almost Never","Sometimes","Almost Never","Almost Always","Sometimes","Almost Always","Almost Never","Sometimes","Almost Never","Almost Never","Sometimes","Sometimes","Almost Never","Almost Never","Sometimes","Almost Never","Mildly - but it didn't bother me much","Moderately - it wasn't pleasant at times","Mildly - but it didn't bother me much","Severely - it bothered me a lot","Moderately - it wasn't pleasant at times","Mildly - but it didn't bother me much","Severely - it bothered me a lot","Mildly - but it didn't bother me much","Not at all","Severely - it bothered me a lot","Not at all","Moderately - it wasn't pleasant at times","Moderately - it wasn't pleasant at times","Not at all","Moderately - it wasn't pleasant at times","Not at all","Not at all","Mildly - but it didn't bother me much","Mildly - but it didn't bother me much","Mildly - but it didn't bother me much","Moderately - it wasn't pleasant at times","1 - Not at all typical of me","4","2","3","4","4","5 - Very typical of me","3","5 - Very typical of me","1 - Not at all typical of me","2","5 - Very typical of me","5 - Very typical of me","5 - Very typical of me","3","5 - Very typical of me","5 - Very typical of me","Agree","Strongly Agree","Agree","Agree","Disagree","Disagree","Disagree","Agree","Strongly Agree","Agree","Agree","Strongly Disagree","Strongly Disagree","Strongly Agree","Agree","Strongly Disagree","Disagree","Agree","Agree","Agree","Strongly Agree","Agree","Strongly Agree","Agree","Agree","Strongly Disagree","Disagree","Disagree","Disagree","Disagree","Disagree","Agree","Agree","Strongly Disagree","Strongly Agree","Agree","Disagree","Strongly Disagree","Disagree","Agree","Strongly Agree","Agree","Agree","Disagree","Agree","Agree","Agree","Research Participation: I consent to provide data from my research experience to researchers for analysis","Participation"
"18720","19","Female","94","Much","Much","Very much","Very much","Very much","Much","Much","A little","Much","A little","Not at all","Much","Much","Very much","Not at all","A little","A little","A little","Much","A fair amount","Not at all","Very much","Much","A fair amount","Very much","Much","Much","A little","Not at all","Not at all","Not at all","7 - Corresponds exactly","3 - Corresponds a little","7 - Corresponds exactly","2","2","1 - Does not correspond at all","5 - Corresponds a lot","7 - Corresponds exactly","1 - Does not correspond at all","7 - Corresponds exactly","1 - Does not correspond at all","6","3 - Corresponds a little","3 - Corresponds a little","7 - Corresponds exactly","1 - Does not correspond at all","6","1 - Does not correspond at all","2","2","1 - Does not correspond at all","7 - Corresponds exactly","2","3 - Corresponds a little","1 - Does not correspond at all","1 - Does not correspond at all","2","4 - Corresponds moderately","Almost Never","Often","Often","Often","Almost Always","Often","Almost Always","Almost Never","Almost Always","Almost Always","Almost Always","Often","Almost Always","Almost Always","Almost Always","Almost Always","Almost Always","Almost Always","Almost Always","Almost Always","Almost Always","Not at all","Mildly - but it didn't bother me much","Moderately - it wasn't pleasant at times","Severely - it bothered me a lot","Severely - it bothered me a lot","Moderately - it wasn't pleasant at times","Moderately - it wasn't pleasant at times","Moderately - it wasn't pleasant at times","Severely - it bothered me a lot","Severely - it bothered me a lot","Mildly - but it didn't bother me much","Moderately - it wasn't pleasant at times","Moderately - it wasn't pleasant at times","Moderately - it wasn't pleasant at times","Moderately - it wasn't pleasant at times","Not at all","Moderately - it wasn't pleasant at times","Moderately - it wasn't pleasant at times","Moderately - it wasn't pleasant at times","Mildly - but it didn't bother me much","Moderately - it wasn't pleasant at times","1 - Not at all typical of me","4","1 - Not at all typical of me","4","4","5 - Very typical of me","4","1 - Not at all typical of me","5 - Very typical of me","1 - Not at all typical of me","1 - Not at all typical of me","5 - Very typical of me","4","2","4","4","5 - Very typical of me","Agree","Strongly Agree","Neither Agree nor Disagree","Agree","Neither Agree nor Disagree","Neither Agree nor Disagree","Disagree","Agree","Disagree","Neither Agree nor Disagree","Agree","Strongly Disagree","Disagree","Neither Agree nor Disagree","Neither Agree nor Disagree","Strongly Disagree","Neither Agree nor Disagree","Strongly Agree","Neither Agree nor Disagree","Agree","Strongly Agree","Neither Agree nor Disagree","Agree","Disagree","Strongly Agree","Neither Agree nor Disagree","Strongly Disagree","Strongly Disagree","Strongly Disagree","Strongly Agree","Neither Agree nor Disagree","Agree","Neither Agree nor Disagree","Strongly Disagree","Neither Agree nor Disagree","Agree","Strongly Disagree","Neither Agree nor Disagree","Strongly Disagree","Disagree","Neither Agree nor Disagree","Strongly Agree","Neither Agree nor Disagree","Strongly Agree","Strongly Disagree","Agree","Neither Agree nor Disagree","Research Participation: I consent to provide data from my research experience to researchers for analysis","Participation"
"18978","17","female","97","Much","A little","Much","A fair amount","A fair amount","Much","Much","Much","Very much","A little","","A fair amount","A fair amount","Much","A fair amount","Much","Not at all","Not at all","Not at all","Not at all","Not at all","Not at all","Very much","A fair amount","Very much","Not at all","Not at all","Not at all","Not at all","Not at all","Not at all","5 - Corresponds a lot","1 - Does not correspond at all","1 - Does not correspond at all","1 - Does not correspond at all","1 - Does not correspond at all","6","7 - Corresponds exactly","7 - Corresponds exactly","5 - Corresponds a lot","7 - Corresponds exactly","1 - Does not correspond at all","1 - Does not correspond at all","1 - Does not correspond at all","7 - Corresponds exactly","7 - Corresponds exactly","7 - Corresponds exactly","7 - Corresponds exactly","1 - Does not correspond at all","1 - Does not correspond at all","1 - Does not correspond at all","7 - Corresponds exactly","7 - Corresponds exactly","1 - Does not correspond at all","1 - Does not correspond at all","1 - Does not correspond at all","1 - Does not correspond at all","1 - Does not correspond at all","7 - Corresponds exactly","Sometimes","Often","Sometimes","Almost Always","Almost Never","Almost Never","Almost Always","Almost Never","Almost Always","Almost Always","Almost Always","Almost Always","Almost Always","Sometimes","Sometimes","Almost Always","Almost Always","Almost Always","Sometimes","Almost Always","Often","Not at all","Moderately - it wasn't pleasant at times","Moderately - it wasn't pleasant at times","Severely - it bothered me a lot","Severely - it bothered me a lot","Severely - it bothered me a lot","Severely - it bothered me a lot","Severely - it bothered me a lot","Severely - it bothered me a lot","Severely - it bothered me a lot","","Moderately - it wasn't pleasant at times","Moderately - it wasn't pleasant at times","Severely - it bothered me a lot","Mildly - but it didn't bother me much","Not at all","Moderately - it wasn't pleasant at times","Not at all","Moderately - it wasn't pleasant at times","Moderately - it wasn't pleasant at times","Moderately - it wasn't pleasant at times","1 - Not at all typical of me","5 - Very typical of me","1 - Not at all typical of me","5 - Very typical of me","5 - Very typical of me","5 - Very typical of me","5 - Very typical of me","5 - Very typical of me","5 - Very typical of me","1 - Not at all typical of me","1 - Not at all typical of me","5 - Very typical of me","5 - Very typical of me","5 - Very typical of me","5 - Very typical of me","5 - Very typical of me","5 - Very typical of me","Strongly Agree","Strongly Agree","Disagree","Agree","Agree","Strongly Disagree","Strongly Agree","Strongly Agree","Strongly Agree","Strongly Agree","Strongly Agree","Neither Agree nor Disagree","Disagree","Do Not Recall","Agree","Disagree","Disagree","Agree","Agree","Agree","Agree","Agree","Agree","Strongly Agree","Strongly Agree","Disagree","Strongly Disagree","Strongly Disagree","Strongly Disagree","Strongly Disagree","Disagree","Agree","Disagree","Strongly Agree","Strongly Agree","Strongly Agree","Strongly Agree","Strongly Disagree","Agree","Disagree","Strongly Agree","Disagree","Disagree","Agree","Strongly Disagree","Agree","Agree","Research Participation: I consent to provide data from my research experience to researchers for analysis","Participation"
"18854","37","male","60","Very much","Much","Much","Very much","Very much","Much","Very much","Very much","Very much","A fair amount","Much","Much","A fair amount","Much","Much","Much","Much","A little","A fair amount","A little","Much","Much","Much","A fair amount","A little","A little","A little","Much","A fair amount","Much","Not at all","5 - Corresponds a lot","5 - Corresponds a lot","6","6","2","5 - Corresponds a lot","7 - Corresponds exactly","7 - Corresponds exactly","7 - Corresponds exactly","7 - Corresponds exactly","6","4 - Corresponds moderately","5 - Corresponds a lot","5 - Corresponds a lot","6","4 - Corresponds moderately","5 - Corresponds a lot","5 - Corresponds a lot","1 - Does not correspond at all","5 - Corresponds a lot","5 - Corresponds a lot","6","6","6","5 - Corresponds a lot","1 - Does not correspond at all","5 - Corresponds a lot","7 - Corresponds exactly","Sometimes","Often","Often","Often","Often","Sometimes","Often","Almost Never","Almost Always","Almost Always","Almost Always","Almost Always","Almost Always","Almost Always","Almost Always","Almost Always","Almost Always","Almost Always","Often","Almost Always","Almost Always","Mildly - but it didn't bother me much","Severely - it bothered me a lot","Not at all","Severely - it bothered me a lot","Moderately - it wasn't pleasant at times","Not at all","Mildly - but it didn't bother me much","Mildly - but it didn't bother me much","Moderately - it wasn't pleasant at times","Severely - it bothered me a lot","Not at all","Mildly - but it didn't bother me much","Mildly - but it didn't bother me much","Moderately - it wasn't pleasant at times","Severely - it bothered me a lot","Not at all","Moderately - it wasn't pleasant at times","Severely - it bothered me a lot","Mildly - but it didn't bother me much","Severely - it bothered me a lot","Severely - it bothered me a lot","1 - Not at all typical of me","5 - Very typical of me","1 - Not at all typical of me","5 - Very typical of me","5 - Very typical of me","5 - Very typical of me","5 - Very typical of me","1 - Not at all typical of me","5 - Very typical of me","1 - Not at all typical of me","1 - Not at all typical of me","5 - Very typical of me","5 - Very typical of me","5 - Very typical of me","5 - Very typical of me","5 - Very typical of me","5 - Very typical of me","Agree","Agree","Disagree","Agree","Strongly Agree","Disagree","Agree","Agree","Agree","Agree","Agree","Agree","Agree","Agree","Neither Agree nor Disagree","Agree","Disagree","Disagree","Agree","Agree","Strongly Agree","Agree","Agree","Disagree","Agree","Agree","Strongly Disagree","Disagree","Strongly Agree","Strongly Agree","Disagree","Agree","Disagree","Strongly Agree","Strongly Agree","Strongly Agree","Strongly Agree","Disagree","Neither Agree nor Disagree","Neither Agree nor Disagree","Neither Agree nor Disagree","Agree","Neither Agree nor Disagree","Agree","Disagree","Agree","Agree","Research Participation: I consent to provide data from my research experience to researchers for analysis","Participation"
"11482","21","f","88","A fair amount","","Very much","Very much","Much","A little","A fair amount","A fair amount","A fair amount","A fair amount","Much","Much","A little","Very much","A fair amount","A fair amount","A little","A little","A fair amount","A little","A little","Much","A little","Much","Much","Much","Not at all","A little","A little","A little","Not at all","6","4 - Corresponds moderately","5 - Corresponds a lot","6","2","4 - Corresponds moderately","6","6","3 - Corresponds a little","6","4 - Corresponds moderately","5 - Corresponds a lot","4 - Corresponds moderately","6","7 - Corresponds exactly","6","6","4 - Corresponds moderately","2","4 - Corresponds moderately","6","7 - Corresponds exactly","4 - Corresponds moderately","6","5 - Corresponds a lot","2","4 - Corresponds moderately","7 - Corresponds exactly","Almost Never","Almost Never","Often","Often","Often","Sometimes","Often","Almost Never","Often","Often","Sometimes","Often","Almost Always","Often","Often","Often","Often","Sometimes","Often","Sometimes","Often","Not at all","Mildly - but it didn't bother me much","Mildly - but it didn't bother me much","","Severely - it bothered me a lot","Moderately - it wasn't pleasant at times","Moderately - it wasn't pleasant at times","Moderately - it wasn't pleasant at times","Severely - it bothered me a lot","Severely - it bothered me a lot","Mildly - but it didn't bother me much","Moderately - it wasn't pleasant at times","Moderately - it wasn't pleasant at times","Severely - it bothered me a lot","Severely - it bothered me a lot","Moderately - it wasn't pleasant at times","Moderately - it wasn't pleasant at times","Mildly - but it didn't bother me much","Severely - it bothered me a lot","Mildly - but it didn't bother me much","Severely - it bothered me a lot","2","4","1 - Not at all typical of me","4","4","4","4","1 - Not at all typical of me","2","2","3","5 - Very typical of me","3","4","5 - Very typical of me","4","5 - Very typical of me","Strongly Agree","Strongly Agree","Disagree","Agree","Disagree","Disagree","Agree","Strongly Agree","Agree","Strongly Agree","Agree","Neither Agree nor Disagree","Disagree","Strongly Agree","Strongly Agree","Disagree","Disagree","Agree","Agree","Agree","Strongly Agree","Disagree","Strongly Agree","Neither Agree nor Disagree","Agree","Neither Agree nor Disagree","Strongly Agree","Strongly Agree","Strongly Agree","","Disagree","Agree","Disagree","Strongly Agree","Strongly Agree","Strongly Agree","Agree","Disagree","Disagree","Disagree","Agree","Neither Agree nor Disagree","Disagree","Strongly Agree","Neither Agree nor Disagree","Strongly Agree","Strongly Agree","Research Participation: I consent to provide data from my research experience to researchers for analysis","Participation"
"18814","29","Male","97","Not at all","Not at all","Not at all","Not at all","A little","Not at all","Not at all","Not at all","A little","Not at all","Not at all","Not at all","Not at all","A little","Not at all","Not at all","Not at all","Not at all","Not at all","A fair amount","Not at all","Not at all","Not at all","Not at all","Not at all","Not at all","Not at all","Not at all","Not at all","Not at all","Not at all","2","5 - Corresponds a lot","7 - Corresponds exactly","1 - Does not correspond at all","1 - Does not correspond at all","6","6","6","7 - Corresponds exactly","7 - Corresponds exactly","7 - Corresponds exactly","1 - Does not correspond at all","7 - Corresponds exactly","1 - Does not correspond at all","3 - Corresponds a little","7 - Corresponds exactly","7 - Corresponds exactly","7 - Corresponds exactly","1 - Does not correspond at all","7 - Corresponds exactly","1 - Does not correspond at all","1 - Does not correspond at all","7 - Corresponds exactly","7 - Corresponds exactly","7 - Corresponds exactly","1 - Does not correspond at all","7 - Corresponds exactly","7 - Corresponds exactly","Almost Always","Almost Never","Almost Never","Almost Never","Almost Never","Almost Never","Almost Never","Almost Always","Almost Never","Almost Never","Almost Never","Almost Never","Almost Never","Almost Never","Almost Never","Almost Never","Almost Never","Almost Never","Almost Never","Almost Never","Almost Never","Not at all","Not at all","Mildly - but it didn't bother me much","Moderately - it wasn't pleasant at times","Not at all","Severely - it bothered me a lot","Moderately - it wasn't pleasant at times","Not at all","Not at all","Not at all","Not at all","Moderately - it wasn't pleasant at times","Severely - it bothered me a lot","Not at all","Moderately - it wasn't pleasant at times","Not at all","Not at all","Mildly - but it didn't bother me much","Not at all","Not at all","Not at all","3","1 - Not at all typical of me","2","1 - Not at all typical of me","1 - Not at all typical of me","1 - Not at all typical of me","1 - Not at all typical of me","4","1 - Not at all typical of me","4","5 - Very typical of me","5 - Very typical of me","1 - Not at all typical of me","1 - Not at all typical of me","2","1 - Not at all typical of me","2","Strongly Agree","Strongly Agree","Disagree","Strongly Agree","Strongly Agree","Strongly Disagree","Strongly Agree","Strongly Agree","Strongly Agree","Strongly Agree","Strongly Agree","Strongly Disagree","Strongly Disagree","Strongly Disagree","Strongly Agree","Disagree","Strongly Disagree","Strongly Agree","Strongly Agree","Strongly Agree","Strongly Agree","Strongly Agree","Agree","Agree","Strongly Agree","Strongly Disagree","Strongly Disagree","Strongly Disagree","Strongly Agree","Strongly Agree","Neither Agree nor Disagree","Agree","Strongly Disagree","Strongly Disagree","Agree","Strongly Agree","Strongly Disagree","Strongly Disagree","Strongly Disagree","Strongly Disagree","Strongly Agree","Disagree","Strongly Disagree","Strongly Agree","Strongly Disagree","Strongly Agree","Strongly Disagree","Research Participation: I consent to provide data from my research experience to researchers for analysis","Participation"
